id,effects_ordinal,ordinal,value
GA_Bowguy_AoeProjectileDamage_C,0,0,Cooldown.Global
GA_Bowguy_CastedBouncyProjectileDamage_C,0,0,CustomGrantedTags.Bowguy.AimSlow
GA_Bowguy_CastedBouncyProjectileDamage_C,1,0,Cooldown.Global
GA_Bowguy_CastedProjectileDamage_C,0,0,CustomGrantedTags.Bowguy.AimSlow
GA_Bowguy_CastedProjectileDamage_C,1,0,CustomGrantedTags.Bowguy.CastedProjectileDamage.Buff
GA_Bowguy_CastedProjectileDamage_C,2,0,CustomGrantedTags.Bowguy.RangedAutoAttack.Proc
GA_Bowguy_CastedProjectileDamage_C,3,0,Cooldown.Global
GA_Bowguy_CastedProjectileDamage_C,4,0,CustomGrantedTags.Bowguy.CastedProjectileDamage.Buff
GA_Bowguy_CastedProjectileHeavyDamage_C,0,0,CustomGrantedTags.Bowguy.AimSlow
GA_Bowguy_CastedProjectileHeavyDamage_C,1,0,Cooldown.Global
GA_Bowguy_ChanneledMultiProjectileDebuff_C,0,0,CustomGrantedTags.Bowguy.AimSlow
GA_Bowguy_ChanneledMultiProjectileDebuff_C,1,0,Cooldown.Global
GA_Bowguy_DurationalAoeDamage_C,1,0,CustomGrantedTags.Bowguy.AimSlow
GA_Bowguy_InstantMarkTarget_C,0,0,CustomGrantedTags.Bowguy.InstantMarkTarget.Debuff
GA_Bowguy_InstantMarkTarget_C,3,0,CustomGrantedTags.Bowguy.InstantMarkTarget.Debuff
GA_Bowguy_InstantSingleInterrupt_C,2,0,Status.Silenced
GA_Bowguy_InstantSingleInterrupt_C,2,1,CharacterStatus.Silenced
GA_Bowguy_Passive_InstantMarkTarget_Monitor_C,0,0,CustomGrantedTags.Bowguy.InstantMarkTarget.Debuff
GA_Bowguy_ProcHasteBuff_C,0,0,CustomGrantedTags.Bowguy.ProcHasteBuff
GA_Bowguy_ProcHasteBuff_C,3,0,CustomGrantedTags.Bowguy.ProcHasteBuff
GA_Bowguy_RangedAutoAttack_C,0,0,CustomGrantedTags.Bowguy.RangedAutoAttack.Proc
GA_Bowguy_ReducedCostCooldownRecoveryBuff_C,0,0,CustomGrantedTags.Bowguy.ReducedCostCooldownRecoveryBuff.Buff
GA_Bowguy_ReducedCostCooldownRecoveryBuff_C,1,0,CustomGrantedTags.Bowguy.AimSlow
GA_Bowguy_ReducedCostCooldownRecoveryBuff_C,6,0,CustomGrantedTags.Bowguy.ReducedCostCooldownRecoveryBuff.Buff
GA_Bowguy_SelfBuffForAoeProjectile_C,0,0,CustomGrantedTags.Bowguy.SelfBuffForAoeProjectile
GA_Bowguy_SelfBuffForAoeProjectile_C,3,0,CustomGrantedTags.Bowguy.SelfBuffForAoeProjectile
GA_Bowguy_SingleProjectileDamage_C,0,0,CustomGrantedTags.Bowguy.InstantMarkTarget.Debuff
GA_Bowguy_SingleProjectileDamage_C,1,0,Cooldown.Global
GA_Bowguy_TargetedAoeDamage_C,0,0,Cooldown.Global
GA_Bowguy_TargetedAoePull_C,3,0,CharacterStatus.BlockAllSkills
GA_Bowguy_TargetedAoePull_C,3,1,CharacterStatus.IgnoreActionInput
GA_Bowguy_TargetedAoePull_C,3,2,CharacterStatus.IgnoreMoveInput
GA_Bowguy_TargetedAoePull_C,3,3,CharacterStatus.IgnoreRotationInput
GA_Bowguy_TargetedAoePull_C,3,4,CharacterStatus.IgnorePush
GA_Bowguy_TargetedAoePull_C,3,5,CharacterStatus.IgnoreFallDamage
GA_Firemage_CastedDotBoostProjectile,0,0,CustomGrantedTags.Firemage.Talent.CastedDotDetonate.InstantCastedSingleDot.Proc
GA_Firemage_CastedDotBoostProjectile,1,0,Cooldown.Global
GA_Firemage_CastedDotDetonate,0,0,Cooldown.Global
GA_Firemage_CastedDotDetonate,1,0,Cooldown.Global
GA_Firemage_CastedPlacedAoe,0,0,CharacterStatus.IgnoreActionInput
GA_Firemage_CastedPlacedAoe,0,1,CharacterStatus.IgnoreMoveInput
GA_Firemage_CastedPlacedAoe,0,2,CharacterStatus.BlockAllSkills
GA_Firemage_CastedPlacedAoe,0,3,CharacterStatus.IgnoreRotationInput
GA_Firemage_CastedPlacedAoe,1,0,Cooldown.Global
GA_Firemage_CastedSingleDot2_C,0,0,Cooldown.Global
GA_Firemage_CastedSingleHeavyDot_C,0,0,CustomGrantedTags.Firemage.Dot.Duplicatable
GA_Firemage_CastedSingleHeavyDot_C,1,0,CustomGrantedTags.Firemage.Dot
GA_Firemage_CastedSingleHeavyDot_C,3,0,Cooldown.Global
GA_Firemage_CastedSingleHeavyDot_C,5,0,CustomGrantedTags.Firemage.Dot.Duplicatable
GA_Firemage_ChanneledForwardAoeDamage,0,0,CustomGrantedTags.Firemage.Dot
GA_Firemage_ChanneledForwardAoeDamage,4,0,CustomGrantedTags.Firemage.Dot
GA_Firemage_Firefrogs,0,0,Cooldown.Global
GA_Firemage_Firefrogs,2,0,CustomGrantedTags.Firemage.Dot
GA_Firemage_InstantMultiTargetDot_C,0,0,CustomGrantedTags.Firemage.Dot.Duplicatable
GA_Firemage_InstantSingleInterrupt,1,0,Status.Silenced
GA_Firemage_InstantSingleInterrupt,1,1,CharacterStatus.Silenced
GA_Firemage_Passive_FrogDamageMonitor,0,0,CustomGrantedTags.Firemage.Dot
GA_Firemage_Passive_PlacedProjectileAoeDamageMonitor_Dot,0,0,CustomGrantedTags.Firemage.Dot
GA_Firemage_PlacedProjectileAoe,0,0,CustomGrantedTags.Firemage.Dot
GA_Firemage_PlacedProjectileAoe,1,0,Cooldown.Global
GA_Firemage_PlacedProjectileAoe,3,0,CustomGrantedTags.Firemage.Dot
GA_Gunde_BasicSingleTargetAttack,0,0,Cooldown.Global
GA_Gunde_DotTransfer,0,0,CustomGrantedTags.Gunde.SavedDotDamage.SelfBuff
GA_Gunde_DotTransfer,3,0,CustomGrantedTags.Gunde.SavedDotDamage.SelfBuff
GA_Gunde_DurationalAoeDotAndBuff,0,0,CustomGrantedTags.Gunde.DurationalAoeDotAndBuff.SelfBuff
GA_Gunde_DurationalAoeDotAndBuff,1,0,Cooldown.Global
GA_Gunde_DurationalAoeDotAndBuff,4,0,CustomGrantedTags.Gunde.DurationalAoeDotAndBuff.SelfBuff
GA_Gunde_HeavyMeleeDotBased,0,0,Cooldown.Global
GA_Gunde_HeavyMeleeDotBoost,0,0,CustomGrantedTags.Gunde.BoostedDotDamage
GA_Gunde_HeavyMeleeDotBoost,1,0,Cooldown.Global
GA_Gunde_InstantAoeWithBuff,1,0,Cooldown.Global
GA_Gunde_InstantWhirlwindAoe,0,0,Cooldown.Global
GA_Gunde_Passive_PerTargetAccumulatedBleed_DotManager,0,0,CustomGrantedTags.Gunde.PerTargetAccumulatedBleed
GA_Gunde_Talent_DotTransfer_Aoe,0,0,CustomGrantedTags.Gunde.SavedDotDamage.SelfBuff
GA_Gunde_Talent_DotTransfer_Aoe,1,0,Cooldown.Global
GA_Gunde_TargetedAoeProjectile,0,0,Cooldown.Global
GA_Ink_AoeAttack_C,0,0,CustomGrantedTags.Ink.AoeAttack.Active
GA_Ink_AoeAttack_C,1,0,Cooldown.Global
GA_Ink_AoeAttack_C,3,0,CustomGrantedTags.Ink.AoeAttack.Active
GA_Ink_AoeFear_C,0,0,CustomGrantedTags.Ink.AoeFear.Active
GA_Ink_AoeFear_C,3,0,CustomGrantedTags.Ink.AoeFear.Active
GA_Ink_AutoAttackBuff_InstantAttack_C,1,0,Cooldown.Global
GA_Ink_BouncyProjectile_C,0,0,Cooldown.Global
GA_Ink_ChargedBuff_C,0,0,CustomGrantedTags.Ink.ChargedBuff
GA_Ink_ChargedBuff_C,3,0,CustomGrantedTags.Ink.ChargedBuff
GA_Ink_CleaveAttack_C,0,0,Cooldown.Global
GA_Ink_CostReductionBuff_C,0,0,CustomGrantedTags.Ink.CostReductionBuff.SelfBuff
GA_Ink_CostReductionBuff_C,3,0,CustomGrantedTags.Ink.CostReductionBuff.SelfBuff
GA_Ink_EnhancedChargedBuff,0,0,CustomGrantedTags.Ink.ChargedBuff
GA_Ink_EnhancedChargedBuff,0,1,CustomGrantedTags.Ink.EnhancedChargedBuff
GA_Ink_EnhancedChargedBuff,4,0,CustomGrantedTags.Ink.ChargedBuff
GA_Ink_EnhancedChargedBuff,4,1,CustomGrantedTags.Ink.EnhancedChargedBuff
GA_Ink_MeleeInterrupt_C,2,0,Status.Silenced
GA_Ink_MeleeInterrupt_C,2,1,CharacterStatus.Silenced
GA_Ink_SecondChanceSingleTargetAttack_C,0,0,Cooldown.Global
GA_Ink_SecondChanceSingleTargetAttack_C,5,0,CustomGrantedTags.Ink.SecondChanceSingleTargetAttack
GA_Ink_SingleTargetHeavyNonSpender_C,0,0,Cooldown.Global
GA_Lisa_AoeStaggerRemovalSpender_C,0,0,Cooldown.Global
GA_Lisa_CastedHeal_C,0,0,Cooldown.Global
GA_Lisa_CastedHeal_C,2,0,CustomGrantedTags.Lisa.Talent.CastedSingleTargetProjectile.CastedHealFromPreviousDamageProc.Proc
GA_Lisa_CastedProjectileDamageIncreaseDebuff_C,0,0,Cooldown.Global
GA_Lisa_CastedSingleTargetDamage_C,0,0,CustomGrantedTags.Lisa.InstantSingleTargetDamageAndDot.Dot
GA_Lisa_CastedSingleTargetDamage_C,1,0,Cooldown.Global
GA_Lisa_ChanneledHealOrDamageProjectiles_C,0,0,Cooldown.Global
GA_Lisa_InstantDamageSpender_C,0,0,Cooldown.Global
GA_Lisa_InstantSelfBuff_C,0,0,CustomGrantedTags.Lisa.InstantSelfBuff.SelfBuff
GA_Lisa_InstantSelfBuff_C,4,0,CustomGrantedTags.Lisa.InstantSelfBuff.SelfBuff
GA_Lisa_InstantSingleTargetDamageAndDot_C,0,0,Cooldown.Global
GA_Lisa_InstantSingleTargetDamageAndDot_C,4,0,CustomGrantedTags.Lisa.InstantSingleTargetDamageAndDot.Dot
GA_Lisa_PauseResourcesAndPartyHealth_C,1,0,CustomGrantedTags.Lisa.PauseResourcesAndPartyHealth.SelfBuff
GA_Lisa_PauseResourcesAndPartyHealth_C,2,0,Cooldown.Global
GA_Lisa_PauseResourcesAndPartyHealth_C,7,0,CustomGrantedTags.Lisa.PauseResourcesAndPartyHealth.SelfBuff
GA_Lisa_SingleAllyDispel_C,0,0,Cooldown.Global
GA_Lisa_SingleTargetDamageImmunityBuff_C,1,0,Cooldown.Global
GA_Lisa_SingleTargetDot_C,1,0,Cooldown.Global
GA_Lisa_SingleTargetrRemovalSpender_C,0,0,Cooldown.Global
GA_Lisa_TargetedAoeSilence_C,0,0,CharacterStatus.Silenced
GA_Lisa_TargetedAoeSilence_C,1,0,Status.Silenced
GA_Lisa_TargetedAoeSilence_C,1,1,CharacterStatus.Silenced
GA_Lisa_TargetedAoeSilence_C,2,0,Cooldown.Global
GA_Lisa_TargetedAoeSilence_C,6,0,CharacterStatus.Silenced
GA_Lisa_TargetedAoeSilence_C,8,0,Status.Silenced
GA_Lisa_TargetedAoeSilence_C,8,1,CharacterStatus.Silenced
GA_Mara_BleedAttackSpender_C,0,0,CustomGrantedTags.Mara.BleedAttackSpender.Bleed
GA_Mara_BleedAttackSpender_C,3,0,CustomGrantedTags.Mara.BleedAttackSpender.Bleed
GA_Mara_ChargedDoubleAttackBuilder_C,2,0,CustomGrantedTags.Mara.ChargedDoubleAttackBuilder.Poison.ActiveTarget
GA_Mara_ChargedDoubleAttackBuilder_C,3,0,CustomGrantedTags.Mara.ChargedDoubleAttackBuilder.Poison.Buff
GA_Mara_CopyCharacterDamage_C,0,0,CustomGrantedTags.Mara.CopyCharacterDamage
GA_Mara_CopyCharacterDamage_C,4,0,CustomGrantedTags.Mara.CopyCharacterDamage
GA_Mara_MeleeInterrupt_C,2,0,Status.Silenced
GA_Mara_MeleeInterrupt_C,2,1,CharacterStatus.Silenced
GA_Mara_Stealth_C,0,0,CustomGrantedTags.Mara.Stealth
GA_Mara_Stealth_C,3,0,CustomGrantedTags.Mara.Stealth
GA_Mara_StunSpender_C,0,0,CharacterStatus.IgnoreActionInput
GA_Mara_StunSpender_C,0,1,CharacterStatus.IgnoreMoveInput
GA_Mara_StunSpender_C,0,2,CharacterStatus.Immobilized
GA_Mara_StunSpender_C,0,3,CharacterStatus.IgnoreRotationInput
GA_Mara_StunSpender_C,0,4,CharacterStatus.BlockAllSkills
GA_Mara_StunSpender_C,3,0,CharacterStatus.IgnoreActionInput
GA_Mara_StunSpender_C,3,1,CharacterStatus.IgnoreMoveInput
GA_Mara_StunSpender_C,3,2,CharacterStatus.Immobilized
GA_Mara_StunSpender_C,3,3,CharacterStatus.IgnoreRotationInput
GA_Mara_StunSpender_C,3,4,CharacterStatus.BlockAllSkills
GA_Mara_Talent_ResetCooldownRefillResources_AbilityReplacer_C,0,0,CustomGrantedTags.Mara.CopyCharacterDamage
GA_Meiko_ChanneledHeavyDamage_C,1,0,CustomGrantedTags.Meiko.MeleeDamageLowHealthSelfBuff
GA_Meiko_DamageSoakBuff_C,0,0,CustomGrantedTags.Meiko.DamageSoakBuff
GA_Meiko_DamageSoakBuff_C,2,0,CustomGrantedTags.Meiko.DamageSoakBuff
GA_Meiko_DamageSoakBuff_C,4,0,CustomGrantedTags.Meiko.DamageSoakBuff.StoneInvinsibilityBuff
GA_Meiko_FrontalAoeDebuff_C,0,0,CharacterStatus.IgnoreActionInput
GA_Meiko_FrontalAoeDebuff_C,0,1,CharacterStatus.IgnoreMoveInput
GA_Meiko_FrontalAoeDebuff_C,0,2,CharacterStatus.BlockAllSkills
GA_Meiko_FrontalAoeDebuff_C,0,3,CharacterStatus.IgnoreRotationInput
GA_Meiko_FrontalAoeDebuff_C,3,0,CharacterStatus.IgnoreActionInput
GA_Meiko_FrontalAoeDebuff_C,3,1,CharacterStatus.IgnoreMoveInput
GA_Meiko_FrontalAoeDebuff_C,3,2,CharacterStatus.BlockAllSkills
GA_Meiko_FrontalAoeDebuff_C,3,3,CharacterStatus.IgnoreRotationInput
GA_Meiko_HighDamageCleave_C,0,0,CustomGrantedTags.Meiko.MeleeDamageSelfBuff
GA_Meiko_InstantSelfDefensive_C,0,0,CustomGrantedTags.Meiko.DamageSoakBuff.StoneInvinsibilityBuff
GA_Meiko_MeleeDamageImmediateSelfBuff_C,0,0,CustomGrantedTags.Meiko.MeleeDamageImmediateSelfBuff
GA_Meiko_MeleeDamageImmediateSelfBuff_C,2,0,CustomGrantedTags.Meiko.MeleeDamageImmediateSelfBuff
GA_Meiko_MeleeDamageLowHealthSelfBuff_C,0,0,CustomGrantedTags.Meiko.MeleeDamageLowHealthSelfBuff
GA_Meiko_MeleeDamageLowHealthSelfBuff_C,2,0,CustomGrantedTags.Meiko.MeleeDamageLowHealthSelfBuff
GA_Meiko_MeleeDamageSelfBuff_C,0,0,CustomGrantedTags.Meiko.MeleeDamageSelfBuff
GA_Meiko_MeleeDamageSelfBuff_C,2,0,CustomGrantedTags.Meiko.MeleeDamageSelfBuff
GA_Meiko_MeleeInterrupt,2,0,Status.Silenced
GA_Meiko_MeleeInterrupt,2,1,CharacterStatus.Silenced
GA_Meiko_Passive_DamageSoakBuff_Monitor_C,1,0,CustomGrantedTags.Meiko.DamageSoakBuff
GA_Meiko_Passive_DamageSoakBuff_Monitor_C,2,0,CustomGrantedTags.Meiko.DamageSoakBuff
GA_Meiko_Passive_DamageSoakBuff_Monitor_C,4,0,CustomGrantedTags.Meiko.DamageSoakBuff.StoneInvinsibilityBuff
GA_Meiko_TauntTotem,0,0,CharacterContext.HasActiveThreatProxy
GA_Meiko_TauntTotem,3,0,CharacterContext.HasActiveThreatProxy
GA_Mosse_BlueButterfly_Recall,0,0,CustomGrantedTags.Mosse.BlueButterfly.SelfBuff
GA_Mosse_BlueButterfly_Recall,1,0,Cooldown.Global
GA_Mosse_BlueButterfly_Recall,4,0,CustomGrantedTags.Mosse.BlueButterfly.SelfBuff
GA_Mosse_BlueButterfly_Recall,5,0,CustomGrantedTags.Mosse.BlueButterfly.TargetBuff
GA_Mosse_BlueButterfly_SendOut,0,0,CustomGrantedTags.Mosse.BlueButterfly.TargetBuff
GA_Mosse_BlueButterfly_SendOut,1,0,Cooldown.Global
GA_Mosse_BlueButterfly_SendOut,5,0,CustomGrantedTags.Mosse.BlueButterfly.SelfBuff
GA_Mosse_BlueButterfly_SendOut,6,0,CustomGrantedTags.Mosse.BlueButterfly.TargetBuff
GA_Mosse_CastedSingleTargetProjectile_C,0,0,Cooldown.Global
GA_Mosse_DurationalAoeHealPlacement_C,1,0,Cooldown.Global
GA_Mosse_ExplosiveMinion_C,0,0,Cooldown.Global
GA_Mosse_HealingAoeTotem,0,0,Cooldown.Global
GA_Mosse_PinkButterfly_Double,1,0,Cooldown.Global
GA_Mosse_PinkButterfly_Simple,1,0,Cooldown.Global
GA_Mosse_PlacedAoeBuff,0,0,Cooldown.Global
GA_Mosse_ProjectileTurrets,0,0,Cooldown.Global
GA_Mosse_SharedHealthBuff_C,0,0,CustomGrantedTags.Mosse.SharedHealthBuff.Buff
GA_Mosse_SharedHealthBuff_C,1,0,Cooldown.Global
GA_Mosse_SharedHealthBuff_C,4,0,CustomGrantedTags.Mosse.SharedHealthBuff.Buff
GA_Mosse_SingleTargetDispel_C,0,0,Cooldown.Global
GA_Rime_AutoProjectileOnResourceGainBuff,0,0,CustomGrantedTags.Rime.AutoProjectileOnResourceGainBuff
GA_Rime_AutoProjectileOnResourceGainBuff,2,0,CustomGrantedTags.Rime.AutoProjectileOnResourceGainBuff
GA_Rime_CastedDebuffAoeDamage,1,0,Cooldown.Global
GA_Rime_CastedProjectileDamageFiller,0,0,Cooldown.Global
GA_Rime_CastedProjectileDamageOrbSpender,1,0,Cooldown.Global
GA_Rime_ChanneledBeamSingleDamage,1,0,Cooldown.Global
GA_Rime_DamageAsAoeHealingBuff,1,0,CustomGrantedTags.Rime.DamageAsAoeHealingBuff.SpiritBuff
GA_Rime_DamageAsAoeHealingBuff,5,0,CustomGrantedTags.Rime.DamageAsAoeHealingBuff.SpiritBuff
GA_Rime_FullResourcesSelfBuff,0,0,CustomGrantedTags.Rime.FullResourcesSelfBuff.BuffActive
GA_Rime_FullResourcesSelfBuff,3,0,CustomGrantedTags.Rime.FullResourcesSelfBuff.BuffActive
GA_Rime_InstantSingleDamage,1,0,Cooldown.Global
GA_Rime_InstantSingleDamage,4,0,CustomGrantedTags.Rime.Talent.InstantSingleDamage.FreeCast.Proc
GA_Rime_InstantSingleInterrupt_C,2,0,Status.Silenced
GA_Rime_InstantSingleInterrupt_C,2,1,CharacterStatus.Silenced
GA_Rime_OnTargetPulsatingAoe_C,0,0,Cooldown.Global
GA_Rime_SelfDefenceBuff_C,0,0,CustomGrantedTags.Rime.SelfDefenceBuff
GA_Rime_SelfDefenceBuff_C,3,0,CustomGrantedTags.Rime.SelfDefenceBuff
GA_Rime_Talent_SpendersSwap_MultiTargets,0,0,Cooldown.Global
GA_Rime_Talent_SpendersSwap_SingleTarget,0,0,Cooldown.Global
GA_Rime_TargetedPeriodicProjectileAoe,0,0,CustomGrantedTags.Rime.Talent.ChanneledBeamSingleDamage.BoostByCritProc.Proc
GA_Rime_TargetedPeriodicProjectileAoe,2,0,Cooldown.Global
GA_Sune_AoeMelee,0,0,Cooldown.Global
GA_Sune_BuffedTargetedCastedHealOrDamage,0,0,CustomGrantedTags.BuffedTargetedCastedHealOrDamage.Buff
GA_Sune_BuffedTargetedCastedHealOrDamage,2,0,CustomGrantedTags.BuffedTargetedCastedHealOrDamage.Buff
GA_Sune_CastedSingleTargetHeal,0,0,Cooldown.Global
GA_Sune_DamageTransferAura,0,0,CustomGrantedTags.Sune.DamageTransferAura.SelfBuff
GA_Sune_DamageTransferAura,6,0,CustomGrantedTags.Sune.DamageTransferAura.SelfBuff
GA_Sune_DroppedPulseAoe,0,0,CustomGrantedTags.Sune.DroppedPulseAoe.InAoe
GA_Sune_DroppedPulseAoe,6,0,CustomGrantedTags.Sune.DroppedPulseAoe.InAoe
GA_Sune_InstantCleaveMelee,0,0,Cooldown.Global
GA_Sune_InstantConeStunAndPull,0,0,CharacterStatus.IgnoreActionInput
GA_Sune_InstantConeStunAndPull,0,1,CharacterStatus.IgnoreMoveInput
GA_Sune_InstantConeStunAndPull,0,2,CharacterStatus.BlockAllSkills
GA_Sune_InstantConeStunAndPull,0,3,CharacterStatus.IgnoreRotationInput
GA_Sune_InstantConeStunAndPull,3,0,CharacterStatus.IgnoreActionInput
GA_Sune_InstantConeStunAndPull,3,1,CharacterStatus.IgnoreMoveInput
GA_Sune_InstantConeStunAndPull,3,2,CharacterStatus.BlockAllSkills
GA_Sune_InstantConeStunAndPull,3,3,CharacterStatus.IgnoreRotationInput
GA_Sune_InstantSingleTargetHealOrDamage,2,0,Cooldown.Global
GA_Sune_SingleTargetFillerMelee,1,0,Cooldown.Global
GA_Sune_SingleTargetInterrupt,2,0,Status.Silenced
GA_Sune_SingleTargetInterrupt,2,1,CharacterStatus.Silenced
GA_Sune_TargetedCastedHealOrDamage,0,0,Cooldown.Global
GA_Vigor_CastedSingleTargetDamage_C,0,0,Cooldown.Global
GA_Vigor_CastedSingleTargetHeal_C,0,0,Cooldown.Global
GA_Vigor_ChargedMovementSpeedSelfBuff_C,1,0,AbilityProcced.Vigor.SingleHealAndInstantAoeHealBonusProc
GA_Vigor_ChargedMovementSpeedSelfBuff_C,1,1,AbilityProcced.Vigor.InstantFrontalConeDamageHealBonusProc
GA_Vigor_ChargedMovementSpeedSelfBuff_C,1,2,EffectStatus.Vigor.PartyHealAndSelfBuff
GA_Vigor_InstantAoeHeal_C,1,0,Cooldown.Global
GA_Vigor_InstantFrontalConeDamageHeal_C,0,0,CustomGrantedTags.Vigor.Talent.InstantFrontalConeDamageHeal.DotProc
GA_Vigor_InstantFrontalConeDamageHeal_C,1,0,Cooldown.Global
GA_Vigor_InstantResourceGain,1,0,CustomGrantedTags.Vigor.InstantResourceGainBuff
GA_Vigor_InstantResourceGain,6,0,CustomGrantedTags.Vigor.InstantResourceGainBuff
GA_Vigor_PartyHealAndSelfBuff_C,0,0,AbilityProcced.Vigor.SingleHealAndInstantAoeHealBonusProc
GA_Vigor_PartyHealAndSelfBuff_C,0,1,AbilityProcced.Vigor.InstantFrontalConeDamageHealBonusProc
GA_Vigor_PartyHealAndSelfBuff_C,0,2,EffectStatus.Vigor.PartyHealAndSelfBuff
GA_Vigor_PartyHealAndSelfBuff_C,1,0,Cooldown.Global
GA_Vigor_PartyHealAndSelfBuff_C,5,0,AbilityProcced.Vigor.SingleHealAndInstantAoeHealBonusProc
GA_Vigor_PartyHealAndSelfBuff_C,5,1,AbilityProcced.Vigor.InstantFrontalConeDamageHealBonusProc
GA_Vigor_PartyHealAndSelfBuff_C,5,2,EffectStatus.Vigor.PartyHealAndSelfBuff
GA_Vigor_Passive_Echo_Monitor_C,0,0,AbilityProcced.Vigor.CastedSingleTargetDamageDoubleHit
GA_Vigor_SingleAllyDispel_C,0,0,Cooldown.Global
GA_Vigor_SingleTargetAbsorb,0,0,CustomGrantedTags.Vigor.Absorb
GA_Vigor_SingleTargetAbsorb,1,0,CustomGrantedTags.Vigor.Talent.SpiritProcBuff.NextRuneSpenderIncreasedPower
GA_Vigor_SingleTargetAbsorb,2,0,Cooldown.Global
GA_Vigor_SingleTargetAbsorb,6,0,CustomGrantedTags.Vigor.Absorb
GA_Vigor_SingleTargetChargedHot_C,0,0,CharacterStatus.Vigor.SingleTargetChargedHot
GA_Vigor_SingleTargetChargedHot_C,1,0,CustomGrantedTags.Vigor.Talent.SpiritProcBuff.NextRuneSpenderIncreasedPower
GA_Vigor_SingleTargetChargedHot_C,2,0,Cooldown.Global
GA_Vigor_SingleTargetChargedHot_C,6,0,CharacterStatus.Vigor.SingleTargetChargedHot
GA_Vigor_SingleTargetDot_C,0,0,CustomGrantedTags.Vigor.SingleTargetDot
GA_Vigor_SingleTargetDot_C,1,0,CustomGrantedTags.Vigor.Talent.SpiritProcBuff.NextRuneSpenderIncreasedPower
GA_Vigor_SingleTargetDot_C,2,0,Cooldown.Global
GA_Vigor_SingleTargetDot_C,6,0,CustomGrantedTags.Vigor.SingleTargetDot
GA_Vigor_SkillshotAoeProjectile,0,0,CustomGrantedTags.Vigor.Talent.SpiritProcBuff.NextRuneSpenderIncreasedPower
GA_Vigor_SkillshotAoeProjectile,1,0,Cooldown.Global
GA_Warmaster_AoeIncite,1,0,CharacterStatus.Incited
GA_Warmaster_AoeIncite,5,0,CharacterStatus.Incited
GA_Warmaster_BouncyProjectile_C,0,0,Cooldown.Global
GA_Warmaster_DefenceBuff_C,0,0,CharacterStatus.ActiveDefence
GA_Warmaster_DefenceBuff_C,2,0,CharacterStatus.ActiveDefence
GA_Warmaster_HeavyMelee_C,0,0,AbilityProcced.Warmaster.MeleeCleaveBonus
GA_Warmaster_HeavyMelee_C,1,0,Cooldown.Global
GA_Warmaster_InstantMeleeCleave,0,0,CustomGrantedTags.Warmaster.Talent.InstantMeleeCleave.Active
GA_Warmaster_InstantMeleeCleave,4,0,Cooldown.Global
GA_Warmaster_InstantMeleeCleave,7,0,CustomGrantedTags.Warmaster.Talent.InstantMeleeCleave.Active
GA_Warmaster_LightMelee_C,0,0,CharacterStatus.Warmaster.Talent.MeleeCleave.Tier2.MeleeCleaveDamageIncreaseFreeCastProc
GA_Warmaster_LightMelee_C,1,0,Cooldown.Global
GA_Warmaster_MeleeAoeSlow_C,0,0,CharacterStatus.BlockAllSkills
GA_Warmaster_MeleeAoeSlow_C,0,1,CharacterStatus.IgnoreMoveInput
GA_Warmaster_MeleeAoeSlow_C,0,2,CharacterStatus.IgnoreRotationInput
GA_Warmaster_MeleeAoeSlow_C,0,3,CharacterStatus.IgnoreActionInput
GA_Warmaster_MeleeAoeSlow_C,3,0,Cooldown.Global
GA_Warmaster_MeleeAoeSlow_C,10,0,CharacterStatus.BlockAllSkills
GA_Warmaster_MeleeAoeSlow_C,10,1,CharacterStatus.IgnoreMoveInput
GA_Warmaster_MeleeAoeSlow_C,10,2,CharacterStatus.IgnoreRotationInput
GA_Warmaster_MeleeAoeSlow_C,10,3,CharacterStatus.IgnoreActionInput
GA_Warmaster_MeleeCleave_C,0,0,CustomGrantedTags.Warmaster.MeleeCleave.Absorb
GA_Warmaster_MeleeCleave_C,0,1,CustomGrantedTags.Warmaster.NoResourceLossSelfBuffActive
GA_Warmaster_MeleeCleave_C,2,0,Cooldown.Global
GA_Warmaster_MeleeCleave_C,4,0,CustomGrantedTags.Warmaster.MeleeCleave.Absorb
GA_Warmaster_MeleeCleave_C,4,1,CustomGrantedTags.Warmaster.NoResourceLossSelfBuffActive
GA_Warmaster_MeleeCleave_C,5,0,CustomGrantedTags.Warmaster.MeleeCleave.AbsorbBuff
GA_Warmaster_MeleeInterrupt_C,2,0,Status.Silenced
GA_Warmaster_MeleeInterrupt_C,2,1,CharacterStatus.Silenced
GA_Warmaster_MoveSpeedBuff,2,0,CustomGrantedTags.Warmaster.MeleeCleave.AbsorbBuff
GA_Warmaster_MoveToTargetStun_C,0,0,CharacterStatus.IgnoreActionInput
GA_Warmaster_MoveToTargetStun_C,0,1,CharacterStatus.IgnoreMoveInput
GA_Warmaster_MoveToTargetStun_C,0,2,CharacterStatus.BlockAllSkills
GA_Warmaster_MoveToTargetStun_C,0,3,CharacterStatus.IgnoreRotationInput
GA_Warmaster_MoveToTargetStun_C,4,0,CharacterStatus.IgnoreActionInput
GA_Warmaster_MoveToTargetStun_C,4,1,CharacterStatus.IgnoreMoveInput
GA_Warmaster_MoveToTargetStun_C,4,2,CharacterStatus.BlockAllSkills
GA_Warmaster_MoveToTargetStun_C,4,3,CharacterStatus.IgnoreRotationInput
GA_Warmaster_NoResourceLossSelfBuff_C,0,0,CustomGrantedTags.Warmaster.NoResourceLossSelfBuffActive
GA_Warmaster_NoResourceLossSelfBuff_C,3,0,CustomGrantedTags.Warmaster.NoResourceLossSelfBuffActive
GA_Warmaster_ShieldSelfBuff,0,0,CustomGrantedTags.Warmaster.ShieldSelfBuff
GA_Warmaster_ShieldSelfBuff,3,0,CustomGrantedTags.Warmaster.ShieldSelfBuff
GE_Firemage_PlacedProjectileAoe_DirectDamageBased_Dot,0,0,CustomGrantedTags.Firemage.Dot
