id,mechanics_effects_ordinal,role,effect,activation
GA_Bowguy_AoeProjectileDamage_C,0,Damage Effect Magical,GE_Bowguy_AoeProjectileDamage_Damage_Magical,baseline_candidate
GA_Bowguy_AoeProjectileDamage_C,1,Damage Effect Physical,GE_Bowguy_AoeProjectileDamage_Damage,baseline_candidate
GA_Bowguy_AoeProjectileDamage_C,2,EffectForShowingStacksAsCharges,GE_Bowguy_AoeProjectileDamage_Proc,baseline_candidate
GA_Bowguy_AoeProjectileDamage_C,3,PaddingCooldownEffectBaseClass,GE_Hero_Shared_PaddingCooldown,baseline_candidate
GA_Bowguy_CastedBouncyProjectileDamage_C,0,DamageEffectRef,GE_Bowguy_CastedBouncyProjectileDamage_Damage,baseline_candidate
GA_Bowguy_CastedBouncyProjectileDamage_C,1,Slow Effect,GE_Bowguy_AimSlow,baseline_candidate
GA_Bowguy_CastedProjectileDamage_C,0,Buff Effect,GE_Bowguy_CastedProjectileDamage_Buff,baseline_candidate
GA_Bowguy_CastedProjectileDamage_C,1,DamageEffectRef,GE_Bowguy_CastedProjectileDamage_Damage,baseline_candidate
GA_Bowguy_CastedProjectileDamage_C,2,ProcEffect,GE_Bowguy_RangedAutoAttack_Proc,baseline_candidate
GA_Bowguy_CastedProjectileDamage_C,3,Slow Effect,GE_Bowguy_AimSlow,baseline_candidate
GA_Bowguy_CastedProjectileHeavyDamage_C,0,BounceCounter Buff,GE_Bowguy_AoeProjectileDamage_Proc,baseline_candidate
GA_Bowguy_CastedProjectileHeavyDamage_C,1,DamageEffectRef,GE_Bowguy_CastedProjectileHeavyDamage_Damage,baseline_candidate
GA_Bowguy_CastedProjectileHeavyDamage_C,2,PaddingCooldownEffectBaseClass,GE_Hero_Shared_PaddingCooldown,baseline_candidate
GA_Bowguy_CastedProjectileHeavyDamage_C,3,Slow Effect,GE_Bowguy_AimSlow,baseline_candidate
GA_Bowguy_ChanneledMultiProjectileDebuff_C,0,CooldownEffectBaseClass,GE_Shared_Cooldown_DefaultScale,baseline_candidate
GA_Bowguy_ChanneledMultiProjectileDebuff_C,1,DamageEffectRef,GE_Bowguy_ChanneledMultiProjectileDebuff_Damage,baseline_candidate
GA_Bowguy_ChanneledMultiProjectileDebuff_C,2,PaddingCooldownEffectBaseClass,GE_Hero_Shared_PaddingCooldown,baseline_candidate
GA_Bowguy_ChanneledMultiProjectileDebuff_C,3,Slow Effect,GE_Bowguy_AimSlow,baseline_candidate
GA_Bowguy_ChargedMoveWithDirection_C,0,Active Effect,GE_Bowguy_ChargedMoveWithDirection_Active,baseline_candidate
GA_Bowguy_ChargedMoveWithDirection_C,1,ChargeGameplayEffectClass,GE_Shared_ChargeCooldownNoHaste,baseline_candidate
GA_Bowguy_ChargedMoveWithDirection_C,2,PaddingCooldownEffectBaseClass,GE_Hero_Shared_PaddingCooldown,baseline_candidate
GA_Bowguy_DurationalAoeDamage_C,0,BuffEffectRef,GE_Bowguy_DurationalAoeDamage_Buff,baseline_candidate
GA_Bowguy_DurationalAoeDamage_C,1,PaddingCooldownEffectBaseClass,GE_Hero_Shared_PaddingCooldown,baseline_candidate
GA_Bowguy_DurationalAoeDamage_C,2,Slow Effect,GE_Bowguy_AimSlow,baseline_candidate
GA_Bowguy_InstantMarkTarget_C,0,CooldownEffectBaseClass,GE_Shared_Cooldown_DefaultScale,baseline_candidate
GA_Bowguy_InstantMarkTarget_C,1,Debuff Effect Ref,GE_Bowguy_InstantMarkTarget_Debuff,baseline_candidate
GA_Bowguy_InstantMarkTarget_C,2,PaddingCooldownEffectBaseClass,GE_Hero_Shared_PaddingCooldown,baseline_candidate
GA_Bowguy_InstantSingleInterrupt_C,0,CooldownEffectBaseClass,GE_Shared_Cooldown_Static,baseline_candidate
GA_Bowguy_InstantSingleInterrupt_C,1,PaddingCooldownEffectBaseClass,GE_Hero_Shared_PaddingCooldown,baseline_candidate
GA_Bowguy_Passive_InstantMarkTarget_Monitor_C,0,AoeDamageEffectRef,GE_Bowguy_InstantMarkTarget_AoeDamage,baseline_candidate
GA_Bowguy_Passive_InstantMarkTarget_Monitor_C,1,DamageEffectRef,GE_Bowguy_InstantMarkTarget_Damage,baseline_candidate
GA_Bowguy_ProcHasteBuff_C,0,Buff Effect,GE_Bowguy_ProcHasteBuff_Buff,baseline_candidate
GA_Bowguy_ProcHasteBuff_C,1,CooldownEffectBaseClass,GE_Shared_Cooldown_DefaultScale,baseline_candidate
GA_Bowguy_ProcHasteBuff_C,2,PaddingCooldownEffectBaseClass,GE_Hero_Shared_PaddingCooldown,baseline_candidate
GA_Bowguy_RangedAutoAttack_C,0,HitEffectRef,GE_Bowguy_RangedAutoAttack_Damage,baseline_candidate
GA_Bowguy_ReducedCostCooldownRecoveryBuff_C,0,BuffEffectRef,GE_Bowguy_ReducedCostCooldownRecoveryBuff_SelfBuff,baseline_candidate
GA_Bowguy_ReducedCostCooldownRecoveryBuff_C,1,PaddingCooldownEffectBaseClass,GE_Hero_Shared_PaddingCooldown,baseline_candidate
GA_Bowguy_ReducedCostCooldownRecoveryBuff_C,2,Slow Effect,GE_Bowguy_AimSlow,baseline_candidate
GA_Bowguy_SelfBuffForAoeProjectile_C,0,Buff Effect,GE_Bowguy_SelfBuffForAoeProjectile_SelfBuff,baseline_candidate
GA_Bowguy_SelfBuffForAoeProjectile_C,1,CooldownEffectBaseClass,GE_Shared_Cooldown_DefaultScale,baseline_candidate
GA_Bowguy_SelfBuffForAoeProjectile_C,2,PaddingCooldownEffectBaseClass,GE_Hero_Shared_PaddingCooldown,baseline_candidate
GA_Bowguy_SelfDefenceBuff_C,0,BuffEffectRef,GE_Bowguy_SelfDefenceBuff_SelfBuff,baseline_candidate
GA_Bowguy_SelfDefenceBuff_C,1,CooldownEffectBaseClass,GE_Shared_Cooldown_DefaultScale,baseline_candidate
GA_Bowguy_SelfDefenceBuff_C,2,PaddingCooldownEffectBaseClass,GE_Hero_Shared_PaddingCooldown,baseline_candidate
GA_Bowguy_SingleProjectileDamage_C,0,DamageEffectRef,GE_Bowguy_SingleProjectileDamage_Damage,baseline_candidate
GA_Bowguy_SingleProjectileDamage_C,1,InstantMarkDebuffRef,GE_Bowguy_InstantMarkTarget_Debuff,baseline_candidate
GA_Bowguy_SingleProjectileDamage_C,2,PaddingCooldownEffectBaseClass,GE_Hero_Shared_PaddingCooldown,baseline_candidate
GA_Bowguy_TargetedAoeDamage_C,0,CooldownEffectBaseClass,GE_Shared_Cooldown_DefaultScale,baseline_candidate
GA_Bowguy_TargetedAoeDamage_C,1,Damage Effect,GE_Bowguy_TargetedAoeDamage_Damage,baseline_candidate
GA_Bowguy_TargetedAoeDamage_C,2,PaddingCooldownEffectBaseClass,GE_Hero_Shared_PaddingCooldown,baseline_candidate
GA_Bowguy_TargetedAoePull_C,0,ChargeGameplayEffectClass,GE_Shared_ChargeCooldownNoHaste,baseline_candidate
GA_Bowguy_TargetedAoePull_C,1,CooldownEffectBaseClass,GE_Shared_Cooldown_DefaultScale,baseline_candidate
GA_Bowguy_TargetedAoePull_C,2,PaddingCooldownEffectBaseClass,GE_Hero_Shared_PaddingCooldown,baseline_candidate
GA_Bowguy_TargetedAoePull_C,3,Slow Effect,GE_Bowguy_TargetedAoePull_Slow,baseline_candidate
GA_Firemage_CastedDotBoostProjectile,0,EffectRef,GE_Firemage_CastedDotBoostProjectile_DamageAndDotBoost,baseline_candidate
GA_Firemage_CastedDotBoostProjectile,1,Talent InstantCastedSingleDot Proc Effect,GE_Firemage_InstantDoubleDot_Buff,talent_candidate
GA_Firemage_CastedDotBoostProjectile,2,TalentCastedDotBoostProjectileBonusBuffEffectRef,GE_Firemage_PlacedProjectileAoe_Talent_CastedDotBoostProjectileBonusBuff,talent_candidate
GA_Firemage_CastedDotDetonate,0,DetonationEffectRef,GE_Firemage_CastedDotDetonate_DetonationDebuff,baseline_candidate
GA_Firemage_CastedPlacedAoe,0,AoeImpactEffectRef,GE_Firemage_CastedPlacedAoe_Damage,baseline_candidate
GA_Firemage_CastedPlacedAoe,1,ChargeGameplayEffectClass,GE_Shared_ChargeCooldownNoHaste,baseline_candidate
GA_Firemage_CastedPlacedAoe,2,CooldownEffectBaseClass,GE_Shared_Cooldown_DefaultScale,baseline_candidate
GA_Firemage_CastedPlacedAoe,3,TalentStunAndCooldownReductionEffectRef,GE_Firemage_Talent_CastedPlacedAoe_StunAndCooldownReduction_Stun,talent_candidate
GA_Firemage_CastedSingleHeavyDot_C,0,ChargeGameplayEffectClass,GE_Shared_ChargeCooldownNoHaste,baseline_candidate
GA_Firemage_CastedSingleHeavyDot_C,1,CooldownEffectBaseClass,GE_Shared_Cooldown_DefaultScale,baseline_candidate
GA_Firemage_CastedSingleHeavyDot_C,2,DotEffectRef,GE_Firemage_CastedSingleHeavyDot_Dot,baseline_candidate
GA_Firemage_CastedSingleHeavyDot_C,3,TalentInstantProcExtraEffectRef,GE_Firemage_InstantSingleTargetDot_Dot,talent_candidate
GA_Firemage_CastedSingleHeavyDot_C,4,TalentInstantProcExtraWithTalentEffectRef,GE_Firemage_InstantSingleTargetDot_Dot_StackingBoostTalent,talent_candidate
GA_Firemage_CastedSingleHeavyDot_C,5,TalentInstantProcMainTargetBonusDirectDamageEffectRef,GE_Firemage_InstantDoubleDot_MainTargetBonus_Damage,talent_candidate
GA_Firemage_ChanneledForwardAoeDamage,0,Damage Effect,GE_Firemage_ChanneledForwardAoeDamage_Damage,baseline_candidate
GA_Firemage_ChanneledForwardAoeDamage,1,DotEffectRef,GE_Firemage_ChanneledForwardAoeDamage_Dot,baseline_candidate
GA_Firemage_DashForward,0,ChargeGameplayEffectClass,GE_Shared_ChargeCooldownNoHaste,baseline_candidate
GA_Firemage_DashForward,1,PaddingCooldownEffectBaseClass,GE_Hero_Shared_PaddingCooldown,baseline_candidate
GA_Firemage_Firefrogs,0,CooldownEffectBaseClass,GE_Shared_Cooldown_DefaultScale,baseline_candidate
GA_Firemage_Firefrogs,1,DamageEffectRef,GE_Firemage_FireFrog_DirectDamage,baseline_candidate
GA_Firemage_InstantDotSpread,0,CooldownEffectBaseClass,GE_Shared_Cooldown_DefaultScale,baseline_candidate
GA_Firemage_InstantDotSpread,1,DotBonusEffectRef,GE_Firemage_InstantDotSpread_DotBonusBuff,baseline_candidate
GA_Firemage_InstantDotSpread,2,PaddingCooldownEffectBaseClass,GE_Hero_Shared_PaddingCooldown,baseline_candidate
GA_Firemage_InstantMultiTargetDot_C,0,CooldownEffectBaseClass,GE_Shared_Cooldown_DefaultScale,baseline_candidate
GA_Firemage_InstantMultiTargetDot_C,1,Dot Effect,GE_Firemage_CastedSingleHeavyDot_Dot,baseline_candidate
GA_Firemage_InstantMultiTargetDot_C,2,PaddingCooldownEffectBaseClass,GE_Hero_Shared_PaddingCooldown,baseline_candidate
GA_Firemage_InstantSingleDisorient,0,CooldownEffectBaseClass,GE_Shared_Cooldown_DefaultScale,baseline_candidate
GA_Firemage_InstantSingleDisorient,1,DamageEffectRef,GE_Firemage_InstantSingleDisorient_Damage,baseline_candidate
GA_Firemage_InstantSingleDisorient,2,DisorientEffectRef,GE_Firemage_InstantSingleDisorient_Debuff,baseline_candidate
GA_Firemage_InstantSingleDisorient,3,PaddingCooldownEffectBaseClass,GE_Hero_Shared_PaddingCooldown,baseline_candidate
GA_Firemage_InstantSingleInterrupt,0,CooldownEffectBaseClass,GE_Shared_Cooldown_Static,baseline_candidate
GA_Firemage_Passive_FrogDamageMonitor,0,DamageEffectRef,GE_Firemage_FireFrog_DirectDamage,baseline_candidate
GA_Firemage_Passive_FrogDamageMonitor,1,DotEffectRef,GE_Firemage_FireFrog_Dot,baseline_candidate
GA_Firemage_Passive_PlacedProjectileAoeDamageMonitor_Dot,0,DamageEffectRef,GE_Firemage_PlacedProjectileAoe_DirectDamageBased_Dot,baseline_candidate
GA_Firemage_Passive_PlacedProjectileAoeDamageMonitor_Dot,1,DotEffectRef,GE_Firemage_PlacedProjectileAoe_DirectDamageBased_Dot,baseline_candidate
GA_Firemage_PlacedProjectileAoe,0,AoeImpactDotEffectRef,GE_Firemage_PlacedProjectileAoe_DirectDamageBased_Dot,baseline_candidate
GA_Firemage_PlacedProjectileAoe,1,AoeImpactEffectRef,GE_Firemage_PlacedProjectileAoe_Damage,baseline_candidate
GA_Firemage_PlacedProjectileAoe,2,CooldownEffectBaseClass,GE_Shared_Cooldown_DefaultScale,baseline_candidate
GA_Firemage_SelfDefenceBuff,0,BuffEffectRef,GE_Firemage_SelfDefenceBuff_SelfBuff,baseline_candidate
GA_Firemage_SelfDefenceBuff,1,CooldownEffectBaseClass,GE_Shared_Cooldown_DefaultScale,baseline_candidate
GA_Gunde_BasicSingleTargetAttack,0,HitEffectRef,GE_Gunde_BasicSingleTargetAttack_Damage,baseline_candidate
GA_Gunde_DamageReductionSelfBuff,0,BuffEffectRef,GE_Gunde_DamageReductionSelfBuff_SelfBuff,baseline_candidate
GA_Gunde_DamageReductionSelfBuff,1,CooldownEffectBaseClass,GE_Shared_Cooldown_DefaultScale,baseline_candidate
GA_Gunde_DamageReductionSelfBuff,2,PaddingCooldownEffectBaseClass,GE_Hero_Shared_PaddingCooldown,baseline_candidate
GA_Gunde_DashAttack,0,ChargeGameplayEffectClass,GE_Shared_ChargeCooldownNoHaste,baseline_candidate
GA_Gunde_DashAttack,1,Damage Effect,GE_Gunde_DashAttack_Damage,baseline_candidate
GA_Gunde_DashAttack,2,PaddingCooldownEffectBaseClass,GE_Hero_Shared_PaddingCooldown,baseline_candidate
GA_Gunde_DotTransfer,0,CooldownEffectBaseClass,GE_Shared_Cooldown_DefaultScale,baseline_candidate
GA_Gunde_DotTransfer,1,EffectRef,GE_Gunde_DotTransfer_SelfBuff,baseline_candidate
GA_Gunde_DotTransfer,2,PaddingCooldownEffectBaseClass,GE_Hero_Shared_PaddingCooldown,baseline_candidate
GA_Gunde_DotTransfer,3,Talent DotTransfer InstantAoeWithBuff DamageAndOrbs ProcEffect,GE_Gunde_Talent_DotTransfer_InstantAoeWithBuff_DamageAndOrbs_Proc,talent_candidate
GA_Gunde_DurationalAoeDotAndBuff,0,Damage Effect,GE_Gunde_DurationalAoeDotAndBuff_Damage,baseline_candidate
GA_Gunde_DurationalAoeDotAndBuff,1,PaddingCooldownEffectBaseClass,GE_Hero_Shared_PaddingCooldown,baseline_candidate
GA_Gunde_DurationalAoeDotAndBuff,2,Self Buff Effect,GE_Gunde_DurationalAoeDotAndBuff_SelfBuff,baseline_candidate
GA_Gunde_ExtraDotDamageBuff,0,BuffEffectRef,GE_Gunde_ExtraDotDamageBuff_SelfBuff,baseline_candidate
GA_Gunde_ExtraDotDamageBuff,1,CooldownEffectBaseClass,GE_Shared_Cooldown_DefaultScale,baseline_candidate
GA_Gunde_ExtraDotDamageBuff,2,PaddingCooldownEffectBaseClass,GE_Hero_Shared_PaddingCooldown,baseline_candidate
GA_Gunde_HeavyMeleeDotBased,0,CooldownEffectBaseClass,GE_Shared_Cooldown_HasteScale,baseline_candidate
GA_Gunde_HeavyMeleeDotBased,1,DotBonusDamageEffectRef,GE_Gunde_HeavyMeleeDotBased_DotBonusDamage,baseline_candidate
GA_Gunde_HeavyMeleeDotBased,2,EffectRef,GE_Gunde_HeavyMeleeDotBased_Damage,baseline_candidate
GA_Gunde_HeavyMeleeDotBoost,0,CooldownEffectBaseClass,GE_Shared_Cooldown_DefaultScale,baseline_candidate
GA_Gunde_HeavyMeleeDotBoost,1,DebuffEffectRef,GE_Gunde_BoostedDotDamage_TargetDebuff,baseline_candidate
GA_Gunde_HeavyMeleeDotBoost,2,EffectRef,GE_Gunde_HeavyMeleeDotBoost_Damage,baseline_candidate
GA_Gunde_InstantAoeDot,0,CooldownEffectBaseClass,GE_Shared_Cooldown_DefaultScale,baseline_candidate
GA_Gunde_InstantAoeDot,1,EffectRef,GE_Gunde_InstantAoeDot_Dot,baseline_candidate
GA_Gunde_InstantAoeWithBuff,0,CooldownEffectBaseClass,GE_Shared_Cooldown_HasteScale,baseline_candidate
GA_Gunde_InstantAoeWithBuff,1,DamageEffectRef,GE_Gunde_InstantAoeWithBuff_Damage,baseline_candidate
GA_Gunde_InstantAoeWithBuff,2,InstantAoeWithBuff AdditionalStack SelfBuffEffect,GE_Gunde_Talent_InstantAoeWithBuff_AdditionalStack_SelfBuff,baseline_candidate
GA_Gunde_InstantAoeWithBuff,3,SelfBuffEffectRef,GE_Gunde_ExtraDotDamageGain_SelfBuff,baseline_candidate
GA_Gunde_InstantAoeWithBuff,4,Talent DotTransfer InstantAoeWithBuff DamageAndOrbs Buff,GE_Gunde_Talent_DotTransfer_InstantAoeWithBuff_DamageAndOrbs_OrbDropper,talent_candidate
GA_Gunde_InstantWhirlwindAoe,0,CooldownEffectBaseClass,GE_Shared_Cooldown_HasteScale,baseline_candidate
GA_Gunde_InstantWhirlwindAoe,1,DamageEffectRef,GE_Gunde_InstantWhirlwindAoe_Damage,baseline_candidate
GA_Gunde_JumpToLocation,0,ChargeGameplayEffectClass,GE_Shared_ChargeCooldownNoHaste,baseline_candidate
GA_Gunde_JumpToLocation,1,CooldownEffectBaseClass,GE_Shared_Cooldown_HasteScale,baseline_candidate
GA_Gunde_JumpToLocation,2,PaddingCooldownEffectBaseClass,GE_Hero_Shared_PaddingCooldown,baseline_candidate
GA_Gunde_MeleeAutoAttack,0,EffectRef,GE_Gunde_MeleeAutoAttack_Damage,baseline_candidate
GA_Gunde_Passive_PerTargetAccumulatedBleed_DotManager,0,DamageEffectRef,GE_Gunde_PerTargetAccumulatedBleed_Damage,baseline_candidate
GA_Gunde_SingleTargetInterrupt,0,CooldownEffectBaseClass,GE_Shared_Cooldown_Static,baseline_candidate
GA_Gunde_SingleTargetInterrupt,1,PaddingCooldownEffectBaseClass,GE_Hero_Shared_PaddingCooldown,baseline_candidate
GA_Gunde_SingleTargetPull,0,CooldownEffectBaseClass,GE_Shared_Cooldown_DefaultScale,baseline_candidate
GA_Gunde_SingleTargetPull,1,DamageEffectRef,GE_Gunde_SingleTargetPull_Damage,baseline_candidate
GA_Gunde_SingleTargetPull,2,PaddingCooldownEffectBaseClass,GE_Hero_Shared_PaddingCooldown,baseline_candidate
GA_Gunde_SingleTargetPull,3,PullEffectRef,GE_Gunde_SingleTargetPull_PullActivator,baseline_candidate
GA_Gunde_Talent_DotTransfer_Aoe,0,CooldownEffectBaseClass,GE_Shared_Cooldown_DefaultScale,baseline_candidate
GA_Gunde_Talent_DotTransfer_Aoe,1,Effect Type,GE_Gunde_DotTransfer_SelfBuff,baseline_candidate
GA_Gunde_Talent_DotTransfer_Aoe,2,EffectRef,GE_Gunde_Talent_DotTransfer_Aoe_SelfBuff,baseline_candidate
GA_Gunde_Talent_DotTransfer_Aoe,3,PaddingCooldownEffectBaseClass,GE_Hero_Shared_PaddingCooldown,baseline_candidate
GA_Gunde_TargetedAoeProjectile,0,CooldownEffectBaseClass,GE_Shared_Cooldown_HasteScale,baseline_candidate
GA_Gunde_TargetedAoeProjectile,1,HitEffectRef,GE_Gunde_TargetedAoeProjectile_Damage,baseline_candidate
GA_Ink_AoeAttack_C,0,Active Effect,GE_Ink_AoeAttack_Activated,baseline_candidate
GA_Ink_AoeAttack_C,1,Damage Effect,GE_Ink_AoeAttack_Damage,baseline_candidate
GA_Ink_AoeAttack_C,2,Lightning Damage Effect,GE_Ink_AoeAttack_LightningDamage,baseline_candidate
GA_Ink_AoeFear_C,0,CooldownEffectBaseClass,GE_Shared_Cooldown_DefaultScale,baseline_candidate
GA_Ink_AoeFear_C,1,Fear Effect,GE_Ink_AoeFear_Fear,baseline_candidate
GA_Ink_AoeFear_C,2,PaddingCooldownEffectBaseClass,GE_Hero_Shared_PaddingCooldown,baseline_candidate
GA_Ink_AutoAttackBuff_Attack_C,0,Aoe Hit Effect,GE_Ink_AutoAttackBuff_AoeDamage,baseline_candidate
GA_Ink_AutoAttackBuff_Attack_C,1,HitEffectRef,GE_Ink_AutoAttackBuff_Damage,baseline_candidate
GA_Ink_AutoAttackBuff_C,0,Buff Effect,GE_Ink_AutoAttackBuff_Buff,baseline_candidate
GA_Ink_AutoAttackBuff_InstantAttack_C,0,Cleave Damage Effect,GE_Ink_AutoAttackBuff_CleaveDamage,baseline_candidate
GA_Ink_AutoAttackBuff_InstantAttack_C,1,CooldownEffectBaseClass,GE_Shared_Cooldown_HasteScale,baseline_candidate
GA_Ink_AutoAttackBuff_InstantAttack_C,2,HitEffectRef,GE_Ink_AutoAttackBuff_Damage,baseline_candidate
GA_Ink_AutoAttackBuff_InstantAttack_C,3,Lightning Hit Effect,GE_Ink_AutoAttackBuff_AoeDamage,baseline_candidate
GA_Ink_AutoAttackBuff_InstantAttack_C,4,Talent StackingBuffConsumedBySpenderStacker Ref,GE_Ink_Talent_AutoAttackBuff_StackingBuffConsumedBySpender_Stacker,talent_candidate
GA_Ink_BouncyProjectile_C,0,CooldownEffectBaseClass,GE_Shared_Cooldown_HasteScale,baseline_candidate
GA_Ink_BouncyProjectile_C,1,PaddingCooldownEffectBaseClass,GE_Hero_Shared_PaddingCooldown,baseline_candidate
GA_Ink_ChargedBuff_C,0,Buff Effect,GE_Ink_ChargedBuff_Buff,baseline_candidate
GA_Ink_ChargedBuff_C,1,CooldownEffectBaseClass,GE_Shared_Cooldown_DefaultScale,baseline_candidate
GA_Ink_ChargedBuff_C,2,PaddingCooldownEffectBaseClass,GE_Hero_Shared_PaddingCooldown,baseline_candidate
GA_Ink_CleaveAttack_C,0,HitEffectRef,GE_Ink_CleaveAttack_Damage,baseline_candidate
GA_Ink_CleaveAttack_C,1,PaddingCooldownEffectBaseClass,GE_Hero_Shared_PaddingCooldown,baseline_candidate
GA_Ink_CostReductionBuff_C,0,Buff Effect,GE_Ink_CostReductionBuff_SelfBuff,baseline_candidate
GA_Ink_CostReductionBuff_C,1,CooldownEffectBaseClass,GE_Shared_Cooldown_DefaultScale,baseline_candidate
GA_Ink_CostReductionBuff_C,2,PaddingCooldownEffectBaseClass,GE_Hero_Shared_PaddingCooldown,baseline_candidate
GA_Ink_EnhancedChargedBuff,0,Damage Effect,GE_Ink_EnhancedChargedBuff_AoeImpactDamage,baseline_candidate
GA_Ink_EnhancedChargedBuff,1,PaddingCooldownEffectBaseClass,GE_Hero_Shared_PaddingCooldown,baseline_candidate
GA_Ink_EnhancedChargedBuff,2,SelfBuffEffectRef,GE_Ink_EnhancedChargedBuff_PulsatingSingleDamage_SelfBuff,baseline_candidate
GA_Ink_HeavySingleTargetAttack_C,0,Damage Effect,GE_Ink_HeavySingleTargetAttack_Damage,baseline_candidate
GA_Ink_HeavySingleTargetAttack_C,1,Lightning Damage Effect,GE_Ink_HeavySingleTargetAttack_LightningDamage,baseline_candidate
GA_Ink_HeavySingleTargetAttack_C,2,PaddingCooldownEffectBaseClass,GE_Hero_Shared_PaddingCooldown,baseline_candidate
GA_Ink_LowHealthSingleTargetResourceDamage_C,0,CooldownEffectBaseClass,GE_Shared_Cooldown_HasteScale,baseline_candidate
GA_Ink_LowHealthSingleTargetResourceDamage_C,1,Damage Effect,GE_Ink_LowHealthSingleTargetResourceDamage_Damage,baseline_candidate
GA_Ink_LowHealthSingleTargetResourceDamage_C,2,PaddingCooldownEffectBaseClass,GE_Hero_Shared_PaddingCooldown,baseline_candidate
GA_Ink_MeleeAutoAttack_C,0,HitEffectRef,GE_Ink_MeleeAutoAttack_Damage,baseline_candidate
GA_Ink_MeleeInterrupt_C,0,CooldownEffectBaseClass,GE_Shared_Cooldown_Static,baseline_candidate
GA_Ink_MeleeInterrupt_C,1,PaddingCooldownEffectBaseClass,GE_Hero_Shared_PaddingCooldown,baseline_candidate
GA_Ink_MoveToLocationAoeDamage_C,0,CooldownEffectBaseClass,GE_Shared_Cooldown_HasteScale,baseline_candidate
GA_Ink_MoveToLocationAoeDamage_C,1,Damage Effect,GE_Ink_MoveToLocationAoeDamage_Damage,baseline_candidate
GA_Ink_MoveToLocationAoeDamage_C,2,PaddingCooldownEffectBaseClass,GE_Hero_Shared_PaddingCooldown,baseline_candidate
GA_Ink_MoveToLocationAoeDamage_C,3,TalentTargetExtraInkDamageDebuffEffectRef,GE_Ink_Talent_MoveToLocationAoeDamage_TargetExtraInkDamage_Debuff,talent_candidate
GA_Ink_SecondChanceSingleTargetAttack_C,0,CooldownEffectBaseClass,GE_Shared_Cooldown_HasteScale,baseline_candidate
GA_Ink_SecondChanceSingleTargetAttack_C,1,Damage Effect,GE_Ink_SecondChanceSingleTargetAttack_Damage,baseline_candidate
GA_Ink_SecondChanceSingleTargetAttack_C,2,PaddingCooldownEffectBaseClass,GE_Hero_Shared_PaddingCooldown,baseline_candidate
GA_Ink_SelfDefenceBuff_C,0,BuffEffectRef,GE_Ink_SelfDefenceBuff_SelfBuff_First,baseline_candidate
GA_Ink_SelfDefenceBuff_C,1,CooldownEffectBaseClass,GE_Shared_Cooldown_DefaultScale,baseline_candidate
GA_Ink_SelfDefenceBuff_C,2,PaddingCooldownEffectBaseClass,GE_Hero_Shared_PaddingCooldown,baseline_candidate
GA_Ink_SingleTargetHeavyNonSpender_C,0,CooldownEffectBaseClass,GE_Shared_Cooldown_HasteScale,baseline_candidate
GA_Ink_SingleTargetHeavyNonSpender_C,1,Damage Effect,GE_Ink_SingleTargetHeavyNonSpender_Damage,baseline_candidate
GA_Ink_SingleTargetHeavyNonSpender_C,2,PaddingCooldownEffectBaseClass,GE_Hero_Shared_PaddingCooldown,baseline_candidate
GA_Ink_Taunt_C,0,CooldownEffectBaseClass,GE_Shared_Cooldown_HasteScale,baseline_candidate
GA_Ink_Taunt_C,1,DebuffEffectRef,GE_Ink_Talent_SelfDefenceBuff_IncreasedDurationAndTaunt_Taunt_Debuff,baseline_candidate
GA_Ink_Taunt_C,2,PaddingCooldownEffectBaseClass,GE_Hero_Shared_PaddingCooldown,baseline_candidate
GA_Lisa_AoeStaggerRemovalSpender_C,0,Heal Effect,GE_Lisa_AoeStaggerRemovalSpender_Heal,baseline_candidate
GA_Lisa_AoeStaggerRemovalSpender_C,1,PaddingCooldownEffectBaseClass,GE_Hero_Shared_PaddingCooldown,baseline_candidate
GA_Lisa_AoeStaggerRemovalSpender_C,2,Stagger Removal Effect,GE_Lisa_AoeStaggerRemovalSpender_RemoveStagger,baseline_candidate
GA_Lisa_CastedHeal_C,0,EffectForShowingStacksAsCharges,GE_Lisa_Talent_CastedSingleTargetProjectile_CastedHealFromPreviousDamageProc_Proc,baseline_candidate
GA_Lisa_CastedHeal_C,1,HealEffectRef,GE_Lisa_CastedHeal_Heal,baseline_candidate
GA_Lisa_CastedHeal_C,2,PaddingCooldownEffectBaseClass,GE_Hero_Shared_PaddingCooldown,baseline_candidate
GA_Lisa_CastedProjectileDamageIncreaseDebuff_C,0,ChargeGameplayEffectClass,GE_Shared_ChargeCooldownNoHaste,baseline_candidate
GA_Lisa_CastedProjectileDamageIncreaseDebuff_C,1,CooldownEffectBaseClass,GE_Shared_Cooldown_DefaultScale,baseline_candidate
GA_Lisa_CastedProjectileDamageIncreaseDebuff_C,2,DamageEffectRef,GE_Lisa_CastedProjectileDamageIncreaseDebuff_Damage,baseline_candidate
GA_Lisa_CastedProjectileDamageIncreaseDebuff_C,3,PaddingCooldownEffectBaseClass,GE_Hero_Shared_PaddingCooldown,baseline_candidate
GA_Lisa_CastedSingleTargetDamage_C,0,CooldownReduction ActiveEffectToCheck,GE_Lisa_InstantSingleTargetDamageAndDot_Dot,baseline_candidate
GA_Lisa_CastedSingleTargetDamage_C,1,DamageEffectRef,GE_Lisa_CastedSingleTargetProjectile_Damage,baseline_candidate
GA_Lisa_CastedSingleTargetDamage_C,2,PaddingCooldownEffectBaseClass,GE_Hero_Shared_PaddingCooldown,baseline_candidate
GA_Lisa_ChanneledHealOrDamageProjectiles_C,0,CooldownEffectBaseClass,GE_Shared_Cooldown_HasteScale,baseline_candidate
GA_Lisa_ChanneledHealOrDamageProjectiles_C,1,DamageEffectRef,GE_Lisa_ChanneledHealOrDamageProjectiles_Damage,baseline_candidate
GA_Lisa_ChanneledHealOrDamageProjectiles_C,2,Heal Effect Ref,GE_Lisa_ChanneledHealOrDamageProjectiles_Heal,baseline_candidate
GA_Lisa_ChanneledHealOrDamageProjectiles_C,3,PaddingCooldownEffectBaseClass,GE_Hero_Shared_PaddingCooldown,baseline_candidate
GA_Lisa_InstantDamageSpender_C,0,DamageEffectRef,GE_Lisa_InstantDamageSpender_Damage,baseline_candidate
GA_Lisa_InstantDamageSpender_C,1,PaddingCooldownEffectBaseClass,GE_Hero_Shared_PaddingCooldown,baseline_candidate
GA_Lisa_InstantSelfBuff_C,0,CooldownEffectBaseClass,GE_Shared_Cooldown_DefaultScale,baseline_candidate
GA_Lisa_InstantSelfBuff_C,1,Self Buff Effect,GE_Lisa_InstantSelfBuff_SelfBuff,baseline_candidate
GA_Lisa_InstantSingleTargetDamageAndDot_C,0,Damage Effect,GE_Lisa_InstantSingleTargetDamageAndDot_Damage,baseline_candidate
GA_Lisa_InstantSingleTargetDamageAndDot_C,1,PaddingCooldownEffectBaseClass,GE_Hero_Shared_PaddingCooldown,baseline_candidate
GA_Lisa_PauseResourcesAndPartyHealth_C,0,PaddingCooldownEffectBaseClass,GE_Hero_Shared_PaddingCooldown,baseline_candidate
GA_Lisa_PauseResourcesAndPartyHealth_C,1,Party Health Buff Effect,GE_Lisa_PauseResourcesAndPartyHealth_HealthBuff,baseline_candidate
GA_Lisa_PauseResourcesAndPartyHealth_C,2,Self Buff,GE_Lisa_PauseResourcesAndPartyHealth_SelfBuff,baseline_candidate
GA_Lisa_SingleAllyDispel_C,0,CooldownEffectBaseClass,GE_Shared_Cooldown_Static,baseline_candidate
GA_Lisa_SingleAllyDispel_C,1,Dispel Effect,GE_Lisa_SingleAllyDispel_Dispel,baseline_candidate
GA_Lisa_SingleAllyDispel_C,2,PaddingCooldownEffectBaseClass,GE_Hero_Shared_PaddingCooldown,baseline_candidate
GA_Lisa_SingleTargetDamageImmunityBuff_C,0,Buff Effect,GE_Lisa_SingleTargetDamageImmunityBuff_Buff,baseline_candidate
GA_Lisa_SingleTargetDamageImmunityBuff_C,1,CooldownEffectBaseClass,GE_Shared_Cooldown_DefaultScale,baseline_candidate
GA_Lisa_SingleTargetDamageImmunityBuff_C,2,PaddingCooldownEffectBaseClass,GE_Hero_Shared_PaddingCooldown,baseline_candidate
GA_Lisa_SingleTargetDot_C,0,ChargeGameplayEffectClass,GE_Shared_ChargeCooldownNoHaste,baseline_candidate
GA_Lisa_SingleTargetDot_C,1,CooldownEffectBaseClass,GE_Shared_Cooldown_DefaultScale,baseline_candidate
GA_Lisa_SingleTargetDot_C,2,Dot Effect,GE_Lisa_SingleTargetDot_Dot,baseline_candidate
GA_Lisa_SingleTargetDot_C,3,PaddingCooldownEffectBaseClass,GE_Hero_Shared_PaddingCooldown,baseline_candidate
GA_Lisa_SingleTargetrRemovalSpender_C,0,Gameplay Effect Class,GE_Lisa_SingleTargetStaggerRemovalSpender_RemoveStagger,baseline_candidate
GA_Lisa_SingleTargetrRemovalSpender_C,1,Heal Effect,GE_Lisa_SingleTargetStaggerRemovalSpender_Heal,baseline_candidate
GA_Lisa_SingleTargetrRemovalSpender_C,2,PaddingCooldownEffectBaseClass,GE_Hero_Shared_PaddingCooldown,baseline_candidate
GA_Lisa_TargetedAoeSilence_C,0,CooldownEffectBaseClass,GE_Shared_Cooldown_DefaultScale,baseline_candidate
GA_Lisa_TargetedAoeSilence_C,1,Interrupt Effect,GE_Lisa_TargetedAoeSilence_Interrupt,baseline_candidate
GA_Lisa_TargetedAoeSilence_C,2,Lockout Effect,GE_Lisa_TargetedAoeSilence_Lockout,baseline_candidate
GA_Lisa_TargetedAoeSilence_C,3,PaddingCooldownEffectBaseClass,GE_Hero_Shared_PaddingCooldown,baseline_candidate
GA_Lisa_TargetedAoeSilence_C,4,Silence Effect,GE_Lisa_TargetedAoeSilence_Buff,baseline_candidate
GA_Lisa_TeleportForward_C,0,CooldownEffectBaseClass,GE_Shared_Cooldown_DefaultScale,baseline_candidate
GA_Lisa_TeleportForward_C,1,Move Speed Buff,GE_Lisa_TeleportForward_MoveSpeedBuff,baseline_candidate
GA_Lisa_TeleportForward_C,2,PaddingCooldownEffectBaseClass,GE_Hero_Shared_PaddingCooldown,baseline_candidate
GA_Mara_AoeAttackBuilder_C,0,DamageEffectRef,GE_Mara_AoeAttackBuilder_Damage,baseline_candidate
GA_Mara_AoeAttackBuilder_C,1,PaddingCooldownEffectBaseClass,GE_Hero_Shared_PaddingCooldown,baseline_candidate
GA_Mara_AoeAttackSpender_C,0,DamageEffectRef,GE_Mara_AoeAttackSpender_Damage,baseline_candidate
GA_Mara_AoeAttackSpender_C,1,PaddingCooldownEffectBaseClass,GE_Hero_Shared_PaddingCooldown,baseline_candidate
GA_Mara_AutoAttack_C,0,HitEffectRef,GE_Mara_AutoAttack_Damage,baseline_candidate
GA_Mara_AutoAttack_C,1,ProcHitEffectRef,GE_Mara_AutoAttackProc_Damage,baseline_candidate
GA_Mara_BleedAttackSpender_C,0,Damage Bleed Effect,GE_Mara_BleedAttackSpender_Bleed,baseline_candidate
GA_Mara_BleedAttackSpender_C,1,Damage Effect,GE_Mara_BleedAttackSpender_Damage,baseline_candidate
GA_Mara_BleedAttackSpender_C,2,PaddingCooldownEffectBaseClass,GE_Hero_Shared_PaddingCooldown,baseline_candidate
GA_Mara_ChargedDoubleAttackBuilder_C,0,AoeDamage PoisonDamageEffect,GE_Mara_Talent_ChargedDoubleAttackBuilder_AoeDamage_PoisonDamage,baseline_candidate
GA_Mara_ChargedDoubleAttackBuilder_C,1,CooldownEffectBaseClass,GE_Shared_Cooldown_DefaultScale,baseline_candidate
GA_Mara_ChargedDoubleAttackBuilder_C,2,DamageEffectFirst,GE_Mara_ChargedDoubleAttackBuilder_DamageFirst,baseline_candidate
GA_Mara_ChargedDoubleAttackBuilder_C,3,DamageEffectSecond,GE_Mara_ChargedDoubleAttackBuilder_DamageSecond,baseline_candidate
GA_Mara_ChargedDoubleAttackBuilder_C,4,PaddingCooldownEffectBaseClass,GE_Hero_Shared_PaddingCooldown,baseline_candidate
GA_Mara_ChargedResourceRefillSelfBuff_C,0,Buff Effect,GE_Mara_ChargedResourceRefillSelfBuff_Buff,baseline_candidate
GA_Mara_ChargedResourceRefillSelfBuff_C,1,ChargedResourceRefillSelfBuff Increased Damage Effect,GE_Mara_Talent_ChargedResourceRefillSelfBuff_IncreasedDamage_Buff,baseline_candidate
GA_Mara_ChargedResourceRefillSelfBuff_C,2,CooldownEffectBaseClass,GE_Shared_Cooldown_DefaultScale,baseline_candidate
GA_Mara_ChargedResourceRefillSelfBuff_C,3,PaddingCooldownEffectBaseClass,GE_Hero_Shared_PaddingCooldown,baseline_candidate
GA_Mara_ChargedTeleportBehindTarget_C,0,ChargeGameplayEffectClass,GE_Shared_ChargeCooldownNoHaste,baseline_candidate
GA_Mara_ChargedTeleportBehindTarget_C,1,Gameplay Effect Class,GE_Mara_Talent_ChargedTeleportBehindTarget_IncreasedDamageOrMovementSpeed_DamageIncrease,baseline_candidate
GA_Mara_ChargedTeleportBehindTarget_C,2,PaddingCooldownEffectBaseClass,GE_Hero_Shared_PaddingCooldown,baseline_candidate
GA_Mara_CopyCharacterDamage_C,0,BuffEffectRef,GE_Mara_CopyCharacterDamage_SelfBuff,baseline_candidate
GA_Mara_CopyCharacterDamage_C,1,PaddingCooldownEffectBaseClass,GE_Hero_Shared_PaddingCooldown,baseline_candidate
GA_Mara_HeavyAttackSpender_C,0,DamageEffectRef,GE_Mara_HeavyAttackSpender_Damage,baseline_candidate
GA_Mara_HeavyAttackSpender_C,1,PaddingCooldownEffectBaseClass,GE_Hero_Shared_PaddingCooldown,baseline_candidate
GA_Mara_MeleeInterrupt_C,0,CooldownEffectBaseClass,GE_Shared_Cooldown_Static,baseline_candidate
GA_Mara_MeleeInterrupt_C,1,PaddingCooldownEffectBaseClass,GE_Hero_Shared_PaddingCooldown,baseline_candidate
GA_Mara_ResetCooldownRefillResouces_C,0,CooldownEffectBaseClass,GE_Shared_Cooldown_DefaultScale,baseline_candidate
GA_Mara_ResetCooldownRefillResouces_C,1,PaddingCooldownEffectBaseClass,GE_Hero_Shared_PaddingCooldown,baseline_candidate
GA_Mara_SelfDefenceBuff_C,0,BuffEffectRef,GE_Mara_SelfDefenceBuff_SelfBuff,baseline_candidate
GA_Mara_SelfDefenceBuff_C,1,CooldownEffectBaseClass,GE_Shared_Cooldown_DefaultScale,baseline_candidate
GA_Mara_SelfDefenceBuff_C,2,PaddingCooldownEffectBaseClass,GE_Hero_Shared_PaddingCooldown,baseline_candidate
GA_Mara_Stealth_C,0,CooldownEffectBaseClass,GE_Shared_Cooldown_DefaultScale,baseline_candidate
GA_Mara_Stealth_C,1,PaddingCooldownEffectBaseClass,GE_Hero_Shared_PaddingCooldown,baseline_candidate
GA_Mara_Stealth_C,2,Stealth Effect,GE_Mara_Stealth,baseline_candidate
GA_Mara_StrongerBehindAttackBuilder_C,0,Damage Effect Strong,GE_Mara_StrongerBehindAttackBuilder_Damage_Strong,baseline_candidate
GA_Mara_StrongerBehindAttackBuilder_C,1,Damage Effect Weak,GE_Mara_StrongerBehindAttackBuilder_Damage_Weak,baseline_candidate
GA_Mara_StrongerBehindAttackBuilder_C,2,PaddingCooldownEffectBaseClass,GE_Hero_Shared_PaddingCooldown,baseline_candidate
GA_Mara_StunSpender_C,0,CooldownEffectBaseClass,GE_Shared_Cooldown_DefaultScale,baseline_candidate
GA_Mara_StunSpender_C,1,PaddingCooldownEffectBaseClass,GE_Hero_Shared_PaddingCooldown,baseline_candidate
GA_Mara_StunSpender_C,2,Stun Effect,GE_Mara_StunSpender_Stun,baseline_candidate
GA_Mara_Talent_ResetCooldownRefillResources_AbilityReplacer_C,0,BuffEffectRef,GE_Mara_CopyCharacterDamage_SelfBuff,baseline_candidate
GA_Mara_Talent_ResetCooldownRefillResources_AbilityReplacer_C,1,CooldownEffectBaseClass,GE_Shared_Cooldown_DefaultScale,baseline_candidate
GA_Mara_Talent_ResetCooldownRefillResources_AbilityReplacer_C,2,PaddingCooldownEffectBaseClass,GE_Hero_Shared_PaddingCooldown,baseline_candidate
GA_Meiko_AoePull_C,0,CooldownEffectBaseClass,GE_Shared_Cooldown_DefaultScale,baseline_candidate
GA_Meiko_AoePull_C,1,PaddingCooldownEffectBaseClass,GE_Hero_Shared_PaddingCooldown,baseline_candidate
GA_Meiko_AoePull_C,2,Pull Activator Effect,GE_Meiko_AoePull_Activator,baseline_candidate
GA_Meiko_ChanneledHeavyDamage_C,0,DamageEffectRef,GE_Meiko_ChanneledHeavyDamage_Damage,baseline_candidate
GA_Meiko_ChanneledHeavyDamage_C,1,Final Damage Effect Ref,GE_Meiko_ChanneledHeavyDamage_FinalDamage,baseline_candidate
GA_Meiko_ChanneledHeavyDamage_C,2,Resource Increase Buff Effect,GE_Meiko_ChanneledHeavyDamage_ResourceIncrease,baseline_candidate
GA_Meiko_ChanneledHeavyDamage_C,3,Rock Effect Class,GE_Meiko_MeleeDamageLowHealthSelfBuff_SelfBuff,baseline_candidate
GA_Meiko_ChargedForwardDash_C,0,ChargeGameplayEffectClass,GE_Shared_ChargeCooldownNoHaste,baseline_candidate
GA_Meiko_ChargedForwardDash_C,1,PaddingCooldownEffectBaseClass,GE_Hero_Shared_PaddingCooldown,baseline_candidate
GA_Meiko_DamageSoakBuff_C,0,Active Effect,GE_Meiko_DamageSoakBuff_Active,baseline_candidate
GA_Meiko_DamageSoakBuff_C,1,Buff Effect,GE_Meiko_DamageSoakBuff_Buff,baseline_candidate
GA_Meiko_DamageSoakBuff_C,2,PaddingCooldownEffectBaseClass,GE_Hero_Shared_PaddingCooldown,baseline_candidate
GA_Meiko_DurationalAoeDamageBuff_C,0,DamageEffectRef,GE_Meiko_DurationalAoeDamageBuff_Damage,baseline_candidate
GA_Meiko_DurationalAoeDamageBuff_C,1,PaddingCooldownEffectBaseClass,GE_Hero_Shared_PaddingCooldown,baseline_candidate
GA_Meiko_DurationalMultipleTeleportDamage_New,0,PaddingCooldownEffectBaseClass,GE_Hero_Shared_PaddingCooldown,baseline_candidate
GA_Meiko_DurationalMultipleTeleportDamage_New,1,SelfBuffEffectRef,GE_Meiko_DurationalMultipleTeleportDamage_SelfBuff,baseline_candidate
GA_Meiko_FrontalAoeDebuff_C,0,CooldownEffectBaseClass,GE_Shared_Cooldown_DefaultScale,baseline_candidate
GA_Meiko_FrontalAoeDebuff_C,1,Damage Effect,GE_Meiko_FrontalAoeDebuff_Damage,baseline_candidate
GA_Meiko_FrontalAoeDebuff_C,2,PaddingCooldownEffectBaseClass,GE_Hero_Shared_PaddingCooldown,baseline_candidate
GA_Meiko_FrontalAoeDebuff_C,3,Stun Effect,GE_Meiko_FrontalAoeDebuff_Stun,baseline_candidate
GA_Meiko_HighDamageCleave_C,0,DamageEffectRef,GE_Meiko_HighDamageCleave_Damage,baseline_candidate
GA_Meiko_HighDamageCleave_C,1,InstantSelfDefensive Effect,GE_Meiko_InstantSelfDefensive_HealBonusTracker,baseline_candidate
GA_Meiko_HighDamageCleave_C,2,PaddingCooldownEffectBaseClass,GE_Hero_Shared_PaddingCooldown,baseline_candidate
GA_Meiko_HighDamageCleave_C,3,Wind Effect Class,GE_Meiko_MeleeDamageSelfBuff_SelfBuff,baseline_candidate
GA_Meiko_InstantSelfDefensive_C,0, Stone Invinsibility Buff Effect,GE_Meiko_DamageSoakBuff_StoneInvinsibilityBuff,baseline_candidate
GA_Meiko_InstantSelfDefensive_C,1,BuffEffectRef,GE_Meiko_InstantSelfDefensive_SelfHeal,baseline_candidate
GA_Meiko_InstantSelfDefensive_C,2,CooldownEffectBaseClass,GE_Shared_Cooldown_HasteScale,baseline_candidate
GA_Meiko_InstantSelfDefensive_C,3,DamageReductionEffect,GE_Meiko_Talent_InstantSelfDefensive_DamageReductionLessHeal,baseline_candidate
GA_Meiko_InstantSelfDefensive_C,4,EffectForShowingStacksAsCharges,GE_Meiko_InstantSelfDefensive_HealBonusTracker,baseline_candidate
GA_Meiko_InstantSelfDefensive_C,5,PaddingCooldownEffectBaseClass,GE_Hero_Shared_PaddingCooldown,baseline_candidate
GA_Meiko_MeleeAutoAttack_C,0,HitEffectRef,GE_Meiko_MeleeAutoAttack_Damage,baseline_candidate
GA_Meiko_MeleeDamageImmediateSelfBuff_C,0,DamageEffectRef,GE_Meiko_MeleeDamageImmediateSelfBuff_Damage,baseline_candidate
GA_Meiko_MeleeDamageImmediateSelfBuff_C,1,PaddingCooldownEffectBaseClass,GE_Hero_Shared_PaddingCooldown,baseline_candidate
GA_Meiko_MeleeDamageImmediateSelfBuff_C,2,Self Buff Effect,GE_Meiko_MeleeDamageImmediateSelfBuff_SelfBuff,baseline_candidate
GA_Meiko_MeleeDamageLowHealthSelfBuff_C,0,DamageEffectRef,GE_Meiko_MeleeDamageLowHealthSelfBuff_Damage,baseline_candidate
GA_Meiko_MeleeDamageLowHealthSelfBuff_C,1,PaddingCooldownEffectBaseClass,GE_Hero_Shared_PaddingCooldown,baseline_candidate
GA_Meiko_MeleeDamageLowHealthSelfBuff_C,2,Self Buff Effect,GE_Meiko_MeleeDamageLowHealthSelfBuff_SelfBuff,baseline_candidate
GA_Meiko_MeleeDamageSelfBuff_C,0,DamageEffectRef,GE_Meiko_MeleeDamageSelfBuff_Damage,baseline_candidate
GA_Meiko_MeleeDamageSelfBuff_C,1,PaddingCooldownEffectBaseClass,GE_Hero_Shared_PaddingCooldown,baseline_candidate
GA_Meiko_MeleeDamageSelfBuff_C,2,Self Buff Effect,GE_Meiko_MeleeDamageSelfBuff_SelfBuff,baseline_candidate
GA_Meiko_MeleeDown_C,0,DamageEffectRef,GE_Meiko_MeleeDown_Damage,baseline_candidate
GA_Meiko_MeleeDown_C,1,PaddingCooldownEffectBaseClass,GE_Hero_Shared_PaddingCooldown,baseline_candidate
GA_Meiko_MeleeInterrupt,0,CooldownEffectBaseClass,GE_Shared_Cooldown_Static,baseline_candidate
GA_Meiko_MeleeInterrupt,1,PaddingCooldownEffectBaseClass,GE_Hero_Shared_PaddingCooldown,baseline_candidate
GA_Meiko_MeleeLeft_C,0,DamageEffectRef,GE_Meiko_MeleeLeft_Damage,baseline_candidate
GA_Meiko_MeleeLeft_C,1,PaddingCooldownEffectBaseClass,GE_Hero_Shared_PaddingCooldown,baseline_candidate
GA_Meiko_MeleeRight_C,0,DamageEffectRef,GE_Meiko_MeleeRight_Damage,baseline_candidate
GA_Meiko_MeleeRight_C,1,PaddingCooldownEffectBaseClass,GE_Hero_Shared_PaddingCooldown,baseline_candidate
GA_Meiko_MoveToLocationAoeDamage_C,0,CooldownEffectBaseClass,GE_Shared_Cooldown_DefaultScale,baseline_candidate
GA_Meiko_MoveToLocationAoeDamage_C,1,Damage Effect,GE_Meiko_MoveToLocationAoeDamage_Damage,baseline_candidate
GA_Meiko_MoveToLocationAoeDamage_C,2,Dot Effect,GE_Meiko_MoveToLocationAoeDamage_Dot,baseline_candidate
GA_Meiko_MoveToLocationAoeDamage_C,3,PaddingCooldownEffectBaseClass,GE_Hero_Shared_PaddingCooldown,baseline_candidate
GA_Meiko_Passive_DamageSoakBuff_Monitor_C,0,Active Effect,GE_Meiko_DamageSoakBuff_Active,baseline_candidate
GA_Meiko_Passive_DamageSoakBuff_Monitor_C,1,Buff Effect,GE_Meiko_DamageSoakBuff_Buff,baseline_candidate
GA_Meiko_Passive_DamageSoakBuff_Monitor_C,2,Damage Effect,GE_Meiko_DamageSoakBuff_Damage,baseline_candidate
GA_Meiko_Passive_DamageSoakBuff_Monitor_C,3,Incoming Damage Multiplier Effect,GE_Meiko_DamageSoakBuff_IncomingDamageMultiplier,baseline_candidate
GA_Meiko_Passive_Talent_MeleeDamageImmediateSelfBuff_DamageBuilder_C,0,Effect To Apply,GE_Meiko_Talent_MeleeDamageImmediateSelfBuff_DamageBuilder_Debuff,baseline_candidate
GA_Meiko_RangedTaunt_C,0,CooldownEffectBaseClass,GE_Shared_Cooldown_Static,baseline_candidate
GA_Meiko_RangedTaunt_C,1,DebuffEffectRef,GE_Meiko_RangedTaunt_Debuff,baseline_candidate
GA_Meiko_RangedTaunt_C,2,PaddingCooldownEffectBaseClass,GE_Hero_Shared_PaddingCooldown,baseline_candidate
GA_Meiko_TauntTotem,0,CooldownEffectBaseClass,GE_Shared_Cooldown_DefaultScale,baseline_candidate
GA_Meiko_TauntTotem,1,PaddingCooldownEffectBaseClass,GE_Hero_Shared_PaddingCooldown,baseline_candidate
GA_Meiko_TauntTotem,2,SelfBuffEffectRef,GE_Meiko_TauntTotem_SelfBuff,baseline_candidate
GA_Mosse_BlueButterfly_Recall,0,PaddingCooldownEffectBaseClass,GE_Hero_Shared_PaddingCooldown,baseline_candidate
GA_Mosse_BlueButterfly_Recall,1,SelfBuffRef,GE_Mosse_BlueButterfly_SelfBuff,baseline_candidate
GA_Mosse_BlueButterfly_SendOut,0,PaddingCooldownEffectBaseClass,GE_Hero_Shared_PaddingCooldown,baseline_candidate
GA_Mosse_BlueButterfly_SendOut,1,TargetBuffRef,GE_Mosse_BlueButterfly_TargetBuff,baseline_candidate
GA_Mosse_CastedSingleTargetProjectile_C,0,DamageEffectRef,GE_Mosse_CastedSingleTargetProjectile_Damage,baseline_candidate
GA_Mosse_CastedSingleTargetProjectile_C,1,PaddingCooldownEffectBaseClass,GE_Hero_Shared_PaddingCooldown,baseline_candidate
GA_Mosse_DurationalAoeHealPlacement_C,0,CooldownEffectBaseClass,GE_Shared_Cooldown_DefaultScale,baseline_candidate
GA_Mosse_DurationalAoeHealPlacement_C,1,Heal Effect,GE_Mosse_DurationalAoeHealPlacement_Heal,baseline_candidate
GA_Mosse_DurationalAoeHealPlacement_C,2,PaddingCooldownEffectBaseClass,GE_Hero_Shared_PaddingCooldown,baseline_candidate
GA_Mosse_DurationalAoeHealPlacement_C,3,Visual Effect,GE_Mosse_DurationalAoeHealPlacement_VisualEffect,baseline_candidate
GA_Mosse_ExplosiveMinion_C,0,EffectForShowingStacksAsCharges,GE_Mosse_ExplosiveMinion_Stacker,baseline_candidate
GA_Mosse_ExplosiveMinion_C,1,PaddingCooldownEffectBaseClass,GE_Hero_Shared_PaddingCooldown,baseline_candidate
GA_Mosse_HealingAoeTotem,0,CooldownEffectBaseClass,GE_Shared_Cooldown_DefaultScale,baseline_candidate
GA_Mosse_HealingAoeTotem,1,PaddingCooldownEffectBaseClass,GE_Hero_Shared_PaddingCooldown,baseline_candidate
GA_Mosse_InstantSelfEscapeBuff,0,BuffEffectRef,GE_Mosse_InstantSelfEscapeBuff_Buff,baseline_candidate
GA_Mosse_InstantSelfEscapeBuff,1,CooldownEffectBaseClass,GE_Shared_Cooldown_DefaultScale,baseline_candidate
GA_Mosse_InstantSelfEscapeBuff,2,PaddingCooldownEffectBaseClass,GE_Hero_Shared_PaddingCooldown,baseline_candidate
GA_Mosse_InstantSelfEscapeBuff,3,ReduceThreatEffect,GE_Mosse_InstantSelfEscapeBuff_ReduceThreat,baseline_candidate
GA_Mosse_PinkButterfly_Double,0,ChargeUpEffectRef,GE_Mosse_PinkButterfly_Double_Chargeup,baseline_candidate
GA_Mosse_PinkButterfly_Double,1,PaddingCooldownEffectBaseClass,GE_Hero_Shared_PaddingCooldown,baseline_candidate
GA_Mosse_PinkButterfly_Simple,0,HotEffectRef,GE_Mosse_PinkButterfly_Simple_Hot,baseline_candidate
GA_Mosse_PinkButterfly_Simple,1,PaddingCooldownEffectBaseClass,GE_Hero_Shared_PaddingCooldown,baseline_candidate
GA_Mosse_PlacedAoeBuff,0,CooldownEffectBaseClass,GE_Shared_Cooldown_DefaultScale,baseline_candidate
GA_Mosse_PlacedAoeBuff,1,PaddingCooldownEffectBaseClass,GE_Hero_Shared_PaddingCooldown,baseline_candidate
GA_Mosse_ProjectileTurrets,0,ChargeGameplayEffectClass,GE_Shared_ChargeCooldownNoHaste,baseline_candidate
GA_Mosse_ProjectileTurrets,1,CooldownEffectBaseClass,GE_Shared_Cooldown_DefaultScale,baseline_candidate
GA_Mosse_ProjectileTurrets,2,DamageEffectRef,GE_Mosse_ProjectileTurret_Damage,baseline_candidate
GA_Mosse_ProjectileTurrets,3,PaddingCooldownEffectBaseClass,GE_Hero_Shared_PaddingCooldown,baseline_candidate
GA_Mosse_SharedHealthBuff_C,0,Health Sync Buff Effect,GE_Mosse_SharedHealthBuff_HealthSyncBuff,baseline_candidate
GA_Mosse_SharedHealthBuff_C,1,PaddingCooldownEffectBaseClass,GE_Hero_Shared_PaddingCooldown,baseline_candidate
GA_Mosse_SharedHealthBuff_C,2,Shared Health Buff Effect,GE_Mosse_SharedHealthBuff_Buff,baseline_candidate
GA_Mosse_SingleTargetCastedDamageReduction,0,Buff Effect,GE_Mosse_SingleTargetCastedDamageReductionBuff,baseline_candidate
GA_Mosse_SingleTargetCastedDamageReduction,1,CooldownEffectBaseClass,GE_Shared_Cooldown_DefaultScale,baseline_candidate
GA_Mosse_SingleTargetCastedDamageReduction,2,PaddingCooldownEffectBaseClass,GE_Hero_Shared_PaddingCooldown,baseline_candidate
GA_Mosse_SingleTargetDispel_C,0,CooldownEffectBaseClass,GE_Shared_Cooldown_Static,baseline_candidate
GA_Mosse_SingleTargetDispel_C,1,Dispel Effect,GE_Mosse_SingleTargetDispel_Dispel,baseline_candidate
GA_Mosse_SingleTargetDispel_C,2,PaddingCooldownEffectBaseClass,GE_Hero_Shared_PaddingCooldown,baseline_candidate
GA_Mosse_TurretChannelHeal,0,ChannelEffectRef,GE_Mosse_TurretChannelHeal_Debuff,baseline_candidate
GA_Mosse_TurretChannelHeal,1,CooldownEffectBaseClass,GE_Shared_Cooldown_DefaultScale,baseline_candidate
GA_Mosse_TurretChannelHeal,2,PaddingCooldownEffectBaseClass,GE_Hero_Shared_PaddingCooldown,baseline_candidate
GA_Rime_AutoProjectileOnResourceGainBuff,0,BuffEffectRef,GE_Rime_AutoProjectileOnResourceGainBuff_Buff,baseline_candidate
GA_Rime_AutoProjectileOnResourceGainBuff,1,CooldownEffectBaseClass,GE_Shared_Cooldown_DefaultScale,baseline_candidate
GA_Rime_CastedDebuffAoeDamage,0,AoeDamageEffectRef,GE_Rime_CastedDebuffAoeDamage_Damage,baseline_candidate
GA_Rime_CastedDebuffAoeDamage,1,CooldownEffectBaseClass,GE_Shared_Cooldown_DefaultScale,baseline_candidate
GA_Rime_CastedDebuffAoeDamage,2,DebuffEffectRef,GE_Rime_CastedDebuffAoeDamage_Debuff,baseline_candidate
GA_Rime_CastedProjectileDamageFiller,0,DamageEffectRef,GE_Rime_CastedProjectileDamageFiller_Damage,baseline_candidate
GA_Rime_CastedProjectileDamageOrbSpender,0,DamageEffectRef,GE_Rime_CastedProjectileDamageOrbSpender_Damage,baseline_candidate
GA_Rime_CastedProjectileDamageOrbSpender,1,PaddingCooldownEffectBaseClass,GE_Hero_Shared_PaddingCooldown,baseline_candidate
GA_Rime_CastedProjectileDamageOrbSpender,2,TalentInstantAndBonusDamageEffectRef,GE_Rime_CastedProjectileDamageOrbSpender_Talent_InstantAndBonusDamage_ProcStacker,talent_candidate
GA_Rime_ChanneledBeamSingleDamage,0,AoeEffectRef,GE_Rime_ChanneledBeamSingleDamage_AoeDamage,baseline_candidate
GA_Rime_ChanneledBeamSingleDamage,1,ChannelBuff,GE_Rime_ChanneledBeamSingleDamage_ChannelBuff,baseline_candidate
GA_Rime_ChanneledBeamSingleDamage,2,CooldownEffectBaseClass,GE_Shared_Cooldown_DefaultScale,baseline_candidate
GA_Rime_ChanneledBeamSingleDamage,3,HitEffectRef,GE_Rime_ChanneledBeamSingleDamage_TickDamage,baseline_candidate
GA_Rime_ChanneledBeamSingleDamage,4,PaddingCooldownEffectBaseClass,GE_Hero_Shared_PaddingCooldown,baseline_candidate
GA_Rime_ChanneledBeamSingleDamage,5,Talent CleaveDamage VisualBuff,GE_Rime_Talent_CleaveBuildUpPerTick_VisualBuff,talent_candidate
GA_Rime_DamageAsAoeHealingBuff,0,BuffEffectRef,GE_Rime_DamageAsAoeHealingBuff_SelfBuff,baseline_candidate
GA_Rime_DamageAsAoeHealingBuff,1,CooldownEffectBaseClass,GE_Shared_Cooldown_DefaultScale,baseline_candidate
GA_Rime_DamageAsAoeHealingBuff,2,PaddingCooldownEffectBaseClass,GE_Hero_Shared_PaddingCooldown,baseline_candidate
GA_Rime_DamageAsAoeHealingBuff,3,SpiritBuffEffectRef,GE_Rime_DamageAsAoeHealingBuff_SpiritBuff,baseline_candidate
GA_Rime_DashForward_C,0,ChargeGameplayEffectClass,GE_Shared_ChargeCooldownNoHaste,baseline_candidate
GA_Rime_DashForward_C,1,PaddingCooldownEffectBaseClass,GE_Hero_Shared_PaddingCooldown,baseline_candidate
GA_Rime_FullResourcesSelfBuff,0,BuffEffectRef,GE_Rime_FullResourcesSelfBuff_Buff,baseline_candidate
GA_Rime_FullResourcesSelfBuff,1,PaddingCooldownEffectBaseClass,GE_Hero_Shared_PaddingCooldown,baseline_candidate
GA_Rime_InstantConeKnockback_C,0,CooldownEffectBaseClass,GE_Shared_Cooldown_DefaultScale,baseline_candidate
GA_Rime_InstantConeKnockback_C,1,DebuffEffectRef,GE_Rime_InstantConeKnockback_Debuff,baseline_candidate
GA_Rime_InstantConeKnockback_C,2,PaddingCooldownEffectBaseClass,GE_Hero_Shared_PaddingCooldown,baseline_candidate
GA_Rime_InstantSingleDamage,0,CooldownEffectBaseClass,GE_Shared_Cooldown_DefaultScale,baseline_candidate
GA_Rime_InstantSingleDamage,1,DamageEffectRef,GE_Rime_InstantSingleDamage_Damage,baseline_candidate
GA_Rime_InstantSingleDamage,2,PaddingCooldownEffectBaseClass,GE_Hero_Shared_PaddingCooldown,baseline_candidate
GA_Rime_InstantSingleDamage,3,TalentInstantAndBonusDamageEffectRef,GE_Rime_CastedProjectileDamageOrbSpender_Talent_InstantAndBonusDamage_ProcStacker,talent_candidate
GA_Rime_InstantSingleDamage,4,TalentStackBuffForInstantSingleDamageCleaveRef,GE_Rime_Talent_ChanneledBeamSingleDamage_StackBuffForInstantSingleDamage_CleaveDamage,talent_candidate
GA_Rime_InstantSingleInterrupt_C,0,CooldownEffectBaseClass,GE_Shared_Cooldown_Static,baseline_candidate
GA_Rime_InstantSingleInterrupt_C,1,PaddingCooldownEffectBaseClass,GE_Hero_Shared_PaddingCooldown,baseline_candidate
GA_Rime_OnTargetPulsatingAoe_C,0,PaddingCooldownEffectBaseClass,GE_Hero_Shared_PaddingCooldown,baseline_candidate
GA_Rime_SelfDefenceBuff_C,0,BuffEffectRef,GE_Rime_SelfDefenceBuff_SelfBuff,baseline_candidate
GA_Rime_SelfDefenceBuff_C,1,CooldownEffectBaseClass,GE_Shared_Cooldown_DefaultScale,baseline_candidate
GA_Rime_SelfDefenceBuff_C,2,PaddingCooldownEffectBaseClass,GE_Hero_Shared_PaddingCooldown,baseline_candidate
GA_Rime_Talent_SpendersSwap_MultiTargets,0,PaddingCooldownEffectBaseClass,GE_Hero_Shared_PaddingCooldown,baseline_candidate
GA_Rime_Talent_SpendersSwap_SingleTarget,0,PaddingCooldownEffectBaseClass,GE_Hero_Shared_PaddingCooldown,baseline_candidate
GA_Rime_TargetedPeriodicProjectileAoe,0,BuffEffectRef,GE_Rime_TargetedPeriodicProjectileAoe_AoeBuff,baseline_candidate
GA_Rime_TargetedPeriodicProjectileAoe,1,CooldownEffectBaseClass,GE_Shared_Cooldown_DefaultScale,baseline_candidate
GA_Rime_TargetedPeriodicProjectileAoe,2,PaddingCooldownEffectBaseClass,GE_Hero_Shared_PaddingCooldown,baseline_candidate
GA_Rime_TargetedPeriodicProjectileAoe,3,Talent ChanneledBeamSingleDamage TickRateAndDamageIncrease,GE_Rime_Talent_ChanneledBeamSingleDamage_BoostByCritProc_Proc,talent_candidate
GA_Sune_AoeMelee,0,CooldownEffectBaseClass,GE_Shared_Cooldown_HasteScale,baseline_candidate
GA_Sune_AoeMelee,1,HitEffectRef,GE_Sune_AoeMelee_Damage,baseline_candidate
GA_Sune_AoeMelee,2,PaddingCooldownEffectBaseClass,GE_Hero_Shared_PaddingCooldown,baseline_candidate
GA_Sune_AtTargetInstantAoe,0,AoeEffectRef,GE_Sune_AtTargetInstantAoe_Damage,baseline_candidate
GA_Sune_AtTargetInstantAoe,1,CooldownEffectBaseClass,GE_Shared_Cooldown_HasteScale,baseline_candidate
GA_Sune_AtTargetInstantAoe,2,PaddingCooldownEffectBaseClass,GE_Hero_Shared_PaddingCooldown,baseline_candidate
GA_Sune_AtTargetInstantAoe,3,Talent_AddsDot_Effect,GE_Sune_Talent_AtTargetInstantAoe_AddsDot_Dot,talent_candidate
GA_Sune_BuffedTargetedCastedHealOrDamage,0,BuffEffectRef,GE_Sune_BuffedTargetedCastedHealOrDamage_Buff,baseline_candidate
GA_Sune_BuffedTargetedCastedHealOrDamage,1,CooldownEffectBaseClass,GE_Shared_Cooldown_DefaultScale,baseline_candidate
GA_Sune_CastedSingleTargetHeal,0,HealingEffectRef,GE_Sune_CastedSingleTargetHeal_Heal,baseline_candidate
GA_Sune_CastedSingleTargetHeal,1,PaddingCooldownEffectBaseClass,GE_Hero_Shared_PaddingCooldown,baseline_candidate
GA_Sune_DamageTransferAura,0,CooldownEffectBaseClass,GE_Shared_Cooldown_DefaultScale,baseline_candidate
GA_Sune_DamageTransferAura,1,PaddingCooldownEffectBaseClass,GE_Hero_Shared_PaddingCooldown,baseline_candidate
GA_Sune_DamageTransferAura,2,SelfBuffEffectRef,GE_Sune_DamageTransferAura_SelfBuff,baseline_candidate
GA_Sune_DroppedPulseAoe,0,AoeEffectRef,GE_Sune_DroppedPulseAoe_SelfBuff,baseline_candidate
GA_Sune_DroppedPulseAoe,1,AoePulseEffectRef,GE_Sune_DroppedPulseAoe_Damage,baseline_candidate
GA_Sune_DroppedPulseAoe,2,CooldownEffectBaseClass,GE_Shared_Cooldown_DefaultScale,baseline_candidate
GA_Sune_DroppedPulseAoe,3,PaddingCooldownEffectBaseClass,GE_Hero_Shared_PaddingCooldown,baseline_candidate
GA_Sune_DroppedPulseAoe,4,Talent_DebuffsTargets_Debuff,GE_Sune_Talent_DroppedPulseAoeDebuffsTargets_Debuff,talent_candidate
GA_Sune_InstantCleaveMelee,0,CooldownEffectBaseClass,GE_Shared_Cooldown_HasteScale,baseline_candidate
GA_Sune_InstantCleaveMelee,1,HitEffectRef,GE_Sune_InstantCleaveMelee_Damage,baseline_candidate
GA_Sune_InstantCleaveMelee,2,PaddingCooldownEffectBaseClass,GE_Hero_Shared_PaddingCooldown,baseline_candidate
GA_Sune_InstantConeStunAndPull,0,CooldownEffectBaseClass,GE_Shared_Cooldown_DefaultScale,baseline_candidate
GA_Sune_InstantConeStunAndPull,1,DamageEffectRef,GE_Sune_InstantConeStunAndPull_Damage,baseline_candidate
GA_Sune_InstantConeStunAndPull,2,PaddingCooldownEffectBaseClass,GE_Hero_Shared_PaddingCooldown,baseline_candidate
GA_Sune_InstantConeStunAndPull,3,PullActivatorEffectRef,GE_Sune_InstantConteStunAndPull_Pull_Activator,baseline_candidate
GA_Sune_InstantConeStunAndPull,4,StunEffectRef,GE_Sune_InstantConeStunAndPull_Stun,baseline_candidate
GA_Sune_InstantSingleTargetHealOrDamage,0,DamageEffectRef,GE_Sune_InstantSingleTargetHealOrDamage_Damage,baseline_candidate
GA_Sune_InstantSingleTargetHealOrDamage,1,HealingEffectRef,GE_Sune_InstantSingleTargetHealOrDamage_Heal,baseline_candidate
GA_Sune_InstantSingleTargetHealOrDamage,2,PaddingCooldownEffectBaseClass,GE_Hero_Shared_PaddingCooldown,baseline_candidate
GA_Sune_InstantSingleTargetHealOrDamage,3,Talent_DotHot_Dot,GE_Sune_Talent_InstantSingleTargetHealOrDamage_DotHot_Dot,talent_candidate
GA_Sune_InstantSingleTargetHealOrDamage,4,Talent_DotHot_Hot,GE_Sune_Talent_InstantSingleTargetHealOrDamage_DotHot_Hot,talent_candidate
GA_Sune_MeleeAutoAttack,0,HitEffectRef,GE_Sune_MeleeAutoAttack_Damage,baseline_candidate
GA_Sune_SelfImmunityAndAoeHeal,0,ImmunityBuffEffectRef,GE_Sune_SelfImmunityAndAoeHeal_SelfBuff_Immunity,baseline_candidate
GA_Sune_SelfImmunityAndAoeHeal,1,PaddingCooldownEffectBaseClass,GE_Hero_Shared_PaddingCooldown,baseline_candidate
GA_Sune_SelfImmunityAndAoeHeal,2,SelfBuffEffectRef,GE_Sune_SelfImmunityAndAoeHeal_SelfBuff,baseline_candidate
GA_Sune_SingleTargetAbsorb,0,AbsorbEffectRef,GE_Sune_SingleTargetAbsorb_Absorb,baseline_candidate
GA_Sune_SingleTargetAbsorb,1,CooldownEffectBaseClass,GE_Shared_Cooldown_HasteScale,baseline_candidate
GA_Sune_SingleTargetAbsorb,2,PaddingCooldownEffectBaseClass,GE_Hero_Shared_PaddingCooldown,baseline_candidate
GA_Sune_SingleTargetDamageTransfer,0,BuffEffectRef,GE_Sune_SingleTargetDamageTransfer_Buff,baseline_candidate
GA_Sune_SingleTargetDamageTransfer,1,CooldownEffectBaseClass,GE_Shared_Cooldown_Static,baseline_candidate
GA_Sune_SingleTargetDamageTransfer,2,PaddingCooldownEffectBaseClass,GE_Hero_Shared_PaddingCooldown,baseline_candidate
GA_Sune_SingleTargetFillerMelee,0,DamageEffectRef,GE_Sune_SingleTargetFillerMelee_Damage,baseline_candidate
GA_Sune_SingleTargetFillerMelee,1,DebuffEffectRef,GE_Sune_AoeMeleeDamageBoostAndManaRefundDebuff_Debuff,baseline_candidate
GA_Sune_SingleTargetFillerMelee,2,PaddingCooldownEffectBaseClass,GE_Hero_Shared_PaddingCooldown,baseline_candidate
GA_Sune_SingleTargetFillerMelee,3,Talent_AoeProcBuff_AoeDamageEffect,GE_Sune_Talent_SingleTargetFillerMelee_AoeProcBuff_Damage,talent_candidate
GA_Sune_SingleTargetInterrupt,0,CooldownEffectBaseClass,GE_Shared_Cooldown_Static,baseline_candidate
GA_Sune_SingleTargetInterrupt,1,PaddingCooldownEffectBaseClass,GE_Hero_Shared_PaddingCooldown,baseline_candidate
GA_Sune_SingleTargetTaunt,0,CooldownEffectBaseClass,GE_Shared_Cooldown_Static,baseline_candidate
GA_Sune_SingleTargetTaunt,1,DebuffEffectRef,GE_Sune_SingleTargetTaunt_Taunt,baseline_candidate
GA_Sune_SingleTargetTaunt,2,PaddingCooldownEffectBaseClass,GE_Hero_Shared_PaddingCooldown,baseline_candidate
GA_Sune_TargetedCastedHealOrDamage,0,DamageEffectRef,GE_Sune_TargetedCastedHealOrDamage_Damage,baseline_candidate
GA_Sune_TargetedCastedHealOrDamage,1,HealingEffectRef,GE_Sune_TargetedCastedHealOrDamage_Heal,baseline_candidate
GA_Sune_TargetedCastedHealOrDamage,2,PaddingCooldownEffectBaseClass,GE_Hero_Shared_PaddingCooldown,baseline_candidate
GA_Sune_TargetedLeapAoe,0,AoeDamageEffectRef,GE_Sune_TargetedLeapAoe_Damage,baseline_candidate
GA_Sune_TargetedLeapAoe,1,ChargeGameplayEffectClass,GE_Shared_ChargeCooldownNoHaste,baseline_candidate
GA_Sune_TargetedLeapAoe,2,PaddingCooldownEffectBaseClass,GE_Hero_Shared_PaddingCooldown,baseline_candidate
GA_Sune_TargetedLeapAoe,3,SelfBuffEffectRef,GE_Sune_TargetedLeapAoe_SelfBuff,baseline_candidate
GA_Sune_TargetedLeapAoe,4,Talent_MoveSpeedAndArmorBuff_Effect,GE_Sune_Talent_TargetedLeapAoe_MoveSpeedAndArmorBuff_Buff,talent_candidate
GA_Sune_TargetedLeapAoe,5,Talent_ParryBuff_BuffEffect,GE_Sune_Talent_TargetedLeapAoe_ParryBuff,talent_candidate
GA_Vigor_CastedSingleTargetDamage_C,0,Damage Effect,GE_Vigor_CastedSingleTargetDamage_Damage,baseline_candidate
GA_Vigor_CastedSingleTargetDamage_C,1,TalentSingleTargetChargedHotHealAllyHealEffectRef,GE_Vigor_Talent_CastedSingleTargetDamage_SingleTargetChargedHot_HealAlly_Heal,talent_candidate
GA_Vigor_CastedSingleTargetHeal_C,0,DefaultHealEffect,GE_Vigor_CastedSingleTargetHeal_Heal,baseline_candidate
GA_Vigor_CastedSingleTargetHeal_C,1,PaddingCooldownEffectBaseClass,GE_Hero_Shared_PaddingCooldown,baseline_candidate
GA_Vigor_ChargedMovementSpeedSelfBuff_C,0,Buff Effect,GE_Vigor_ChargedMovementSpeedSelfBuff_SelfBuff,baseline_candidate
GA_Vigor_ChargedMovementSpeedSelfBuff_C,1,ChargeGameplayEffectClass,GE_Shared_ChargeCooldownNoHaste,baseline_candidate
GA_Vigor_ChargedMovementSpeedSelfBuff_C,2,PaddingCooldownEffectBaseClass,GE_Hero_Shared_PaddingCooldown,baseline_candidate
GA_Vigor_ChargedMovementSpeedSelfBuff_C,3,Talent Self Buff Effect,GE_PartyHealAndSelfBuff_SelfBuff,talent_candidate
GA_Vigor_ChargedMovementSpeedSelfBuff_C,4,TalentSelfBuffVisualEffect,GE_Vigor_PartyHealAndSelfBuff_Visual,talent_candidate
GA_Vigor_DamageReductionAndImmunityBuff_C,0,Buff Effect,GE_Vigor_DamageReductionAndImmunityBuff,baseline_candidate
GA_Vigor_DamageReductionAndImmunityBuff_C,1,CooldownEffectBaseClass,GE_Shared_Cooldown_DefaultScale,baseline_candidate
GA_Vigor_DamageReductionAndImmunityBuff_C,2,PaddingCooldownEffectBaseClass,GE_Hero_Shared_PaddingCooldown,baseline_candidate
GA_Vigor_InstantAoeHeal_C,0,CooldownEffectBaseClass,GE_Shared_Cooldown_HasteScale,baseline_candidate
GA_Vigor_InstantAoeHeal_C,1,DamageReductionTalentBuffEffectRef,GE_Vigor_Talent_InstantAoeHeal_DamageReduction_AoeBuff,talent_candidate
GA_Vigor_InstantAoeHeal_C,2,Heal Effect,GE_Vigor_InstantAoeHeal_Heal,baseline_candidate
GA_Vigor_InstantAoeHeal_C,3,PaddingCooldownEffectBaseClass,GE_Hero_Shared_PaddingCooldown,baseline_candidate
GA_Vigor_InstantAoeHeal_C,4,Talent InstantAoeHeal FreePowerProc ActualProc Stacker,GE_Vigor_Talent_InstantFrontalConeDamageHeal_InstantAoeHeal_FreePowerProc_Proc,talent_candidate
GA_Vigor_InstantFrontalConeDamageHeal_C,0,CooldownEffectBaseClass,GE_Shared_Cooldown_HasteScale,baseline_candidate
GA_Vigor_InstantFrontalConeDamageHeal_C,1,Damage Effect Class,GE_Vigor_InstantFrontalConeDamageHeal_Damage,baseline_candidate
GA_Vigor_InstantFrontalConeDamageHeal_C,2,Heal Effect Class,GE_Vigor_InstantFrontalConeDamageHeal_Heal,baseline_candidate
GA_Vigor_InstantFrontalConeDamageHeal_C,3,PaddingCooldownEffectBaseClass,GE_Hero_Shared_PaddingCooldown,baseline_candidate
GA_Vigor_InstantFrontalConeDamageHeal_C,4,Talent InstantFrontalCone Proc Effect,GE_Vigor_Talent_InstantFrontalConeDamageHeal_DotProc_Proc,talent_candidate
GA_Vigor_InstantResourceGain,0,BuffEffectRef,GE_Vigor_InstantResourceGain_Buff,baseline_candidate
GA_Vigor_InstantResourceGain,1,CooldownEffectBaseClass,GE_Shared_Cooldown_DefaultScale,baseline_candidate
GA_Vigor_InstantResourceGain,2,EffectRef,GE_Vigor_InstantResourceGain,baseline_candidate
GA_Vigor_InstantResourceGain,3,PaddingCooldownEffectBaseClass,GE_Hero_Shared_PaddingCooldown,baseline_candidate
GA_Vigor_PartyHealAndSelfBuff_C,0,CooldownEffectBaseClass,GE_Shared_Cooldown_DefaultScale,baseline_candidate
GA_Vigor_PartyHealAndSelfBuff_C,1,Heal Effect,GE_Vigor_PartyHealAndSelfBuff_Heal,baseline_candidate
GA_Vigor_PartyHealAndSelfBuff_C,2,PaddingCooldownEffectBaseClass,GE_Hero_Shared_PaddingCooldown,baseline_candidate
GA_Vigor_PartyHealAndSelfBuff_C,3,Self Buff Effect,GE_PartyHealAndSelfBuff_SelfBuff,baseline_candidate
GA_Vigor_Passive_Echo_Monitor_C,0,Relevant Echo Trigger Effect Array,GE_Vigor_CastedSingleTargetHeal_Heal,baseline_candidate
GA_Vigor_Passive_Echo_Monitor_C,1,Relevant Echo Trigger Effect Array,GE_Vigor_InstantAoeHeal_Heal,baseline_candidate
GA_Vigor_Passive_Echo_Monitor_C,2,Relevant Echo Trigger Effect Array,GE_Vigor_InstantFrontalConeDamageHeal_Heal,baseline_candidate
GA_Vigor_Passive_Echo_Monitor_C,3,Relevant Echo Trigger Effect Array,GE_Vigor_PartyHealAndSelfBuff_Heal,baseline_candidate
GA_Vigor_Passive_Echo_Monitor_C,4,Relevant Echo Trigger Effect Array,GE_Vigor_SingleTargetChargedHot_DirectHeal,baseline_candidate
GA_Vigor_Passive_Echo_Monitor_C,5,Relevant Echo Trigger Effect Array,GE_Vigor_SkillshotAoeProjectile_Heal,baseline_candidate
GA_Vigor_SingleAllyDispel_C,0,CooldownEffectBaseClass,GE_Shared_Cooldown_Static,baseline_candidate
GA_Vigor_SingleAllyDispel_C,1,Dispel Effect,GE_Vigor_SingleAllyDispel_Dispel,baseline_candidate
GA_Vigor_SingleAllyDispel_C,2,PaddingCooldownEffectBaseClass,GE_Hero_Shared_PaddingCooldown,baseline_candidate
GA_Vigor_SingleTargetAbsorb,0,BuffEffectRef,GE_Vigor_SingleTargetAbsorb_Absorb,baseline_candidate
GA_Vigor_SingleTargetAbsorb,1,CooldownEffectBaseClass,GE_Shared_Cooldown_HasteScale,baseline_candidate
GA_Vigor_SingleTargetAbsorb,2,PaddingCooldownEffectBaseClass,GE_Hero_Shared_PaddingCooldown,baseline_candidate
GA_Vigor_SingleTargetAbsorb,3,SpiritProcBuff_NextRuneSpenderIncreasedPower EffectRef,GE_Vigor_Talent_SpiritProcBuff_NextRuneSpenderIncreasedPower_Proc,baseline_candidate
GA_Vigor_SingleTargetChargedHot_C,0,Direct Heal Effect,GE_Vigor_SingleTargetChargedHot_DirectHeal,baseline_candidate
GA_Vigor_SingleTargetChargedHot_C,1,Echo Heal Effect,GE_Vigor_SingleTargetEchoProccer_Buff,baseline_candidate
GA_Vigor_SingleTargetChargedHot_C,2,PaddingCooldownEffectBaseClass,GE_Hero_Shared_PaddingCooldown,baseline_candidate
GA_Vigor_SingleTargetChargedHot_C,3,SpiritProcBuff_NextRuneSpenderIncreasedPower EffectRef,GE_Vigor_Talent_SpiritProcBuff_NextRuneSpenderIncreasedPower_Proc,baseline_candidate
GA_Vigor_SingleTargetDot_C,0,DotEffect,GE_Vigor_SingleTargetDot_Dot,baseline_candidate
GA_Vigor_SingleTargetDot_C,1,PaddingCooldownEffectBaseClass,GE_Hero_Shared_PaddingCooldown,baseline_candidate
GA_Vigor_SingleTargetDot_C,2,SpiritProcBuff_NextRuneSpenderIncreasedPower EffectRef,GE_Vigor_Talent_SpiritProcBuff_NextRuneSpenderIncreasedPower_Proc,baseline_candidate
GA_Vigor_SingleTargetDot_C,3,TalentAllyHealEffectRef,GE_Vigor_Talent_SingleTargetDot_BuffActiveAdditionalDirectDamage_DamageHealsAlly_Heal,talent_candidate
GA_Vigor_SkillshotAoeProjectile,0,Active Proc Effect,GE_Vigor_SkillshotAoeProjectile_ActiveProjectileProc,baseline_candidate
GA_Vigor_SkillshotAoeProjectile,1,CooldownEffectBaseClass,GE_Shared_Cooldown_HasteScale,baseline_candidate
GA_Vigor_SkillshotAoeProjectile,2,DamageEffectRef,GE_Vigor_SkillshotAoeProjectile_Damage,baseline_candidate
GA_Vigor_SkillshotAoeProjectile,3,HealingEffectRef,GE_Vigor_SkillshotAoeProjectile_Heal,baseline_candidate
GA_Vigor_SkillshotAoeProjectile,4,PaddingCooldownEffectBaseClass,GE_Hero_Shared_PaddingCooldown,baseline_candidate
GA_Vigor_SkillshotAoeProjectile,5,SpiritProcBuff_NextRuneSpenderIncreasedPower EffectRef,GE_Vigor_Talent_SpiritProcBuff_NextRuneSpenderIncreasedPower_Proc,baseline_candidate
GA_Warmaster_AoeIncite,0,AoeBuffRef,GE_Warmaster_AoeIncite_FriendlyAura_Buff,baseline_candidate
GA_Warmaster_AoeIncite,1,CooldownEffectBaseClass,GE_Shared_Cooldown_DefaultScale,baseline_candidate
GA_Warmaster_AoeIncite,2,SelfBuffRef,GE_Warmaster_AoeIncite_SelfBuff,baseline_candidate
GA_Warmaster_AoeIncite,3,TargetDebuffRef,GE_Warmaster_AoeIncite_InciteTarget,baseline_candidate
GA_Warmaster_BouncyProjectile_C,0,CooldownEffectBaseClass,GE_Shared_Cooldown_HasteScale,baseline_candidate
GA_Warmaster_BouncyProjectile_C,1,DamageEffectRef,GE_Warmaster_BouncyProjectile_Damage,baseline_candidate
GA_Warmaster_BouncyProjectile_C,2,PaddingCooldownEffectBaseClass,GE_Hero_Shared_PaddingCooldown,baseline_candidate
GA_Warmaster_DefenceBuff_C,0,BuffEffectRef,GE_Warmaster_DefenceBuff_Buff,baseline_candidate
GA_Warmaster_DefenceBuff_C,1,PaddingCooldownEffectBaseClass,GE_Hero_Shared_PaddingCooldown,baseline_candidate
GA_Warmaster_HeavyMelee_C,0,CleaveEffectRef,GE_Warmaster_HeavyMelee_CleaveDamage,baseline_candidate
GA_Warmaster_HeavyMelee_C,1,CooldownEffectBaseClass,GE_Shared_Cooldown_HasteScale,baseline_candidate
GA_Warmaster_HeavyMelee_C,2,DamageEffectRef,GE_Warmaster_HeavyMelee_Damage,baseline_candidate
GA_Warmaster_HeavyMelee_C,3,MeleeCleaveBonusProcEffectRef,GE_Warmaster_MeleeCleaveBonusProc,baseline_candidate
GA_Warmaster_HeavyMelee_C,4,PaddingCooldownEffectBaseClass,GE_Hero_Shared_PaddingCooldown,baseline_candidate
GA_Warmaster_InstantMeleeCleave,0,CooldownEffectBaseClass,GE_Shared_Cooldown_DefaultScale,baseline_candidate
GA_Warmaster_InstantMeleeCleave,1,DamageEffectRef,GE_Warmaster_InstantMeleeCleave_Damage,baseline_candidate
GA_Warmaster_InstantMeleeCleave,2,DebuffEffectRef,GE_Warmaster_InstantMeleeCleave_BleedDebuff,baseline_candidate
GA_Warmaster_InstantMeleeCleave,3,EnfeebleEffectRef,GE_Warmaster_InstantMeleeCleave_BleedDebuff_EnfeeblingEffect,baseline_candidate
GA_Warmaster_InstantMeleeCleave,4,PaddingCooldownEffectBaseClass,GE_Hero_Shared_PaddingCooldown,baseline_candidate
GA_Warmaster_InstantMeleeCleave,5,PassiveHealthRegenEffectRef,GE_Warmaster_PassiveHealthRegen,baseline_candidate
GA_Warmaster_InstantMeleeCleave,6,Talent AttackSpeedSlowDebuff Ref,GE_Warmaster_Talent_InstantMeleeCleave_ReducedAttackSpeed_Debuff,talent_candidate
GA_Warmaster_LightMelee_C,0,DamageEffectRef,GE_Warmaster_LightMelee_Damage,baseline_candidate
GA_Warmaster_LightMelee_C,1,PaddingCooldownEffectBaseClass,GE_Hero_Shared_PaddingCooldown,baseline_candidate
GA_Warmaster_LightMelee_C,2,Talent MeleeCleave Tier2 MeleeCleaveDamageIncreaseFreeCastProc Effect,GE_Warmaster_Talent_MeleeCleave_Tier2_MeleeCleaveDamageIncreaseFreeCastProc,talent_candidate
GA_Warmaster_MeleeAoeSlow_C,0,CooldownEffectBaseClass,GE_Shared_Cooldown_HasteScale,baseline_candidate
GA_Warmaster_MeleeAoeSlow_C,1,DamageEffectRef,GE_Warmaster_MeleeAoeSlow_Damage,baseline_candidate
GA_Warmaster_MeleeAoeSlow_C,2,PaddingCooldownEffectBaseClass,GE_Hero_Shared_PaddingCooldown,baseline_candidate
GA_Warmaster_MeleeAoeSlow_C,3,RegularDebuffEffectRef,GE_Warmaster_MeleeAoeSlow_Debuff,baseline_candidate
GA_Warmaster_MeleeAoeSlow_C,4,TalentStunEffectRef,GE_Warmaster_MeleeAoeSlow_Stun,talent_candidate
GA_Warmaster_MeleeAoeSlow_C,5,VisibleDebuffEffectRef,GE_Warmaster_MeleeAoeSlow_DebuffIcon,baseline_candidate
GA_Warmaster_MeleeAutoAttack_C,0,HitEffectRef,GE_Warmaster_MeleeAutoAttack_Damage,baseline_candidate
GA_Warmaster_MeleeCleave_C,0,AbsorbEffectRef,GE_Warmaster_MeleeCleave_Absorb,baseline_candidate
GA_Warmaster_MeleeCleave_C,1,CleaveEffectRef,GE_Warmaster_MeleeCleave_CleaveDamage,baseline_candidate
GA_Warmaster_MeleeCleave_C,2,DamageEffectRef,GE_Warmaster_MeleeCleave_Damage,baseline_candidate
GA_Warmaster_MeleeCleave_C,3,DamageReductionEffectRef,GE_Warmaster_MeleeCleave_ReducedIncomingDamageFromTarget_Debuff,baseline_candidate
GA_Warmaster_MeleeCleave_C,4,PaddingCooldownEffectBaseClass,GE_Hero_Shared_PaddingCooldown,baseline_candidate
GA_Warmaster_MeleeInterrupt_C,0,CooldownEffectBaseClass,GE_Shared_Cooldown_Static,baseline_candidate
GA_Warmaster_MeleeInterrupt_C,1,PaddingCooldownEffectBaseClass,GE_Hero_Shared_PaddingCooldown,baseline_candidate
GA_Warmaster_MoveSpeedBuff,0,AllyBuffEffectRef,GE_Warmaster_MoveSpeedBuff_AllyBuff,baseline_candidate
GA_Warmaster_MoveSpeedBuff,1,CooldownEffectBaseClass,GE_Shared_Cooldown_DefaultScale,baseline_candidate
GA_Warmaster_MoveSpeedBuff,2,MeleeCleaveAbsorbBuffEffect Ref,GE_Warmaster_MeleeCleave_AbsorbBuff_SelfBuff,baseline_candidate
GA_Warmaster_MoveSpeedBuff,3,PaddingCooldownEffectBaseClass,GE_Hero_Shared_PaddingCooldown,baseline_candidate
GA_Warmaster_MoveSpeedBuff,4,SelfBuffEffectRef,GE_Warmaster_MoveSpeedBuff_SelfBuff,baseline_candidate
GA_Warmaster_MoveToTargetStun_C,0,CooldownEffectBaseClass,GE_Shared_Cooldown_DefaultScale,baseline_candidate
GA_Warmaster_MoveToTargetStun_C,1,DebuffEffectRef,GE_Warmaster_MoveToTargetStun_Stun,baseline_candidate
GA_Warmaster_MoveToTargetStun_C,2,HitEffectRef,GE_Warmaster_MoveToTargetStun_Damage,baseline_candidate
GA_Warmaster_MoveToTargetStun_C,3,PaddingCooldownEffectBaseClass,GE_Hero_Shared_PaddingCooldown,baseline_candidate
GA_Warmaster_MoveToTargetStun_C,4,Talent Move Speed Effect,GE_Warmaster_Talent_MoveToTargetStun_IncreasedMoveSpeed,talent_candidate
GA_Warmaster_NoResourceLossSelfBuff_C,0,BuffEffectRef,GE_Warmaster_NoResourceLossSelfBuff_Buff,baseline_candidate
GA_Warmaster_NoResourceLossSelfBuff_C,1,CooldownEffectBaseClass,GE_Shared_Cooldown_DefaultScale,baseline_candidate
GA_Warmaster_NoResourceLossSelfBuff_C,2,PaddingCooldownEffectBaseClass,GE_Hero_Shared_PaddingCooldown,baseline_candidate
GA_Warmaster_RangedTaunt_C,0,CooldownEffectBaseClass,GE_Shared_Cooldown_Static,baseline_candidate
GA_Warmaster_RangedTaunt_C,1,DebuffEffectRef,GE_Warmaster_RangedTaunt_Debuff,baseline_candidate
GA_Warmaster_RangedTaunt_C,2,PaddingCooldownEffectBaseClass,GE_Hero_Shared_PaddingCooldown,baseline_candidate
GA_Warmaster_ShieldSelfBuff,0,BuffEffectRef,GE_Warmaster_ShieldSelfBuff_Buff,baseline_candidate
GA_Warmaster_ShieldSelfBuff,1,PaddingCooldownEffectBaseClass,GE_Hero_Shared_PaddingCooldown,baseline_candidate
GE_Firemage_PlacedProjectileAoe_DirectDamageBased_Dot,0,DamageEffectRef,GE_Firemage_PlacedProjectileAoe_Damage,baseline_candidate
GE_Firemage_PlacedProjectileAoe_DirectDamageBased_Dot,1,DotEffectRef,GE_Firemage_PlacedProjectileAoe_DirectDamageBased_Dot,baseline_candidate
