id,constants_ordinal,name,curve_ref,value_known,value_curve_ref,value_default,value_unresolved_reason
GA_Bowguy_AoeProjectileDamage_C,0,CastedProjectileDamage_AoeProjectileDamageEmpowered MinProjectiles,Bowguy.CastedProjectileDamage.Talent.AoeProjectileDamageEmpowered.MinNumOfProjectiles,3.0,,,
GA_Bowguy_AoeProjectileDamage_C,1,Cleave Angle,Bowguy.AoeProjectileDamage.CleaveAngel,100.0,,,
GA_Bowguy_AoeProjectileDamage_C,2,Cylinder Radius,Bowguy.AoeProjectileDamage.MaxRadius,600.0,,,
GA_Bowguy_AoeProjectileDamage_C,3,MaxRangeRef,Bowguy.RangedRange,3000.0,,,
GA_Bowguy_AoeProjectileDamage_C,4,Min Targets For Cooldown Reduction,Bowguy.AoeProjectileDamage.DamageBounceSelfBuff.MinTargetsForCooldownReduction,3.0,,,
GA_Bowguy_AoeProjectileDamage_C,5,Multishot Proc Damage Scaler Ref,Bowguy.AoeProjectileDamage.Proc.DamageMultiplier,2.0,,,
GA_Bowguy_AoeProjectileDamage_C,6,Target Count Threshold Ref,Bowguy.AoeProjectileDamage.TargetCountThreshold,12.0,,,
GA_Bowguy_CastedBouncyProjectileDamage_C,0,Additional Delay After Roll,Bowguy.ChargedMoveWithDirection.AdditionalCastDelayAtEnd,0.3,,,
GA_Bowguy_CastedBouncyProjectileDamage_C,1,CastingDuration,Bowguy.CastedBouncyProjectileDamage.CastDuration,2.0,,,
GA_Bowguy_CastedBouncyProjectileDamage_C,2,Debuff Damage Multiplier,Bowguy.IncreasedDamageDebuff.DamageMultiplier,2.0,,,
GA_Bowguy_CastedBouncyProjectileDamage_C,3,Max Radius Between Targets,Bowguy.CastedBouncyProjectileDamage.MaxSearchRadius,8000.0,,,
GA_Bowguy_CastedBouncyProjectileDamage_C,4,MaxRangeRef,Bowguy.RangedRange,3000.0,,,
GA_Bowguy_CastedBouncyProjectileDamage_C,5,Projectile Max Speed,Bowguy.CastedBouncyProjectileDamage.ProjectileMaxSpeed,4000.0,,,
GA_Bowguy_CastedProjectileDamage_C,0,Additional Delay After Roll,Bowguy.ChargedMoveWithDirection.AdditionalCastDelayAtEnd,0.3,,,
GA_Bowguy_CastedProjectileDamage_C,1,CastingDuration,Bowguy.CastedProjectileDamage.CastDuration,1.5,,,
GA_Bowguy_CastedProjectileDamage_C,2,Focus Gain,Bowguy.CastedProjectileDamage.FocusGain,20.0,,,
GA_Bowguy_CastedProjectileDamage_C,3,MaxRangeRef,Bowguy.RangedRange,3000.0,,,
GA_Bowguy_CastedProjectileDamage_C,4,Proc Chance,Bowguy.RangedAutoAttack.Proc.Chance,2.0,,,
GA_Bowguy_CastedProjectileDamage_C,5,Talent Enhanced ResourceGenerationScaler Ref,Bowguy.CastedProjectileDamage.Talent.Enhanced.ResourceGenerationScaler,0.5,,,
GA_Bowguy_CastedProjectileHeavyDamage_C,0,Additional Delay After Roll,Bowguy.ChargedMoveWithDirection.AdditionalCastDelayAtEnd,0.3,,,
GA_Bowguy_CastedProjectileHeavyDamage_C,1,Bounce Damage Multiplier after First Hit,Bowguy.CastedProjectileHeavyDamage.BounceDamageMultiplierAfterFirstHit,0.5,,,
GA_Bowguy_CastedProjectileHeavyDamage_C,2,Bounce Max Targets,Bowguy.DamageBounceSelfBuff.Bounce.MaxTargets,3.0,,,
GA_Bowguy_CastedProjectileHeavyDamage_C,3,CastingDuration,Bowguy.CastedProjectileHeavyDamage.CastDuration,2.0,,,
GA_Bowguy_CastedProjectileHeavyDamage_C,4,ChanceToHaveIncreasedCritChance AddedCrit,Bowguy.CastedProjectileHeavyDamage.Talent.ChanceToHaveIncreasedCritChance.AddedCritChance,1.0,,,
GA_Bowguy_CastedProjectileHeavyDamage_C,5,ChanceToHaveIncreasedCritChance ProcChance,Bowguy.CastedProjectileHeavyDamage.Talent.ChanceToHaveIncreasedCritChance.ProcChance,0.4,,,
GA_Bowguy_CastedProjectileHeavyDamage_C,6,CooldownDuration,Bowguy.CastedProjectileHeavyDamage.Cooldown,15.0,,,
GA_Bowguy_CastedProjectileHeavyDamage_C,7,DamageAgilityCoefficientRef,Bowguy.CastedProjectileHeavyDamage.AgilityCoefficient,13.6673,,,
GA_Bowguy_CastedProjectileHeavyDamage_C,8,IncreasedIncomingDamageDebuff DamageMultiplier,Bowguy.CastedProjectileHeavyDamage.Talent.IncreasedIncomingDamageDebuff.IncomingDamageMultiplier,1.08,,,
GA_Bowguy_CastedProjectileHeavyDamage_C,9,InstantNoCooldownProc DamageScale,Bowguy.CastedProjectileHeavyDamage.Talent.InstantNoCooldownProc.DamageScaleWhenHittingInsantMarkTarget,1.5,,,
GA_Bowguy_CastedProjectileHeavyDamage_C,10,Max Charges,Bowguy.CastedProjectileHeavyDamage.MaxCharges,3.0,,,
GA_Bowguy_CastedProjectileHeavyDamage_C,11,MaxRangeRef,Bowguy.RangedRange,3000.0,,,
GA_Bowguy_CastedProjectileHeavyDamage_C,12,StacksMoreDamageAndBounces Max Bounces,Bowguy.CastedProjectileHeavyDamage.Talent.StacksMoreDamageAndBounces.MaxBounces,9.0,,,
GA_Bowguy_ChanneledMultiProjectileDebuff_C,0,Angle Degrees,Bowguy.ChanneledMultiProjectileDebuff.SearchMaxAngle,320.0,,,
GA_Bowguy_ChanneledMultiProjectileDebuff_C,1,Channel Duration Ref,Bowguy.ChanneledMultiProjectileDebuff.ChannelDuration,2.0,,,
GA_Bowguy_ChanneledMultiProjectileDebuff_C,2,ChannelingTickInterval,Bowguy.ChanneledMultiProjectileDebuff.TickInterval,0.2,,,
GA_Bowguy_ChanneledMultiProjectileDebuff_C,3,CooldownDuration,Bowguy.ChanneledMultiProjectileDebuff.Cooldown,20.0,,,
GA_Bowguy_ChanneledMultiProjectileDebuff_C,4,Increased Channel Duration,Bowguy.ChanneledMultiProjectileDebuff.Talent.IncreasedChannelDuration.Amount,0.5,,,
GA_Bowguy_ChanneledMultiProjectileDebuff_C,5,Max Ticks,Bowguy.ChanneledMultiProjectileDebuff.MaxTicks,10.0,,,
GA_Bowguy_ChanneledMultiProjectileDebuff_C,6,MaxRadiusFromTarget,Bowguy.ChanneledMultiProjectileDebuff.MaxRadiusFromTarget,1000.0,,,
GA_Bowguy_ChanneledMultiProjectileDebuff_C,7,MaxRangeRef,Bowguy.RangedRange,3000.0,,,
GA_Bowguy_ChanneledMultiProjectileDebuff_C,8,ResetCooldownAndBuff DamageBonus,Bowguy.ChanneledMultiProjectileDebuff.Talent.ResetCooldownAndBuff.AdditionalDamagePerProjectile,0.1,,,
GA_Bowguy_ChanneledMultiProjectileDebuff_C,9,Riccochet Additional Targets,Bowguy.ChanneledMultiProjectileDebuff.Talent.Riccochet.AdditionalTargets,1.0,,,
GA_Bowguy_ChanneledMultiProjectileDebuff_C,10,Tick Interval,Bowguy.ChanneledMultiProjectileDebuff.TickInterval,0.2,,,
GA_Bowguy_ChargedMoveWithDirection_C,0,CooldownDuration,Bowguy.ChargedMoveWithDirection.ChargeTime,8.0,,,
GA_Bowguy_ChargedMoveWithDirection_C,1,InAirExitSpeed Ref,Bowguy.ChargedMoveWithDirection.InAirExitSpeed,1000.0,,,
GA_Bowguy_ChargedMoveWithDirection_C,2,Max Charges,Bowguy.ChargedMoveWithDirection.MaxCharges,3.0,,,
GA_Bowguy_ChargedMoveWithDirection_C,3,Max Distance,Bowguy.ChargedMoveWithDirection.MaxDistance,1000.0,,,
GA_Bowguy_ChargedMoveWithDirection_C,4,Speed Ref,Bowguy.ChargedMoveWithDirection.Speed,2500.0,,,
GA_Bowguy_DurationalAoeDamage_C,0,CastingDuration,Bowguy.DurationalAoeDamage.CastTime,1.5,,,
GA_Bowguy_InstantMarkTarget_C,0,AdditionalTargetRadiusRef,Bowguy.InstantMarkTarget.AdditionalTargetsRadius,850.0,,,
GA_Bowguy_InstantMarkTarget_C,1,CooldownDuration,Bowguy.DamageBounceSelfBuff.Cooldown,40.0,,,
GA_Bowguy_InstantMarkTarget_C,2,Max Range Ref,Bowguy.InstantMarkTarget.MaxRange,3000.0,,,
GA_Bowguy_InstantMarkTarget_C,3,StacksApplied,Bowguy.InstantMarkTarget.StacksApplied,3.0,,,
GA_Bowguy_InstantSingleInterrupt_C,0,CooldownDuration,Bowguy.InstantSingleInterrupt.Cooldown,20.0,,,
GA_Bowguy_InstantSingleInterrupt_C,1,MaxRangeRef,Bowguy.RangedRange,3000.0,,,
GA_Bowguy_Passive_InstantMarkTarget_Monitor_C,0,AoeDamageScaleTargetCountThreshold Ref,Bowguy.InstantMarkTarget.AdditionalHit.Aoe.TargetCountThreshold,12.0,,,
GA_Bowguy_Passive_InstantMarkTarget_Monitor_C,1,AoeHeightRef,Bowguy.InstantMarkTarget.AdditionalHit.Aoe.Height,500.0,,,
GA_Bowguy_Passive_InstantMarkTarget_Monitor_C,2,AoeRadiusRef,Bowguy.InstantMarkTarget.AdditionalHit.Aoe.Radius,800.0,,,
GA_Bowguy_Passive_InstantMarkTarget_Monitor_C,3,InstantMarkTarget IncreasedInstantMarkTriggerChance ChanceMultiplier,Bowguy.InstantMarkTarget.Talent.IncreasedInstantMarkTriggerChance.ChanceMultiplier,2.0,,,
GA_Bowguy_Passive_InstantMarkTarget_Monitor_C,4,Lunarlight ChanceToProc,Bowguy.InstantMarkTarget.AdditionalHit.ChanceToProc,0.25,,,
GA_Bowguy_Passive_InstantMarkTarget_Monitor_C,5,Lunarlight ChanceToProc IfCrit,Bowguy.InstantMarkTarget.AdditionalHit.ChanceToProcIfCrit,0.5,,,
GA_Bowguy_Passive_InstantMarkTarget_Monitor_C,6,SingleProjectileDamage ChanceInstantMarkTarget AdditionalChance,Bowguy.SingleProjectileDamage.Talent.ChanceInstantMarkTarget.ChanceMultiply,1.0,,,
GA_Bowguy_Passive_InstantMarkTarget_Monitor_C,7,SplashDamageScaleRef,Bowguy.InstantMarkTarget.AdditionalHit.DamageScale,1.0,,,
GA_Bowguy_Passive_InstantMarkTarget_Monitor_C,8,SplashZoneRadiusRef,Bowguy.InstantMarkTarget.AdditionalHit.MaxRadius,3000.0,,,
GA_Bowguy_Passive_InstantMarkTarget_Monitor_C,9,TargetedAoeDamage IncreasedInstantMarkTargetTriggerChance AddedCrit,Bowguy.TargetedAoeDamage.Talent.IncreasedInstantMarkTriggerChance.AddedCritChance,0.2,,,
GA_Bowguy_ProcHasteBuff_C,0,CooldownDuration,Bowguy.ProcHasteBuff.Cooldown,120.0,,,
GA_Bowguy_ProcHasteBuff_C,1,Modifier,Bowguy.ProcHasteBuff.Talent.Passive.ReducedCooldown.CooldownScaler,0.8,,,
GA_Bowguy_RangedAutoAttack_C,0,MaxRangeRef,Bowguy.RangedRange,3000.0,,,
GA_Bowguy_RangedAutoAttack_C,1,Proc Chance,Bowguy.RangedAutoAttack.Proc.Chance,2.0,,,
GA_Bowguy_ReducedCostCooldownRecoveryBuff_C,0,CastingDuration,Bowguy.ReducedCostCooldownRecoveryBuff.CastTime,0.7,,,
GA_Bowguy_SelfBuffForAoeProjectile_C,0,ChargesCooldownAndDuration Max Stacks,Bowguy.SelfBuffForAoeProjectile.MaxStacks,4.0,,,
GA_Bowguy_SelfBuffForAoeProjectile_C,1,CooldownDuration,Bowguy.SelfBuffForAoeProjectile.Cooldown,45.0,,,
GA_Bowguy_SelfBuffForAoeProjectile_C,2,Cost Multiplier,Bowguy.SelfBuffForAoeProjectile.CostMultiplier,0.5,,,
GA_Bowguy_SelfBuffForAoeProjectile_C,3,Min Projectiles,Bowguy.SelfBuffForAoeProjectile.MinProjectiles,3.0,,,
GA_Bowguy_SelfBuffForAoeProjectile_C,4,Modifier,Bowguy.SelfBuffForAoeProjectile.Talent.ChargesCooldownAndDuration.CooldownReductionInSeconds,10.0,,,
GA_Bowguy_SelfDefenceBuff_C,0,CooldownDuration,Bowguy.SelfDefenceBuff.Cooldown,30.0,,,
GA_Bowguy_SingleProjectileDamage_C,0,MaxRangeRef,Bowguy.RangedRange,3000.0,,,
GA_Bowguy_SingleProjectileDamage_C,1,StacksApplied,Bowguy.InstantMarkTarget.StacksApplied,3.0,,,
GA_Bowguy_TargetedAoeDamage_C,0,BaseRadius,Bowguy.TargetedAoeDamage.Radius,700.0,,,
GA_Bowguy_TargetedAoeDamage_C,1,CooldownDuration,Bowguy.TargetedAoeDamage.Cooldown,40.0,,,
GA_Bowguy_TargetedAoeDamage_C,2,Duration,Bowguy.TargetedAoeDamage.Duration,8.0,,,
GA_Bowguy_TargetedAoeDamage_C,3,Max Range Ref,Bowguy.RangedRange,3000.0,,,
GA_Bowguy_TargetedAoeDamage_C,4,RangeDown,Bowguy.PlacedAOEMaxRangeDown,2000.0,,,
GA_Bowguy_TargetedAoeDamage_C,5,RangeHorizontal,Bowguy.PlacedAOEMaxRangeHorizontal,3000.0,,,
GA_Bowguy_TargetedAoeDamage_C,6,RangeUp,Bowguy.PlacedAOEMaxRangeUp,1500.0,,,
GA_Bowguy_TargetedAoeDamage_C,7,Target Count Threshold,Bowguy.TargetedAoeDamage.TargetCountThreshold,12.0,,,
GA_Bowguy_TargetedAoeDamage_C,8,Tick Interval,Bowguy.TargetedAoeDamage.TickInterval,1.0,,,
GA_Bowguy_TargetedAoePull_C,0,BaseRadius,Bowguy.TargetedAoePull.Radius,800.0,,,
GA_Bowguy_TargetedAoePull_C,1,CooldownDuration,Bowguy.TargetedAoePull.Cooldown,120.0,,,
GA_Bowguy_TargetedAoePull_C,2,Modifier,Bowguy.TargetedAoePull.Talent.ChargedLongerCooldown.AdditionalCooldownInSeconds,30.0,,,
GA_Bowguy_TargetedAoePull_C,3,Projectile Speed,Bowguy.TargetedAoePull.ProjectileSpeed,8000.0,,,
GA_Bowguy_TargetedAoePull_C,4,RangeDown,Bowguy.PlacedAOEMaxRangeDown,2000.0,,,
GA_Bowguy_TargetedAoePull_C,5,RangeHorizontal,Bowguy.PlacedAOEMaxRangeHorizontal,3000.0,,,
GA_Bowguy_TargetedAoePull_C,6,RangeUp,Bowguy.PlacedAOEMaxRangeUp,1500.0,,,
GA_Bowguy_TargetedAoePull_C,7,TargetedAoePull_ChargedLongerCooldown Charges,Bowguy.TargetedAoePull.Talent.ChargedLongerCooldown.MaxCharges,2.0,,,
GA_Gunde_BasicSingleTargetAttack,0,FirstHitVisualDelayRef,Gunde.BasicSingleTargetAttack.FirstVisualHitDelay,0.1,,,
GA_Gunde_BasicSingleTargetAttack,1,MeleeMaxRangeRef,Gunde.MeleeRange,500.0,,,
GA_Gunde_BasicSingleTargetAttack,2,RangedMaxRangeRef,Gunde.BasicSingleTargetAttack.MaxRange,3000.0,,,
GA_Gunde_BasicSingleTargetAttack,3,SecondHitVisualDelayRef,Gunde.BasicSingleTargetAttack.SecondVisualHitDelay,0.45,,,
GA_Gunde_DamageReductionSelfBuff,0,CooldownDuration,Gunde.DamageReductionSelfBuff.Cooldown,30.0,,,
GA_Gunde_DamageReductionSelfBuff,1,VisualDelayRef,Gunde.DamageReductionSelfBuff.VisualDelay,0.24,,,
GA_Gunde_DashAttack,0,CooldownDuration,Gunde.DashAttack.CooldownDuration,8.0,,,
GA_Gunde_DashAttack,1,Cylinder Radius,Gunde.DashAttack.DamageRadius,250.0,,,
GA_Gunde_DashAttack,2,InAirExitSpeed Ref,Gunde.DashAttack.InAirExitSpeed,1000.0,,,
GA_Gunde_DashAttack,3,Max Charges,Gunde.DashAttack.MaxCharges,2.0,,,
GA_Gunde_DashAttack,4,Max Distance,Gunde.DashAttack.MaxDistance,1000.0,,,
GA_Gunde_DashAttack,5,Speed Ref,Gunde.DashAttack.Speed,2500.0,,,
GA_Gunde_DotTransfer,0,CooldownDuration,Gunde.DotTransfer.Target.Cooldown,3.0,,,
GA_Gunde_DotTransfer,1,MaxRangeRef,Gunde.DotTransfer.MaxRange,2000.0,,,
GA_Gunde_DotTransfer,2,Talent DotTransfer InstantAoeWithBuff DamageAndOrbs AdditionalIncreasePerStack,Gunde.DotTransfer.Talent.InstantAoeWithBuff.DamageAndOrbs.AdditionalDamagePerStack,0.02,,,
GA_Gunde_DotTransfer,3,Talent DotTransfer InstantAoeWithBuff DamageAndOrbs BaseMultiplier,Gunde.DotTransfer.Talent.InstantAoeWithBuff.DamageAndOrbs.DamageMultiplier,1.2,,,
GA_Gunde_DotTransfer,4,VisualDelayRef,Gunde.DotTransfer.VisualDelay,0.25,,,
GA_Gunde_DurationalAoeDotAndBuff,0,Application Period,Gunde.DurationalAoeDotAndBuff.Period,1.5,,,
GA_Gunde_DurationalAoeDotAndBuff,1,CastingDuration,Gunde.DurationalAoeDotAndBuff.CastTime,1.0,,,
GA_Gunde_DurationalAoeDotAndBuff,2,Life Span,Gunde.DurationalAoeDotAndBuff.Duration,6.15,,,
GA_Gunde_DurationalAoeDotAndBuff,3,Radius,Gunde.DurationalAoeDotAndBuff.Radius,1000.0,,,
GA_Gunde_DurationalAoeDotAndBuff,4,TargetCountThreshold,Gunde.DurationalAoeDotAndBuff.DamageScalingTargetCountThreshold,1.0,,,
GA_Gunde_DurationalAoeDotAndBuff,5,TotalDamageToStackCountRef,Gunde.PerTargetAccumulatedBleed.TotalDamageToStackCountScaler,0.0025,,,
GA_Gunde_ExtraDotDamageBuff,0,BonusDotDamage Ref,Gunde.ExtraDotDamageBuff.BonusDotDamage,0.3,,,
GA_Gunde_ExtraDotDamageBuff,1,CooldownDuration,Gunde.ExtraDotDamageBuff.Cooldown,90.0,,,
GA_Gunde_ExtraDotDamageBuff,2,Talent AddedDotTransfer Ref,Gunde.ExtraDotDamageBuff.Talent.AddedBonus.AddedTransfer,0.25,,,
GA_Gunde_ExtraDotDamageBuff,3,VisualDelayRef,Gunde.ExtraDotDamageBuff.VisualDelay,0.2,,,
GA_Gunde_HeavyMeleeDotBased,0,CooldownDuration,Gunde.HeavyMeleeDotBased.Cooldown,12.0,,,
GA_Gunde_HeavyMeleeDotBased,1,DamageDotCoefficientRef,Gunde.HeavyMeleeDotBased.Damage.DotCoefficient,0.3,,,
GA_Gunde_HeavyMeleeDotBased,2,DamageStrengthCoefficientRef,Gunde.HeavyMeleeDotBased.Damage.StrengthCoefficient,4.7,,,
GA_Gunde_HeavyMeleeDotBased,3,HitVisualDelayRef,Gunde.HeavyMeleeDotBased.VisualDelay,0.35,,,
GA_Gunde_HeavyMeleeDotBased,4,MaxRangeRef,Gunde.MeleeRange,500.0,,,
GA_Gunde_HeavyMeleeDotBased,5,Talent Charges,Gunde.HeavyMeleeDotBased.Talent.Charges.NumOfCharges,2.0,,,
GA_Gunde_HeavyMeleeDotBased,6,Talent DoubleStrike Chance,Gunde.HeavyMeleeDotBased.Talent.Charges.DoubleStrike.Chance,0.25,,,
GA_Gunde_HeavyMeleeDotBased,7,Talent DoubleStrike Delay,Gunde.HeavyMeleeDotBased.Talent.Charges.DoubleStrike.DelayBetweenStrikes,0.4,,,
GA_Gunde_HeavyMeleeDotBased,8,Talent ReducedTickSpeed PeriodFrequencyIncrease Ref,Gunde.PerTargetAccumulatedBleed.Talent.ReducedTickSpeed.PeriodFrequencyIncrease,1.1,,,
GA_Gunde_HeavyMeleeDotBoost,0,CooldownDuration,Gunde.HeavyMeleeDotBoost.Cooldown,60.0,,,
GA_Gunde_HeavyMeleeDotBoost,1,HitVisualDelayRef,Gunde.HeavyMeleeDotBoost.VisualHitDelay,0.3,,,
GA_Gunde_HeavyMeleeDotBoost,2,MaxRangeRef,Gunde.MeleeRange,500.0,,,
GA_Gunde_InstantAoeDot,0,AccDotToNewDotDamageScalerRef,Gunde.InstantAoeDot.Dot.AccDotToNewDotScaler,1.6,,,
GA_Gunde_InstantAoeDot,1,AoeRadiusRef,Gunde.InstantAoeDot.Aoe.Radius,700.0,,,
GA_Gunde_InstantAoeDot,2,BoostedDotDamage DamageScaler,Gunde.BoostedDotDamage.Debuff.BleedDamageScaler,1.2,,,
GA_Gunde_InstantAoeDot,3,CooldownDuration,Gunde.InstantAoeDot.Cooldown,30.0,,,
GA_Gunde_InstantAoeDot,4,HitVisualDelayRef,Gunde.InstantAoeDot.VisualDelay,0.5,,,
GA_Gunde_InstantAoeDot,5,Talent ReducedTickSpeed PeriodFrequencyIncrease Ref,Gunde.PerTargetAccumulatedBleed.Talent.ReducedTickSpeed.PeriodFrequencyIncrease,1.1,,,
GA_Gunde_InstantAoeWithBuff,0,AoeRadiusRef,Gunde.InstantAoeWithBuff.AoeRadius,700.0,,,
GA_Gunde_InstantAoeWithBuff,1,ConePieAngleWidthRef,Gunde.InstantAoeWithBuff.ConePieAngleWidth,120.0,,,
GA_Gunde_InstantAoeWithBuff,2,ConePieMinRadiusRef,Gunde.InstantAoeWithBuff.ConePieMinRadius,0.0,,,
GA_Gunde_InstantAoeWithBuff,3,CooldownDuration,Gunde.InstantAoeWithBuff.Cooldown,9.0,,,
GA_Gunde_InstantAoeWithBuff,4,DamageScalingTargetCountRef,Gunde.InstantAoeWithBuff.DamageScalingTargetCountThreshold,8.0,,,
GA_Gunde_InstantAoeWithBuff,5,Empowered AddedCritChance Ref,Gunde.InstantAoeWithBuff.Talent.Empowered.AddedCriticalStrikeChance,1.0,,,
GA_Gunde_InstantAoeWithBuff,6,InstantAoeWithBuff AdditionalStack MaxStacks,Gunde.InstantAoeWithBuff.Talent.AdditionalStack.MaxStacks,2.0,,,
GA_Gunde_InstantAoeWithBuff,7,Talent DotTransfer InstantAoeWithBuff DamageAndOrbs StacksPerOrb,Gunde.DotTransfer.Talent.InstantAoeWithBuff.DamageAndOrbs.StacksPerOrb,3.0,,,
GA_Gunde_InstantAoeWithBuff,8,VisualHitDelayRef,Gunde.InstantAoeWithBuff.VisualHitDelay,0.2,,,
GA_Gunde_InstantWhirlwindAoe,0,AoeRadiusRef,Gunde.InstantWhirlwindAoe.AoeRadius,700.0,,,
GA_Gunde_InstantWhirlwindAoe,1,CooldownDuration,Gunde.InstantWhirlwindAoe.Cooldown,5.0,,,
GA_Gunde_InstantWhirlwindAoe,2,DamageScalingTargetCountRef,Gunde.InstantWhirlwindAoe.DamageScalingTargetCountThreshold,8.0,,,
GA_Gunde_InstantWhirlwindAoe,3,VisualHitDelayRef,Gunde.InstantWhirlwindAoe.VisualHitDelay,0.45,,,
GA_Gunde_JumpToLocation,0,CooldownDuration,Gunde.JumpToLocation.Cooldown,20.0,,,
GA_Gunde_JumpToLocation,1,JumpDurationRef,Gunde.JumpToLocation.JumpDuration,0.3,,,
GA_Gunde_JumpToLocation,2,NumChargesRef,Gunde.JumpToLocation.NumCharges,2.0,,,
GA_Gunde_JumpToLocation,3,RangeDownRef,Gunde.JumpToLocation.MaxRangeDown,5000.0,,,
GA_Gunde_JumpToLocation,4,RangeHorizontalRef,Gunde.JumpToLocation.MaxRangeHorizontal,2000.0,,,
GA_Gunde_JumpToLocation,5,RangeUpRef,Gunde.JumpToLocation.MaxRangeUp,1000.0,,,
GA_Gunde_JumpToLocation,6,TargetingRadiusRef,Gunde.JumpToLocation.TargetingRadius,50.0,,,
GA_Gunde_JumpToLocation,7,Visual Hit Delay,Ink.MoveToLocationAoeDamage.VisualHitDelay,0.03,,,
GA_Gunde_MeleeAutoAttack,0,HitVisualDelayRef,Gunde.MeleeAutoAttack.HitVisualDelay,0.51,,,
GA_Gunde_MeleeAutoAttack,1,MaxRangeRef,Gunde.MeleeRange,500.0,,,
GA_Gunde_Passive_PerTargetAccumulatedBleed_DotManager,0,DefaultDuraitonRef,Gunde.PerTargetAccumulatedBleed.Dot.Duration,30.0,,,
GA_Gunde_Passive_PerTargetAccumulatedBleed_DotManager,1,DefaultTickPeriodRef,Gunde.PerTargetAccumulatedBleed.Dot.Period,3.0,,,
GA_Gunde_Passive_PerTargetAccumulatedBleed_DotManager,2,HeavyMeleeDotBoost IncreasedDotDamage DamageMultiplier,Gunde.HeavyMeleeDotBoost.Talent.IncreasedDotDamage.DamageMultiplier,1.12,,,
GA_Gunde_Passive_PerTargetAccumulatedBleed_DotManager,3,PerTargetAccumulatedBleed ReducedTickSpeed PeriodMultiplier,Gunde.PerTargetAccumulatedBleed.Talent.ReducedTickSpeed.PeriodFrequencyIncrease,1.1,,,
GA_Gunde_Passive_PerTargetAccumulatedBleed_DotManager,4,TotalDamageToStackCountRef,Gunde.PerTargetAccumulatedBleed.TotalDamageToStackCountScaler,0.0025,,,
GA_Gunde_SingleTargetInterrupt,0,CooldownDuration,Gunde.SingleTargetInterrupt.Cooldown,16.0,,,
GA_Gunde_SingleTargetInterrupt,1,MaxRangeRef,Gunde.SingleTargetInterrupt.MaxRange,500.0,,,
GA_Gunde_SingleTargetInterrupt,2,VisualDelayRef,Gunde.SingleTargetInterrupt.VisualDelay,0.2,,,
GA_Gunde_SingleTargetPull,0,CooldownDuration,Gunde.SingleTargetPull.Cooldown,30.0,,,
GA_Gunde_SingleTargetPull,1,Cylinder Radius,Gunde.SingleTargetPull.Talent.MultiTargets.Radius,800.0,,,
GA_Gunde_SingleTargetPull,2,DelayRef,Gunde.SingleTargetPull.PullDelay,0.25,,,
GA_Gunde_SingleTargetPull,3,MaxRangeRef,Gunde.SingleTargetPull.MaxRange,3000.0,,,
GA_Gunde_SingleTargetPull,4,Modifier,Gunde.SingleTargetPull.Talent.MultiTargets.AdditionalCooldown,15.0,,,
GA_Gunde_Talent_DotTransfer_Aoe,0,CooldownDuration,Gunde.DotTransfer.Talent.Aoe.Cooldown,20.0,,,
GA_Gunde_Talent_DotTransfer_Aoe,1,Cylinder Radius,Gunde.DotTransfer.Talent.Aoe.Radius,1000.0,,,
GA_Gunde_Talent_DotTransfer_Aoe,2,Max Stacks,Gunde.DotTransfer.Talent.Aoe.MaxStacks,80.0,,,
GA_Gunde_Talent_DotTransfer_Aoe,3,MaxRangeRef,Gunde.DotTransfer.MaxRange,2000.0,,,
GA_Gunde_Talent_DotTransfer_Aoe,4,TotalDamageToStackCountScaler,Gunde.PerTargetAccumulatedBleed.TotalDamageToStackCountScaler,0.0025,,,
GA_Gunde_Talent_DotTransfer_Aoe,5,VisualDelayRef,Gunde.DotTransfer.VisualDelay,0.25,,,
GA_Gunde_TargetedAoeProjectile,0,AoeDurationRef,Gunde.TargetedAoeProjectile.Aoe.Duration,1.15,,,
GA_Gunde_TargetedAoeProjectile,1,AoePeriodRef,Gunde.TargetedAoeProjectile.Aoe.Period,0.5,,,
GA_Gunde_TargetedAoeProjectile,2,AoeRadiusRef,Gunde.TargetedAoeProjectile.Aoe.Radius,700.0,,,
GA_Gunde_TargetedAoeProjectile,3,CooldownDuration,Gunde.TargetedAoeProjectile.Cooldown,15.0,,,
GA_Gunde_TargetedAoeProjectile,4,MeleeMaxRangeRef,Gunde.MeleeRange,500.0,,,
GA_Gunde_TargetedAoeProjectile,5,RangedMaxRangeRef,Gunde.TargetedAoeProjectile.MaxRange,3000.0,,,
GA_Gunde_TargetedAoeProjectile,6,SpawnDelayRef,Gunde.TargetedAoeProjectile.ProjectileSpawnDelay,0.14,,,
GA_Gunde_TargetedAoeProjectile,7,Speed,Gunde.TargetedAoeProjectile.Speed,5000.0,,,
GA_Gunde_TargetedAoeProjectile,8,Talent TargetedAoeProjectile AdditionalTicks,Gunde.TargetedAoeProjectile.Talent.AdditionalTicks.Amount,2.0,,,
GA_Gunde_TargetedAoeProjectile,9,TargetCountScalingRef,Gunde.TargetedAoeProjectile.DamageScalingTargetCountThreshold,5.0,,,
GA_Gunde_TargetedAoeProjectile,10,TargetedAoeProjectile_Empowered AddedCritChance,Gunde.TargetedAoeProjectile.Talent.Empowered.AddedCritChance,1.0,,,
GA_Ink_AoeAttack_C,0,AoeAttack ReducedDurationIncreasedDamageCost CostMultiplier,Ink.AoeAttack.Talent.ReducedDurationIncreasedDamageCost.CostMultiplier,2.0,,,
GA_Ink_AoeAttack_C,1,AoeAttack ReducedDurationIncreasedDamageCost CostMultiplier Duration Multiplier,Ink.AoeAttack.Talent.ReducedDurationIncreasedDamageCost.DurationMultiplier,0.5,,,
GA_Ink_AoeAttack_C,2,AoeAttack ReducedDurationIncreasedDamageCost DamageExponential,Ink.AoeAttack.Talent.ReducedDurationIncreasedDamageCost.DamageExponential,1.35,,,
GA_Ink_AoeAttack_C,3,AoeAttack ReducedDurationIncreasedDamageCost MaxNumberOfTicks,Ink.AoeAttack.Talent.ReducedDurationIncreasedDamageCost.MaxNumberOfTicks,3.15,,,
GA_Ink_AoeAttack_C,4,ChannelingTickInterval,Ink.AoeAttack.TickInterval,0.5,,,
GA_Ink_AoeAttack_C,5,CostReductionBuff CostReduction,Ink.CostReductionBuff.CostReduction,0.48,,,
GA_Ink_AoeAttack_C,6,Lightning Visual Delay,Ink.AoeAttack.Lightning.VisualDelay,0.08,,,
GA_Ink_AoeAttack_C,7,LightningTargetCountThresholdRef,Ink.AoeAttack.Lightning.TargetThresholdForDamageScale,15.0,,,
GA_Ink_AoeAttack_C,8,Max Attacks,Ink.AoeAttack.MaxAttacks,4.0,,,
GA_Ink_AoeAttack_C,9,Max Rage Cost Percentage,Ink.AoeAttack.MaxRageToSpend,0.25,,,
GA_Ink_AoeAttack_C,10,Radius,Ink.AoeAttack.Radius,700.0,,,
GA_Ink_AoeAttack_C,11,Resource Cost Per Tick,Ink.AoeAttack.CostPerTick,0.04,,,
GA_Ink_AoeAttack_C,12,SchismDamageBonus Scaler,Ink.Talent.ChanceIncreasedSpenderDamage.AoeAttack.DamageMultiplier,2.5,,,
GA_Ink_AoeAttack_C,13,Talent CostReductionBuff DamageScaler,Ink.CostReductionBuff.DamageIncrease,1.1,,,
GA_Ink_AoeAttack_C,14,TargetCountThresholdRef,Ink.AoeAttack.TargetThresholdForDamageScale,12.0,,,
GA_Ink_AoeAttack_C,15,Visual Delay,Ink.AoeAttack.VisualHitDelay,0.0,,,
GA_Ink_AoeAttack_C,16,Visual Delay End,Ink.AoeAttack.VisualEndDelay,0.3,,,
GA_Ink_AoeFear_C,0,CooldownDuration,Ink.AoeFear.Cooldown,90.0,,,
GA_Ink_AoeFear_C,1,Cylinder Radius,Ink.AoeFear.Radius,1200.0,,,
GA_Ink_AoeFear_C,2,Effect Damage Threshold Scaler,Ink.AoeFear.EffectDamageThresholdScaler,30.0,,,
GA_Ink_AoeFear_C,3,Max Range Ref,Ink.MaxRange,550.0,,,
GA_Ink_AoeFear_C,4,Visual Delay,Ink.AoeFear.VisualDelay,0.3,,,
GA_Ink_AutoAttackBuff_Attack_C,0,Aoe Hit Delay,Ink.AutoAttackBuff.Lightning.VisualDelay,0.25,,,
GA_Ink_AutoAttackBuff_Attack_C,1,Max Radius,Ink.AutoAttackBuff.Aoe.PieMaxRadius,,Ink.AutoAttackBuff.Aoe.PieMaxRadius,1.0,
GA_Ink_AutoAttackBuff_Attack_C,2,MaxRangeRef,Ink.MaxRange,550.0,,,
GA_Ink_AutoAttackBuff_Attack_C,3,Min Radius,Ink.AutoAttackBuff.Aoe.PieMinRadius,,Ink.AutoAttackBuff.Aoe.PieMinRadius,1.0,
GA_Ink_AutoAttackBuff_Attack_C,4,Pie Angle Width,Ink.AutoAttackBuff.Aoe.PieAngleWidth,,Ink.AutoAttackBuff.Aoe.PieAngleWidth,1.0,
GA_Ink_AutoAttackBuff_Attack_C,5,Resource Gain,Ink.AutoAttackBuff.ResourceGain,0.12,,,
GA_Ink_AutoAttackBuff_Attack_C,6,Target Count Threshold Ref,Ink.AutoAttackBuff.Aoe.TargetThresholdForDamageScale,,Ink.AutoAttackBuff.Aoe.TargetThresholdForDamageScale,1.0,
GA_Ink_AutoAttackBuff_Attack_C,7,Visual Hit Delay,Ink.MeleeAutoAttack.VisualHitDelay,0.6,,,
GA_Ink_AutoAttackBuff_C,0,Cost,Ink.AutoAttackBuff.Cost,0.0,,,
GA_Ink_AutoAttackBuff_C,1,Max Range,Ink.MaxRange,550.0,,,
GA_Ink_AutoAttackBuff_C,2,Visual Delay,Ink.AutoAttackBuff.VisualDelay,0.6,,,
GA_Ink_AutoAttackBuff_InstantAttack_C,0,CleaveDamageScaler Ref,Ink.AutoAttackBuff.Cleave.DamageMultiplier,0.3,,,
GA_Ink_AutoAttackBuff_InstantAttack_C,1,CooldownDuration,Ink.AutoAttackBuff.Cooldown,8.0,,,
GA_Ink_AutoAttackBuff_InstantAttack_C,2,Hit Delay,Ink.AutoAttackBuff.VisualDelay,0.6,,,
GA_Ink_AutoAttackBuff_InstantAttack_C,3,Hit Window Duration,Ink.HitWindowDuration,29.4,,,
GA_Ink_AutoAttackBuff_InstantAttack_C,4,Lightning Hit Delay,Ink.AutoAttackBuff.Lightning.VisualDelay,0.25,,,
GA_Ink_AutoAttackBuff_InstantAttack_C,5,LightningAoE StrengthCoefficient Ref,Ink.AutoAttackBuff.Lightning.StrengthCoefficient,1.98,,,
GA_Ink_AutoAttackBuff_InstantAttack_C,6,Max Radius,Ink.AutoAttackBuff.Cleave.PieMaxRadius,800.0,,,
GA_Ink_AutoAttackBuff_InstantAttack_C,7,Max Range,Ink.MaxRange,550.0,,,
GA_Ink_AutoAttackBuff_InstantAttack_C,8,Min Radius,Ink.AutoAttackBuff.Cleave.PieMinRadius,10.0,,,
GA_Ink_AutoAttackBuff_InstantAttack_C,9,Pie Angle Width,Ink.AutoAttackBuff.Cleave.PieAngleWidth,270.0,,,
GA_Ink_AutoAttackBuff_InstantAttack_C,10,Resource Gain,Ink.AutoAttackBuff.ResourceGain,0.12,,,
GA_Ink_AutoAttackBuff_InstantAttack_C,11,StrenthCoefficient Damage Ref,Ink.AutoAttackBuff.StrengthCoefficient,5.66,,,
GA_Ink_AutoAttackBuff_InstantAttack_C,12,Talent AutoAttackBuff_GainToIncreasedDamage CooldownReduction Ref,Ink.AutoAttackBuff.Talent.GainToIncreasedDamage.ConsumeStacks.CooldownReduction,0.4,,,
GA_Ink_AutoAttackBuff_InstantAttack_C,13,Target Count Threshold Lightning,Ink.AutoAttackBuff.Lightning.TargetThresholdForDamageScale,8.0,,,
GA_Ink_AutoAttackBuff_InstantAttack_C,14,Target Count Threshold Ref,Ink.AutoAttackBuff.Cleave.TargetThresholdForDamageScale,8.0,,,
GA_Ink_AutoAttackBuff_InstantAttack_C,15,Weak Resource Multiplier,Ink.AutoAttackBuff.Weak.ResourceGainMultiplier,0.2,,,
GA_Ink_BouncyProjectile_C,0,CooldownDuration,Ink.BouncyProjectile.Cooldown,8.0,,,
GA_Ink_BouncyProjectile_C,1,Max Range,Ink.BouncyProjectile.MaxRange,3000.0,,,
GA_Ink_BouncyProjectile_C,2,ProjectileVisualsDelay,Ink.BouncyProjectile.VisualDelayProjectile,0.06,,,
GA_Ink_BouncyProjectile_C,3,Talent BouncyProjectile Charged MaxCharges,Ink.BouncyProjectile.Talent.Charged.MaxCharges,2.0,,,
GA_Ink_ChargedBuff_C,0,CooldownDuration,Ink.ChargedBuff.Cooldown,45.0,,,
GA_Ink_ChargedBuff_C,1,Resource Gain,Ink.ChargedBuff.ResourceGain,0.0,,,
GA_Ink_ChargedBuff_C,2,Visual Delay,Ink.ChargedBuff.VisualDelay,0.27,,,
GA_Ink_CleaveAttack_C,0,MaxRangeRef,Ink.MaxRange,550.0,,,
GA_Ink_CleaveAttack_C,1,Radius,Ink.CleaveAttack.Radius,500.0,,,
GA_Ink_CleaveAttack_C,2,Resource Gain,Ink.CleaveAttack.ResourceGain,0.03,,,
GA_Ink_CleaveAttack_C,3,StrengthCoefficient Damage Ref,Ink.CleaveAttack.StrengthCoefficient,1.2914,,,
GA_Ink_CleaveAttack_C,4,Target Count Threshold Ref,Ink.CleaveAttack.TargetThresholdForDamageScale,5.0,,,
GA_Ink_CleaveAttack_C,5,Visual Hit Delay,Ink.CleaveAttack.VisualHitDelay,0.15,,,
GA_Ink_CostReductionBuff_C,0,CooldownDuration,Ink.CostReductionBuff.Cooldown,90.0,,,
GA_Ink_CostReductionBuff_C,1,MaxRangeRef,Ink.MaxRange,550.0,,,
GA_Ink_CostReductionBuff_C,2,Modifier,Ink.CostReductionBuff.Talent.CooldownReductionInSeconds,45.0,,,
GA_Ink_CostReductionBuff_C,3,Stacks,Ink.CostReductionBuff.NumOfStacks,2.0,,,
GA_Ink_CostReductionBuff_C,4,Visual Delay,Ink.CostReductionBuff.VisualDelay,0.3,,,
GA_Ink_EnhancedChargedBuff,0,Damage Radius,Ink.EnhancedChargedBuff.AoeImpact.DamageRadius,500.0,,,
GA_Ink_EnhancedChargedBuff,1,MaxRangeDown,Ink.EnhancedChargedBuff.MaxRangeHorizontal,3000.0,,,
GA_Ink_EnhancedChargedBuff,2,MaxRangeHorizontal,Ink.EnhancedChargedBuff.MaxRangeHorizontal,3000.0,,,
GA_Ink_EnhancedChargedBuff,3,MaxRangeUp,Ink.EnhancedChargedBuff.MaxRangeHorizontal,3000.0,,,
GA_Ink_EnhancedChargedBuff,4,Move Duration,Ink.EnhancedChargedBuff.MoveDuration,0.3,,,
GA_Ink_EnhancedChargedBuff,5,ResourceGainRef,Ink.EnhancedChargedBuff.ResourceGain,0.0,,,
GA_Ink_EnhancedChargedBuff,6,TargetCountThresholdRef,Ink.EnhancedChargedBuff.AoeImpact.TargetThresholdForDamageScale,5.0,,,
GA_Ink_EnhancedChargedBuff,7,Visual Hit Delay,Ink.EnhancedChargedBuff.VisualHitDelay,0.2,,,
GA_Ink_HeavySingleTargetAttack_C,0,Lightning Visual Delay,Ink.HeavySingleTargetAttack.Lightning.VisualHitDelay,0.35,,,
GA_Ink_HeavySingleTargetAttack_C,1,Max Range,Ink.MaxRange,550.0,,,
GA_Ink_HeavySingleTargetAttack_C,2,SchismDamageBonus Scaler,Ink.Talent.ChanceIncreasedSpenderDamage.HeavySingleTargetAttack.DamageMultiplier,2.5,,,
GA_Ink_HeavySingleTargetAttack_C,3,Talent CostReductionBuff DamageScaler,Ink.CostReductionBuff.DamageIncrease,1.1,,,
GA_Ink_HeavySingleTargetAttack_C,4,Talent ProcAddedCritChance AddedCritChance Ref,Ink.HeavySingleTargetAttack.Talent.ProcAddedCritChance.AddedCritChance,1.0,,,
GA_Ink_HeavySingleTargetAttack_C,5,Talent ProcAddedCritChance Chance Ref,Ink.HeavySingleTargetAttack.Talent.ProcAddedCritChance.Chance,0.3,,,
GA_Ink_HeavySingleTargetAttack_C,6,Visual Delay,Ink.HeavySingleTargetAttack.VisualHitDelay,0.52,,,
GA_Ink_LowHealthSingleTargetResourceDamage_C,0,CooldownDuration,Ink.LowHealthSingleTargetResourceDamage.Cooldown,6.0,,,
GA_Ink_LowHealthSingleTargetResourceDamage_C,1,CostReductionBuff CostReduction,Ink.CostReductionBuff.CostReduction,0.48,,,
GA_Ink_LowHealthSingleTargetResourceDamage_C,2,Damage Increase Per Resource,Ink.LowHealthSingleTargetResourceDamage.DamageIncreasePerResource,0.4,,,
GA_Ink_LowHealthSingleTargetResourceDamage_C,3,Max Range,Ink.MaxRange,550.0,,,
GA_Ink_LowHealthSingleTargetResourceDamage_C,4,Resource Limit,Ink.LowHealthSingleTargetResourceDamage.MaxResourceToSpend,0.1,,,
GA_Ink_LowHealthSingleTargetResourceDamage_C,5,Talent ResourceAmountToDamage,Ink.LowHealthSingleTargetResourceDamage.Talent.ResourceAmountToDamage,0.3,,,
GA_Ink_LowHealthSingleTargetResourceDamage_C,6,Visual Delay,Ink.LowHealthSingleTargetResourceDamage.VisualHitDelay,0.23,,,
GA_Ink_MeleeAutoAttack_C,0,HitTime,Ink.MeleeAutoAttack.VisualHitDelay,0.6,,,
GA_Ink_MeleeAutoAttack_C,1,MaxRangeRef,Ink.MaxRange,550.0,,,
GA_Ink_MeleeAutoAttack_C,2,Resource Gain,Ink.MeleeAutoAttack.ResourceGain,0.01,,,
GA_Ink_MeleeInterrupt_C,0,CooldownDuration,Ink.MeleeInterrupt.Cooldown,16.0,,,
GA_Ink_MeleeInterrupt_C,1,Max Range Ref,Ink.MeleeInterrupt.Range,550.0,,,
GA_Ink_MoveToLocationAoeDamage_C,0,CooldownDuration,Ink.MoveToLocationAoeDamage.Cooldown,20.0,,,
GA_Ink_MoveToLocationAoeDamage_C,1,CooldownReducedIfNoTargets,Ink.MoveToLocationAoeDamage.Talent.ReducedCooldownIfNoHit.CooldownReductionInSeconds,10.0,,,
GA_Ink_MoveToLocationAoeDamage_C,2,Move Duration,Ink.MoveToLocationAoeDamage.MoveDuration,0.25,,,
GA_Ink_MoveToLocationAoeDamage_C,3,Radius,Ink.MoveToLocationAoeDamage.DamageRadius,500.0,,,
GA_Ink_MoveToLocationAoeDamage_C,4,RangeDown,Ink.MoveToLocationAoeDamage.MaxRangeDown,5000.0,,,
GA_Ink_MoveToLocationAoeDamage_C,5,RangeHorizontal,Ink.MoveToLocationAoeDamage.MaxRangeHorizontal,3000.0,,,
GA_Ink_MoveToLocationAoeDamage_C,6,RangeUp,Ink.MoveToLocationAoeDamage.MaxRangeUp,1000.0,,,
GA_Ink_MoveToLocationAoeDamage_C,7,Resource Gain,Ink.MoveToLocationAoeDamage.ResourceGain,0.2,,,
GA_Ink_MoveToLocationAoeDamage_C,8,TargetCountThresholdRef,Ink.MoveToLocationAoeDamage.TargetThresholdForDamageScale,8.0,,,
GA_Ink_MoveToLocationAoeDamage_C,9,Visual Hit Delay,Ink.MoveToLocationAoeDamage.VisualHitDelay,0.03,,,
GA_Ink_SecondChanceSingleTargetAttack_C,0,CooldownDuration,Ink.SecondChanceSingleTargetAttack.Cooldown,9.0,,,
GA_Ink_SecondChanceSingleTargetAttack_C,1,DamageMultiplierWhenNOTProcced Ref,Ink.SecondChanceSingleTargetAttack.Proc.NotActive.DamageMultiplier,0.2,,,
GA_Ink_SecondChanceSingleTargetAttack_C,2,Max Range,Ink.MaxRange,550.0,,,
GA_Ink_SecondChanceSingleTargetAttack_C,3,Resource Gain,Ink.SecondChanceSingleTargetAttack.ResourceGain,0.05,,,
GA_Ink_SecondChanceSingleTargetAttack_C,4,StrengthCoefficient Damage Ref,Ink.SecondChanceSingleTargetAttack.StrengthCoefficient,5.915,,,
GA_Ink_SecondChanceSingleTargetAttack_C,5,Visual Delay,Ink.SecondChanceSingleTargetAttack.VisualHitDelay,0.23,,,
GA_Ink_SelfDefenceBuff_C,0,CooldownDuration,Ink.SelfDefenceBuff.Cooldown,30.0,,,
GA_Ink_SelfDefenceBuff_C,1,Visual Delay,Ink.SelfDefenceBuff.VisualDelay,0.3,,,
GA_Ink_SingleTargetHeavyNonSpender_C,0,CooldownDuration,Ink.SingleTargetHeavyNonSpender.Cooldown,6.0,,,
GA_Ink_SingleTargetHeavyNonSpender_C,1,DamageMultiplierWhenNOTProcced Ref,Ink.SecondChanceSingleTargetAttack.Proc.NotActive.DamageMultiplier,0.2,,,
GA_Ink_SingleTargetHeavyNonSpender_C,2,Max Range,Ink.MaxRange,550.0,,,
GA_Ink_SingleTargetHeavyNonSpender_C,3,Resource Gain,Ink.SingleTargetHeavyNonSpender.ResourceGain,0.07,,,
GA_Ink_SingleTargetHeavyNonSpender_C,4,StrengthCoefficient Damage Ref,Ink.SecondChanceSingleTargetAttack.StrengthCoefficient,5.915,,,
GA_Ink_SingleTargetHeavyNonSpender_C,5,Visual Delay,Ink.SingleTargetHeavyNonSpender.VisualHitDelay,0.23,,,
GA_Ink_Taunt_C,0,CooldownDuration,Ink.SelfDefenceBuff.Talent.IncreasedDurationAndTaunt.Taunt.Cooldown,15.0,,,
GA_Ink_Taunt_C,1,EffectDelay,Ink.SelfDefenceBuff.Talent.IncreasedDurationAndTaunt.Taunt.VisualDelay,0.18,,,
GA_Ink_Taunt_C,2,Max Range,Ink.SelfDefenceBuff.Talent.IncreasedDurationAndTaunt.Taunt.MaxRange,4000.0,,,
GA_Lisa_AoeStaggerRemovalSpender_C,0,AoeStaggerRemovalPercentageToManaGained ManaFactor Ref,Lisa.AoeStaggerRemovalSpender.StaggerRemovalPercentageToManaGained.ManaFactor,0.32,,,
GA_Lisa_AoeStaggerRemovalSpender_C,1,Heal Multiplier,Lisa.AoeStaggerRemovalSpender.StaggerToHealMultiplier,2.75,,,
GA_Lisa_AoeStaggerRemovalSpender_C,2,Health Multiplier Stagger Threshold,Lisa.AoeStaggerRemovalSpender.StaggerThreshold.MaxHealthMultiplier,0.3,,,
GA_Lisa_AoeStaggerRemovalSpender_C,3,Removal Percentage,Lisa.AoeStaggerRemovalSpender.StaggerRemovalPercentage,0.08,,,
GA_Lisa_AoeStaggerRemovalSpender_C,4,StaggerRemoval IntCoefficient Ref,Lisa.AoeStaggerRemovalSpender.StaggerRemovalIntCoefficient,5.727,,,
GA_Lisa_AoeStaggerRemovalSpender_C,5,StaggerRemoval SpreadMax Ref,Lisa.AoeStaggerRemovalSpender.StaggerRemovalSpreadMax,1.1,,,
GA_Lisa_AoeStaggerRemovalSpender_C,6,StaggerRemoval SpreadMin Ref,Lisa.AoeStaggerRemovalSpender.StaggerRemovalSpreadMin,0.9,,,
GA_Lisa_CastedHeal_C,0,AdditionalTarget Cylinder Radius,Lisa.CastedHeal.Talent.AdditionalTarget.Radius,1500.0,,,
GA_Lisa_CastedHeal_C,1,AdditionalTarget Heal Multiplier,Lisa.CastedHeal.Talent.AdditionalTarget.HealMultiplier,1.0,,,
GA_Lisa_CastedHeal_C,2,CastingDuration,Lisa.CastedHeal.CastTime,1.5,,,
GA_Lisa_CastedHeal_C,3,MaxRangeRef,Lisa.RangedMaxRange,3000.0,,,
GA_Lisa_CastedHeal_C,4,Resource Gain,Lisa.CastedHeal.ResourceGain,6.0,,,
GA_Lisa_CastedHeal_C,5,Resource Gain Crit,Lisa.CastedHeal.ResourceGainCrit,9.0,,,
GA_Lisa_CastedProjectileDamageIncreaseDebuff_C,0,CastingDuration,Lisa.CastedProjectileDamageIncreaseDebuff.CastTime,2.0,,,
GA_Lisa_CastedProjectileDamageIncreaseDebuff_C,1,ChargesAndCrit NumOfCharges,Lisa.CastedProjectileDamageIncreaseDebuff.Talent.ChargesAndCrit.NumOfCharges,2.0,,,
GA_Lisa_CastedProjectileDamageIncreaseDebuff_C,2,CooldownDuration,Lisa.CastedProjectileDamageIncreaseDebuff.Cooldown,45.0,,,
GA_Lisa_CastedProjectileDamageIncreaseDebuff_C,3,MaxRangeRef,Lisa.RangedMaxRange,3000.0,,,
GA_Lisa_CastedProjectileDamageIncreaseDebuff_C,4,Modifier,Lisa.CastedProjectileDamageIncreaseDebuff.Talent.AbilityDamageIncrease.CooldownMultiplier,0.66667,,,
GA_Lisa_CastedProjectileDamageIncreaseDebuff_C,5,Modifier,Perk.IncreasedDurationOrReducedCooldown.Lisa.ReducedCooldownInSeconds,5.0,,,
GA_Lisa_CastedProjectileDamageIncreaseDebuff_C,6,Resource Gain,Lisa.CastedProjectileDamageIncreaseDebuff.ResourceGain,20.0,,,
GA_Lisa_CastedProjectileDamageIncreaseDebuff_C,7,Resource Gain Crit,Lisa.CastedProjectileDamageIncreaseDebuff.ResourceGainCrit,30.0,,,
GA_Lisa_CastedSingleTargetDamage_C,0,Cast Duration,Lisa.CastedSingleTargetProjectile.CastTime,1.5,,,
GA_Lisa_CastedSingleTargetDamage_C,1,CastingDuration,Lisa.CastedSingleTargetProjectile.CastTime,1.5,,,
GA_Lisa_CastedSingleTargetDamage_C,2,CooldownReduction ReductionInSeconds,Lisa.CastedSingleTargetProjectile.Talent.CooldownReduction.ReductionInSeconds,2.0,,,
GA_Lisa_CastedSingleTargetDamage_C,3,DamageAbilityBuff DamageMultiplier,Lisa.CastedProjectileDamageIncreaseDebuff.Talent.DamageAbilityBuff.CastedSingleTargetProjectile.DamageMultiplier,10.0,,,
GA_Lisa_CastedSingleTargetDamage_C,4,DamageAbilityBuff DurationMultiplier,Lisa.CastedProjectileDamageIncreaseDebuff.Talent.DamageAbilityBuff.CastedSingleTargetProjectile.DurationMultiplier,2.0,,,
GA_Lisa_CastedSingleTargetDamage_C,5,DamageAbilityBuff ProjectileScale,Lisa.CastedProjectileDamageIncreaseDebuff.Talent.DamageAbilityBuff.CastedSingleTargetProjectile.ProjectileVFXScale,2.0,,,
GA_Lisa_CastedSingleTargetDamage_C,6,DamageAbilityBuff ResourceMultiplier,Lisa.CastedProjectileDamageIncreaseDebuff.Talent.DamageAbilityBuff.CastedSingleTargetProjectile.ResourceMultiplier,10.0,,,
GA_Lisa_CastedSingleTargetDamage_C,7,MaxRangeRef,Lisa.RangedMaxRange,3000.0,,,
GA_Lisa_CastedSingleTargetDamage_C,8,Resource Gain,Lisa.CastedSingleTargetProjectile.ResourceGain,6.0,,,
GA_Lisa_CastedSingleTargetDamage_C,9,Resource Gain Crit,Lisa.CastedSingleTargetProjectile.ResourceGainCrit,9.0,,,
GA_Lisa_ChanneledHealOrDamageProjectiles_C,0,Angle Degrees,Lisa.ChanneledHealOrDamageProjectilesSpender.MaxAngle,270.0,,,
GA_Lisa_ChanneledHealOrDamageProjectiles_C,1,ChannelingDuration,Lisa.ChanneledHealOrDamageProjectilesSpender.ChannelDuration,2.0,,,
GA_Lisa_ChanneledHealOrDamageProjectiles_C,2,ChannelingTickInterval,Lisa.ChanneledHealOrDamageProjectilesSpender.ChannelTickInterval,0.5,,,
GA_Lisa_ChanneledHealOrDamageProjectiles_C,3,CooldownDuration,Lisa.ChanneledHealOrDamageProjectilesSpender.Cooldown,15.0,,,
GA_Lisa_ChanneledHealOrDamageProjectiles_C,4,CooldownReduction Increase Seconds,Lisa.ChanneledHealOrDamageProjectilesSpender.Talent.CooldownReduction.DurationIncreaseSeconds,0.3,,,
GA_Lisa_ChanneledHealOrDamageProjectiles_C,5,CooldownReduction Reduction Seconds,Lisa.ChanneledHealOrDamageProjectilesSpender.Talent.CooldownReduction.ReductionInSeconds,0.3,,,
GA_Lisa_ChanneledHealOrDamageProjectiles_C,6,DamageIntellectCoefficient,Lisa.ChanneledHealOrDamageProjectilesSpender.Damage.IntellectCoefficient,1.91,,,
GA_Lisa_ChanneledHealOrDamageProjectiles_C,7,Empowered CleaveDamageScale,Lisa.ChanneledHealOrDamageProjectilesSpender.Talent.Empowered.Cleave.DamageMultiplier,0.4,,,
GA_Lisa_ChanneledHealOrDamageProjectiles_C,8,Empowered CleaveProjectileSize,Lisa.ChanneledHealOrDamageProjectilesSpender.Talent.Empowered.Cleave.ProjectileSizeMultiplier,0.5,,,
GA_Lisa_ChanneledHealOrDamageProjectiles_C,9,Empowered CleaveRadius,Lisa.ChanneledHealOrDamageProjectilesSpender.Talent.Empowered.Cleave.Radius,800.0,,,
GA_Lisa_ChanneledHealOrDamageProjectiles_C,10,Empowered CleaveResourceGain,Lisa.ChanneledHealOrDamageProjectilesSpender.Talent.Empowered.Cleave.ResourceGainPerAdditionalTarget,1.0,,,
GA_Lisa_ChanneledHealOrDamageProjectiles_C,11,Empowered DamageScale,Lisa.ChanneledHealOrDamageProjectilesSpender.Talent.Empowered.DamageMultiplier,1.5,,,
GA_Lisa_ChanneledHealOrDamageProjectiles_C,12,Empowered StaggerPercentage,Lisa.ChanneledHealOrDamageProjectilesSpender.Talent.Empowered.StaggerRemovalInPercentage,0.03,,,
GA_Lisa_ChanneledHealOrDamageProjectiles_C,13,HealIntellectCoefficient,Lisa.ChanneledHealOrDamageProjectilesSpender.Heal.IntellectCoefficient,5.22,,,
GA_Lisa_ChanneledHealOrDamageProjectiles_C,14,MaxRange,Lisa.RangedMaxRange,3000.0,,,
GA_Lisa_ChanneledHealOrDamageProjectiles_C,15,MaxRangeRef,Lisa.RangedMaxRange,3000.0,,,
GA_Lisa_ChanneledHealOrDamageProjectiles_C,16,Resource Gain,Lisa.ChanneledHealOrDamageProjectilesSpender.ResourceGain,4.0,,,
GA_Lisa_ChanneledHealOrDamageProjectiles_C,17,Resource Gain Crit,Lisa.ChanneledHealOrDamageProjectilesSpender.ResourceGainCrit,6.0,,,
GA_Lisa_InstantDamageSpender_C,0,MaxRangeRef,Lisa.RangedMaxRange,3000.0,,,
GA_Lisa_InstantDamageSpender_C,1,Resource Cost In Percentage,Lisa.InstantDamageSpender.ResourceCostInPercentage,0.3,,,
GA_Lisa_InstantSelfBuff_C,0,CooldownDuration,Lisa.InstantSelfBuff.Cooldown,20.0,,,
GA_Lisa_InstantSelfBuff_C,1,MaxRangeRef,Lisa.RangedMaxRange,3000.0,,,
GA_Lisa_InstantSingleTargetDamageAndDot_C,0,CastingDuration,Lisa.InstantSingleTargetDamageAndDot.Talent.ChargeUpMultiple.CastDuration,2.0,,,
GA_Lisa_InstantSingleTargetDamageAndDot_C,1,Charge Up Cost,Lisa.InstantSingleTargetDamageAndDot.Talent.ChargeUpMultiple.Cost,10.0,,,
GA_Lisa_InstantSingleTargetDamageAndDot_C,2,Cylinder Radius,Lisa.InstantSingleTargetDamageAndDot.Talent.ChargeUpMultiple.RadiusAroundTarget,800.0,,,
GA_Lisa_InstantSingleTargetDamageAndDot_C,3,Dot Duration,Lisa.InstantSingleTargetDamageAndDot.Dot.Duration,21.0,,,
GA_Lisa_InstantSingleTargetDamageAndDot_C,4,Duration Multiplier,Lisa.InstantSingleTargetDamageAndDot.Talent.ChargeUpMultiple.DurationMultiplier,0.8,,,
GA_Lisa_InstantSingleTargetDamageAndDot_C,5,MaxRangeRef,Lisa.RangedMaxRange,3000.0,,,
GA_Lisa_InstantSingleTargetDamageAndDot_C,6,Resource Gain,Lisa.InstantSingleTargetDamageAndDot.Dot.ResourceGainPerCast,6.0,,,
GA_Lisa_InstantSingleTargetDamageAndDot_C,7,Resource Gain Crit,Lisa.InstantSingleTargetDamageAndDot.Dot.ResourceGainPerCastCrit,9.0,,,
GA_Lisa_InstantSingleTargetDamageAndDot_C,8,Resource Gain Multiplier,Lisa.InstantSingleTargetDamageAndDot.Talent.ChargeUpMultiple.ResourceGainMultiplier,1.5,,,
GA_Lisa_InstantSingleTargetDamageAndDot_C,9,Resource Gain Per Tick,Lisa.InstantSingleTargetDamageAndDot.Dot.ResourceGainPerTick,0.0,,,
GA_Lisa_InstantSingleTargetDamageAndDot_C,10,Resource Gain Per Tick Crit,Lisa.InstantSingleTargetDamageAndDot.Dot.ResourceGainPerTickCrit,0.0,,,
GA_Lisa_PauseResourcesAndPartyHealth_C,0,MaxRangeRef,Lisa.RangedMaxRange,3000.0,,,
GA_Lisa_SingleAllyDispel_C,0,CooldownDuration,Lisa.SingleAllyDispel.CooldownDuration,6.0,,,
GA_Lisa_SingleAllyDispel_C,1,Modifier,Perk.IncreasedDurationOrReducedCooldown.Lisa.Dispel.ReducedCooldownInSeconds,1.0,,,
GA_Lisa_SingleAllyDispel_C,2,Range,Lisa.RangedMaxRange,3000.0,,,
GA_Lisa_SingleTargetDamageImmunityBuff_C,0,CooldownDuration,Lisa.SingleTargetDamageImmunityBuff.CooldownDuration,180.0,,,
GA_Lisa_SingleTargetDamageImmunityBuff_C,1,MaxRangeRef,Lisa.RangedMaxRange,3000.0,,,
GA_Lisa_SingleTargetDot_C,0,CastingDuration,Lisa.SingleTargetDot.CastTime,1.5,,,
GA_Lisa_SingleTargetDot_C,1,Charged AdditionalDuration,Lisa.SingleTargetDot.Talent.Charged.AdditionalDuration,2.0,,,
GA_Lisa_SingleTargetDot_C,2,Charged MaxCharges,Lisa.SingleTargetDot.Talent.Charged.MaxCharges,2.0,,,
GA_Lisa_SingleTargetDot_C,3,CooldownDuration,Lisa.SingleTargetDot.Cooldown,20.0,,,
GA_Lisa_SingleTargetDot_C,4,Duration,Lisa.SingleTargetDot.Duration,6.0,,,
GA_Lisa_SingleTargetDot_C,5,MaxDuration,Lisa.SingleTargetDot.Duration,6.0,,,
GA_Lisa_SingleTargetDot_C,6,MaxRangeRef,Lisa.RangedMaxRange,3000.0,,,
GA_Lisa_SingleTargetDot_C,7,Resource Gain Per Tick,Lisa.SingleTargetDot.ResourceGainPerTick,4.0,,,
GA_Lisa_SingleTargetDot_C,8,Resource Gain Per Tick Crit,Lisa.SingleTargetDot.ResourceGainCritPerTick,6.0,,,
GA_Lisa_SingleTargetrRemovalSpender_C,0,Heal Multiplier,Lisa.SingleTargetStaggerRemovalSpender.StaggerToHealMultiplier,2.0,,,
GA_Lisa_SingleTargetrRemovalSpender_C,1,Health Multiplier Stagger Threshold,Lisa.SingleTargetStaggerRemovalSpender.StaggerThreshold.MaxHealthMultiplier,0.3,,,
GA_Lisa_SingleTargetrRemovalSpender_C,2,Max Range Ref,Lisa.RangedMaxRange,3000.0,,,
GA_Lisa_SingleTargetrRemovalSpender_C,3,Removal Percentage,Lisa.SingleTargetStaggerRemovalSpender.StaggerRemovalPercentage,0.08,,,
GA_Lisa_SingleTargetrRemovalSpender_C,4,StaggerRemoval IntCoefficient Ref,Lisa.SingleTargetStaggerRemovalSpender.StaggerRemovalIntCoefficient,7.875,,,
GA_Lisa_SingleTargetrRemovalSpender_C,5,StaggerRemoval SpreadMax Ref,Lisa.SingleTargetStaggerRemovalSpender.StaggerRemovalSpreadMax,1.1,,,
GA_Lisa_SingleTargetrRemovalSpender_C,6,StaggerRemoval SpreadMin Ref,Lisa.SingleTargetStaggerRemovalSpender.StaggerRemovalSpreadMin,0.9,,,
GA_Lisa_SingleTargetrRemovalSpender_C,7,StaggerRemovalPercentageToManaGained ManaFactor Ref,Lisa.SingleTargetStaggerRemovalSpender.StaggerRemovalPercentageToManaGained.ManaFactor,0.32,,,
GA_Lisa_TargetedAoeSilence_C,0,BaseRadius,Bowguy.TargetedAoeDamage.Radius,700.0,,,
GA_Lisa_TargetedAoeSilence_C,1,CooldownDuration,Lisa.TargetedAoeSilence.Cooldown,300.0,,,
GA_Lisa_TargetedAoeSilence_C,2,MaxRange,Lisa.RangedMaxRange,3000.0,,,
GA_Lisa_TargetedAoeSilence_C,3,RangeDown,Lisa.TargetedAoeSilence.MaxRangeDown,2000.0,,,
GA_Lisa_TargetedAoeSilence_C,4,RangeUp,Lisa.TargetedAoeSilence.MaxRangeUp,1500.0,,,
GA_Lisa_TeleportForward_C,0,CooldownDuration,Lisa.TeleportForward.CooldownDuration,15.0,,,
GA_Lisa_TeleportForward_C,1,MoveDistanceRef,Lisa.TeleportForward.Distance,1000.0,,,
GA_Mara_AoeAttackBuilder_C,0,Combo Point Gain,Mara.AoeAttackBuilder.ComboPointGainPerHit,1.0,,,
GA_Mara_AoeAttackBuilder_C,1,Combo Point Gain on Crit,Mara.AoeAttackBuilder.ComboPointGainAtCrit,2.0,,,
GA_Mara_AoeAttackBuilder_C,2,Poison Max Ticks,Mara.AoeAttackBuilder.Poison.MaxTicks,6.0,,,
GA_Mara_AoeAttackBuilder_C,3,Radius,Mara.AoeAttackBuilder.Radius,800.0,,,
GA_Mara_AoeAttackBuilder_C,4,Target Count Threshold Ref,Mara.AoeAttackBuilder.NumTargetsDamageFalloffThreshold,8.0,,,
GA_Mara_AoeAttackSpender_C,0,Damage Multiplier Per Combo Point,Mara.AoeAttackSpender.DamageMultiplierPerComboPoint,0.2,,,
GA_Mara_AoeAttackSpender_C,1,Radius,Mara.AoeAttackSpender.Radius,800.0,,,
GA_Mara_AoeAttackSpender_C,2,Target Count Threshold Ref,Mara.AoeAttackSpender.NumTargetsDamageFalloffThreshold,8.0,,,
GA_Mara_AutoAttack_C,0,EnergyGainProc Chance,Mara.AutoAttack.EnergyGainProc.Chance,0.15,,,
GA_Mara_AutoAttack_C,1,EnergyGainProc EnergyAmount,Mara.AutoAttack.EnergyGainProc.EnergyGain,20.0,,,
GA_Mara_AutoAttack_C,2,Max Range Ref,Mara.MeleeRange,500.0,,,
GA_Mara_BleedAttackSpender_C,0,Base Duration,Mara.BleedAttackSpender.BaseDuration,12.0,,,
GA_Mara_BleedAttackSpender_C,1,CreepingDeath HasteToBonusDamage MaxBonus Ref,Mara.HasteToPoisonAndBleedDamageBonus.MaxBonus,,Mara.HasteToPoisonAndBleedDamageBonus.MaxBonus,1.0,
GA_Mara_BleedAttackSpender_C,2,CreepingDeath HasteToBonusDamage Scaler Ref,Mara.HasteToPoisonAndBleedDamageBonus.Scaler,0.5,,,
GA_Mara_BleedAttackSpender_C,3,Duration Increase Per Combo Point,Mara.BleedAttackSpender.DurationIncreasePerComboPoint,3.0,,,
GA_Mara_BleedAttackSpender_C,4,Energy Gain Per Tick,Mara.BleedAttackSpender.EnergyGainPerTick,2.0,,,
GA_Mara_BleedAttackSpender_C,5,Initial Hit Damage Increase Per Combo Point,Mara.BleedAttackSpender.InitialDamage.DamageMultiplierPerComboPoint,0.0,,,
GA_Mara_BleedAttackSpender_C,6,Max Range,Mara.MeleeRange,500.0,,,
GA_Mara_BleedAttackSpender_C,7,Talent Bloodrush TickRateIncrease Ref,Mara.BleedAttackSpender.Talent.IncreasedTickRateWhileSingle.TickRateIncrease,1.2,,,
GA_Mara_ChargedDoubleAttackBuilder_C,0,AoeDamage ProcChance,Mara.ChargedDoubleAttackBuilder.Talent.AoeDamage.ProcChance,0.2,,,
GA_Mara_ChargedDoubleAttackBuilder_C,1,AoeDamage Radius,Mara.ChargedDoubleAttackBuilder.Talent.AoeDamage.Radius,700.0,,,
GA_Mara_ChargedDoubleAttackBuilder_C,2,AoeDamage TargetCountThreshold,Mara.ChargedDoubleAttackBuilder.Talent.AoeDamage.NumTargetsDamageFalloffThreshold,10.0,,,
GA_Mara_ChargedDoubleAttackBuilder_C,3,Combo Point Gain,Mara.ChargedDoubleAttackBuilder.ComboPointGain,2.0,,,
GA_Mara_ChargedDoubleAttackBuilder_C,4,Combo Point Gain Crit,Mara.ChargedDoubleAttackBuilder.ComboPointGainAtCrit,3.0,,,
GA_Mara_ChargedDoubleAttackBuilder_C,5,CooldownDuration,Mara.ChargedDoubleAttackBuilder.ChargeTime,9.0,,,
GA_Mara_ChargedDoubleAttackBuilder_C,6,EnergyGained,Mara.ChargedDoubleAttackBuilder.EnergyGain,30.0,,,
GA_Mara_ChargedDoubleAttackBuilder_C,7,Max Charges,Mara.ChargedDoubleAttackBuilder.NumOfCharges,3.0,,,
GA_Mara_ChargedDoubleAttackBuilder_C,8,Max Range,Mara.MeleeRange,500.0,,,
GA_Mara_ChargedResourceRefillSelfBuff_C,0,CooldownDuration,Mara.ChargedResourceRefillSelfBuff.ChargeDuration,60.0,,,
GA_Mara_ChargedResourceRefillSelfBuff_C,1,Energy Gain Multiplier,Mara.ChargedResourceRefillSelfBuff.EnergyGainMultiplier,1.2,,,
GA_Mara_ChargedResourceRefillSelfBuff_C,2,Max Charges,Mara.ChargedResourceRefillSelfBuff.MaxCharges,1.0,,,
GA_Mara_ChargedTeleportBehindTarget_C,0,CooldownDuration,Mara.ChargedTeleportBehindTarget.ChargeDuration,30.0,,,
GA_Mara_ChargedTeleportBehindTarget_C,1,Max Charges,Mara.ChargedTeleportBehindTarget.MaxCharges,2.0,,,
GA_Mara_ChargedTeleportBehindTarget_C,2,Max Range Ref,Mara.ChargedTeleportBehindTarget.MaxRange,3000.0,,,
GA_Mara_CopyCharacterDamage_C,0,Duration,Mara.CopyCharacterDamage.Duration,20.0,,,
GA_Mara_HeavyAttackSpender_C,0,AoeAttackBuilderStacksHeavyAttackSpenderBuff DmgMultiplier Ref,Mara.AoeAttackBuilder.Talent.HeavyAttackSpenderDamageIncrease.DamageMultiplierPerStack,0.12,,,
GA_Mara_HeavyAttackSpender_C,1,Damage Multiplier Per Combo Point,Mara.HeavyAttackSpender.DamageMultiplierPerComboPoint,0.2,,,
GA_Mara_HeavyAttackSpender_C,2,Max Range,Mara.MeleeRange,500.0,,,
GA_Mara_HeavyAttackSpender_C,3,NewHemotoxin VisualDelay Ref,Mara.BleedAttackSpender.Talent.ExplosivePoison.Poison.VisualDelay,0.35,,,
GA_Mara_MeleeInterrupt_C,0,CooldownDuration,Mara.MeleeInterrupt.Cooldown,16.0,,,
GA_Mara_MeleeInterrupt_C,1,Max Range Ref,Mara.MeleeRange,500.0,,,
GA_Mara_ResetCooldownRefillResouces_C,0,CooldownDuration,Mara.ResetCooldownRefillResources.Cooldown,180.0,,,
GA_Mara_SelfDefenceBuff_C,0,CooldownDuration,Mara.SelfDefenceBuff.Cooldown,30.0,,,
GA_Mara_Stealth_C,0,CooldownDuration,Mara.Stealth.Cooldown.Duration,15.0,,,
GA_Mara_StrongerBehindAttackBuilder_C,0,Combo Point Gain,Mara.StrongerBehindAttackBuilder.ComboPointGain,2.0,,,
GA_Mara_StrongerBehindAttackBuilder_C,1,Combo Point Gain Crit,Mara.StrongerBehindAttackBuilder.ComboPointGainAtCrit,3.0,,,
GA_Mara_StrongerBehindAttackBuilder_C,2,Damage Multiplier Behind Target,Mara.StrongerBehindAttackBuilder.DamageMultiplierBehind,1.4,,,
GA_Mara_StrongerBehindAttackBuilder_C,3,Max Range,Mara.MeleeRange,500.0,,,
GA_Mara_StrongerBehindAttackBuilder_C,4,Poison Combo Points Multiplier,Mara.StrongerBehindAttackBuilder.Poison.ComboPointGainMultiplier,3.0,,,
GA_Mara_StunSpender_C,0,Additional Duration Per Combo Point,Mara.StunSpender.AdditionalDurationPerComboPoints,1.0,,,
GA_Mara_StunSpender_C,1,Base Duration,Mara.StunSpender.BaseDuration,1.0,,,
GA_Mara_StunSpender_C,2,CooldownDuration,Mara.StunSpender.Cooldown,24.0,,,
GA_Mara_StunSpender_C,3,MaxRangeRef,Mara.MeleeRange,500.0,,,
GA_Mara_Talent_ResetCooldownRefillResources_AbilityReplacer_C,0,Additional Duration,Mara.ResetCooldownRefillResources.Talent.AbilityReplacer.AdditionalDuration,10.0,,,
GA_Mara_Talent_ResetCooldownRefillResources_AbilityReplacer_C,1,CooldownDuration,Mara.ResetCooldownRefillResources.Talent.AbilityReplacer.Cooldown,180.0,,,
GA_Mara_Talent_ResetCooldownRefillResources_AbilityReplacer_C,2,Duration,Mara.ResetCooldownRefillResources.Talent.AbilityReplacer.Duration,10.0,,,
GA_Meiko_AoePull_C,0,CooldownDuration,Meiko.AoePull.Cooldown,60.0,,,
GA_Meiko_AoePull_C,1,Max Radius,Meiko.AoePull.Radius,1400.0,,,
GA_Meiko_ChanneledHeavyDamage_C,0,ChannelingDuration,Meiko.ChanneledHeavyDamage.Duration,1.0,,,
GA_Meiko_ChanneledHeavyDamage_C,1,ChannelingTickInterval,Meiko.ChanneledHeavyDamage.TickInterval,0.25,,,
GA_Meiko_ChanneledHeavyDamage_C,2,Damage Scale Stone,Meiko.MeleeDamageLowHealthSelfBuff.Buff.DamageIncrease,2.0,,,
GA_Meiko_ChanneledHeavyDamage_C,3,Last Strike Damage Increase,Meiko.ChanneledHeavyDamage.LastStrikeDamageIncrease,1.0,,,
GA_Meiko_ChanneledHeavyDamage_C,4,MaxRangeRef,Meiko.MeleeRange,500.0,,,
GA_Meiko_ChanneledHeavyDamage_C,5,SpiritPointGainRef,Meiko.SpiritProc.ResourceRefund.FlatSpiritPointGain,2.0,,,
GA_Meiko_ChanneledHeavyDamage_C,6,Talent FinalHitCritChance,Meiko.ChanneledHeavyDamage.Talent.FinalHitCritChance,1.0,,,
GA_Meiko_ChanneledHeavyDamage_C,7,Talent FinalHitSpendCharge DamageMultiplier,Meiko.ChanneledHeavyDamage.Talent.FinalHitSpendCharge.DamageMultiplier,1.35,,,
GA_Meiko_ChargedForwardDash_C,0,Air Exit Speed,Meiko.ChargedForwardDash.DashAirExitSpeed,1000.0,,,
GA_Meiko_ChargedForwardDash_C,1,CooldownDuration,Meiko.ChargedForwardDash.ChargeTime,30.0,,,
GA_Meiko_ChargedForwardDash_C,2,Max Charges,Meiko.ChargedForwardDash.MaxCharges,2.0,,,
GA_Meiko_ChargedForwardDash_C,3,Max Distance,Meiko.ChargedForwardDash.Distance,1000.0,,,
GA_Meiko_ChargedForwardDash_C,4,Speed,Meiko.ChargedForwardDash.DashSpeed,5000.0,,,
GA_Meiko_DamageSoakBuff_C,0,CooldownDuration,Meiko.DamageSoakBuff.ChargeCooldown,30.0,,,
GA_Meiko_DamageSoakBuff_C,1,Max Charges,Meiko.DamageSoakBuff.NumOfCharges,2.0,,,
GA_Meiko_DamageSoakBuff_C,2,MaxNumStones,Meiko.DamageSoakBuff.MaxNumStones,3.0,,,
GA_Meiko_DamageSoakBuff_C,3,Modifier,Perk.IncreasedDurationOrReducedCooldown.ReducedCooldownInSeconds,3.0,,,
GA_Meiko_DamageSoakBuff_C,4,StoneShieldHealthAgilityCoeffRef,Meiko.DamageSoakBuff.AgilityCoefficient,8.624,,,
GA_Meiko_DamageSoakBuff_C,5,StoneShieldHealthTotalSecondaryStatModifier,Meiko.DamageSoakBuff.TotalSecondaryStatModifier,2.0,,,
GA_Meiko_DurationalAoeDamageBuff_C,0,Consumed Buffs To Defensive Buff Damage Multiplier,Meiko.Talent.ConsumedBuffsToDefensiveBuff.DurationalAoeDamageBuff.DamageMultiplier,1.5,,,
GA_Meiko_DurationalAoeDamageBuff_C,1,Consumed Buffs To Defensive Buff Dodge Chance Multiplier,Meiko.Talent.ConsumedBuffsToDefensiveBuff.DurationalAoeDamageBuff.DodgeChanceMultiplier,2.0,,,
GA_Meiko_DurationalAoeDamageBuff_C,2,Dodge Chance,Meiko.DurationalAoeDamageBuff.DodgeChanceIncrease,0.15,,,
GA_Meiko_DurationalAoeDamageBuff_C,3,Duration,Meiko.DurationalAoeDamageBuff.Duration,30.0,,,
GA_Meiko_DurationalAoeDamageBuff_C,4,Radius,Meiko.DurationalAoeDamageBuff.Radius,800.0,,,
GA_Meiko_DurationalAoeDamageBuff_C,5,TargetCountThreshold Ref,Meiko.DurationalAoeDamageBuff.TargetCountDamageScalingThreshold,8.0,,,
GA_Meiko_DurationalAoeDamageBuff_C,6,Tick Interval,Meiko.DurationalAoeDamageBuff.TickInterval,2.0,,,
GA_Meiko_FrontalAoeDebuff_C,0,CooldownDuration,Meiko.FrontalAoeDebuff.Cooldown,120.0,,,
GA_Meiko_FrontalAoeDebuff_C,1,Height Activation Limit,Meiko.FrontalAoeDebuff.HeightActivationLimit,500.0,,,
GA_Meiko_FrontalAoeDebuff_C,2,Push Down Delay,Meiko.FrontalAoeDebuff.PushDownTime,0.02,,,
GA_Meiko_FrontalAoeDebuff_C,3,Range,Meiko.FrontalAoeDebuff.Range,800.0,,,
GA_Meiko_FrontalAoeDebuff_C,4,Width,Meiko.FrontalAoeDebuff.Width,200.0,,,
GA_Meiko_HighDamageCleave_C,0,Cleave radius,Meiko.HighDamageCleave.CleaveRadius,500.0,,,
GA_Meiko_HighDamageCleave_C,1,InstantSelfDefensive MaxStacks,Meiko.HighDamageCleave.Talent.InstantSelfDefensive.MaxStacks,5.0,,,
GA_Meiko_HighDamageCleave_C,2,MaxRangeRef,Meiko.MeleeRange,500.0,,,
GA_Meiko_HighDamageCleave_C,3,SpiritPointGainRef,Meiko.SpiritProc.ResourceRefund.FlatSpiritPointGain,2.0,,,
GA_Meiko_HighDamageCleave_C,4,Talent DoubleStrike Chance,Meiko.HighDamageCleave.Talent.DoubleStrike.Chance,0.25,,,
GA_Meiko_HighDamageCleave_C,5,Talent DoubleStrike DamageMultiplier,Meiko.HighDamageCleave.Talent.DoubleStrike.DamageMultiplier,1.0,,,
GA_Meiko_HighDamageCleave_C,6,Talent DoubleStrike Delay,Meiko.HighDamageCleave.Talent.DoubleStrike.DelayBetweenStrikes,0.4,,,
GA_Meiko_HighDamageCleave_C,7,Target Count Threshold Ref,Meiko.HighDamageCleave.TargetThresholdForDamageScale,8.0,,,
GA_Meiko_InstantSelfDefensive_C,0,CooldownDuration,Meiko.InstantSelfDefensive.Heal.Cooldown,10.0,,,
GA_Meiko_InstantSelfDefensive_C,1,DamageReductionPerStack Ref,Meiko.InstantSelfDefensive.Talent.DamageReductionLessHeal.DamageMultiplierPerStack,0.004,,,
GA_Meiko_InstantSelfDefensive_C,2,Heal Multiplier Per Finishing Move,Meiko.InstantSelfDefensive.Heal.HealMultiplierPerFinishingMove,0.4,,,
GA_Meiko_InstantSelfDefensive_C,3,HealCoefficient,Meiko.InstantSelfDefensive.Heal.AgilityCoefficient,2.2,,,
GA_Meiko_InstantSelfDefensive_C,4,InstantSelfDefensiveCharge StacksToDurationMultiplier,Meiko.ChanneledHeavyDamage.Talent.InstantSelfDefensiveCharge.DamageSoakBuff.InvinsibilityDurationPerStack,0.1,,,
GA_Meiko_InstantSelfDefensive_C,5,Max Stacks,Meiko.InstantSelfDefensive.Heal.MaxStacks,50.0,,,
GA_Meiko_MeleeAutoAttack_C,0,MaxRangeRef,Meiko.MeleeRange,500.0,,,
GA_Meiko_MeleeDamageImmediateSelfBuff_C,0,MaxRangeRef,Meiko.MeleeRange,500.0,,,
GA_Meiko_MeleeDamageLowHealthSelfBuff_C,0,Max Stacks,Meiko.MeleeDamageLowHealthSelfBuff.Buff.MaxStacks,2.0,,,
GA_Meiko_MeleeDamageLowHealthSelfBuff_C,1,MaxRangeRef,Meiko.MeleeRange,500.0,,,
GA_Meiko_MeleeDamageSelfBuff_C,0,MaxRangeRef,Meiko.MeleeRange,500.0,,,
GA_Meiko_MeleeDamageSelfBuff_C,1,MaxStacks,Meiko.MeleeDamageSelfBuff.Buff.MaxStacks,2.0,,,
GA_Meiko_MeleeDamageSelfBuff_C,2,Radius,Meiko.MeleeDamageSelfBuff.CleaveRadius,500.0,,,
GA_Meiko_MeleeDamageSelfBuff_C,3,Target Count Threshold Ref,Meiko.MeleeDamageSelfBuff.TargetThresholdForDamageScale,5.0,,,
GA_Meiko_MeleeDown_C,0,MaxRangeRef,Meiko.MeleeRange,500.0,,,
GA_Meiko_MeleeDown_C,1,Radius,Meiko.MeleeDown.CleaveRadius,500.0,,,
GA_Meiko_MeleeDown_C,2,Target Count Threshold Ref,Meiko.MeleeDown.TargetThresholdForDamageScale,3.0,,,
GA_Meiko_MeleeInterrupt,0,CooldownDuration,Meiko.MeleeInterrupt.Cooldown,12.0,,,
GA_Meiko_MeleeInterrupt,1,Max Range Ref,Meiko.MeleeRange,500.0,,,
GA_Meiko_MeleeLeft_C,0,MaxRangeRef,Meiko.MeleeRange,500.0,,,
GA_Meiko_MeleeRight_C,0,MaxRangeRef,Meiko.MeleeRange,500.0,,,
GA_Meiko_MoveToLocationAoeDamage_C,0,CooldownDuration,Meiko.MoveToLocationAoeDamage.Cooldown,60.0,,,
GA_Meiko_MoveToLocationAoeDamage_C,1,Life Time,Meiko.MoveToLocationAoeDamage.Duration,5.3,,,
GA_Meiko_MoveToLocationAoeDamage_C,2,Modifier,Meiko.MoveToLocationAoeDamage.Talent.CooldownReduction.ReductionInSeconds,0.0,,,
GA_Meiko_MoveToLocationAoeDamage_C,3,Move Speed,Meiko.MoveToLocationAoeDamage.MoveSpeed,4000.0,,,
GA_Meiko_MoveToLocationAoeDamage_C,4,Radius,Meiko.MoveToLocationAoeDamage.DamageRadius,500.0,,,
GA_Meiko_MoveToLocationAoeDamage_C,5,RangeDown,Meiko.MoveToLocationAoeDamage.MaxRangeDown,5000.0,,,
GA_Meiko_MoveToLocationAoeDamage_C,6,RangeHorizontal,Meiko.MoveToLocationAoeDamage.MaxRangeHorizontal,3000.0,,,
GA_Meiko_MoveToLocationAoeDamage_C,7,RangeUp,Meiko.MoveToLocationAoeDamage.MaxRangeUp,1000.0,,,
GA_Meiko_MoveToLocationAoeDamage_C,8,Target Count Threshold Ref,Meiko.MoveToLocationAoeDamage.TargetCountDamageScalingThreshold,1.0,,,
GA_Meiko_Passive_DamageSoakBuff_Monitor_C,0,Agility Coefficient,Meiko.DamageSoakBuff.AgilityCoefficient,8.624,,,
GA_Meiko_Passive_DamageSoakBuff_Monitor_C,1,Armor Increase Percentage,Meiko.DamageSoakBuff.ArmorIncrease,0.2,,,
GA_Meiko_Passive_DamageSoakBuff_Monitor_C,2,Damage Duration,Meiko.DamageSoakBuff.DamageDuration,1.1,,,
GA_Meiko_Passive_DamageSoakBuff_Monitor_C,3,Damage Radius,Meiko.DamageSoakBuff.DamageRadius,800.0,,,
GA_Meiko_Passive_DamageSoakBuff_Monitor_C,4,Damage Tick Interval,Meiko.DamageSoakBuff.DamageTickInterval,0.25,,,
GA_Meiko_Passive_DamageSoakBuff_Monitor_C,5,Incomnig Damage Multiplier,Meiko.DamageSoakBuff.IncomnigDamageMultiplier,0.65,,,
GA_Meiko_Passive_DamageSoakBuff_Monitor_C,6,Max Num Stones,Meiko.DamageSoakBuff.MaxNumStones,3.0,,,
GA_Meiko_Passive_DamageSoakBuff_Monitor_C,7,Talent TauntTotem DamageReductionWhileOnCooldown StoneShieldReductionScaler Ref,Meiko.TauntTotem.Talent.DamageReductionWhileOnCooldown.StoneShieldReductionScaler,0.85,,,
GA_Meiko_Passive_DamageSoakBuff_Monitor_C,8,TargetCountThresholdRef,Meiko.DamageSoakBuff.TargetCountThreshold,5.0,,,
GA_Meiko_RangedTaunt_C,0,CooldownDuration,Meiko.RangedTaunt.Cooldown,8.0,,,
GA_Meiko_RangedTaunt_C,1,Max Range,Meiko.RangedTaunt.MaxRange,4000.0,,,
GA_Meiko_RangedTaunt_C,2,Num Of Additional Targets,Meiko.RangedTaunt.NumOfAdditionalTargets,0.0,,,
GA_Meiko_RangedTaunt_C,3,Radius,Meiko.RangedTaunt.MaxRange,4000.0,,,
GA_Meiko_TauntTotem,0,CooldownDuration,Meiko.TauntTotem.WindMode.Cooldown,180.0,,,
GA_Meiko_TauntTotem,1,Max Distance,Meiko.TauntTotem.Distance,250.0,,,
GA_Meiko_TauntTotem,2,Move Duration,Meiko.TauntTotem.MoveDuration,0.5,,,
GA_Mosse_SingleTargetCastedDamageReduction,0,Modifier,Perk.IncreasedDurationOrReducedCooldown.Mosse.ReducedCooldownInSeconds,6.0,,,
GA_Mosse_SingleTargetDispel_C,0,Modifier,Perk.IncreasedDurationOrReducedCooldown.Mosse.Dispel.ReducedCooldownInSeconds,1.0,,,
GA_Sune_AoeMelee,0,AOERadius,Sune.AoeMelee.AoeRadius,800.0,,,
GA_Sune_AoeMelee,1,CooldownDuration,Sune.AoeMelee.Cooldown,18.0,,,
GA_Sune_AoeMelee,2,DamageBoostAndManaRefundDebuff_DamagePerStackRef,Sune.AoeMeleeDamageBoostAndManaRefundDebuff.AoeMeleeBonusDamagePerStack,0.25,,,
GA_Sune_AoeMelee,3,DamageBoostAndManaRefundDebuff_ManaBaseRef,Sune.AoeMeleeDamageBoostAndManaRefundDebuff.ManaRefundBase,100.0,,,
GA_Sune_AoeMelee,4,DamageBoostAndManaRefundDebuff_ManaPerStackRef,Sune.AoeMeleeDamageBoostAndManaRefundDebuff.ManaRefundPerAdditionalStack,50.0,,,
GA_Sune_AoeMelee,5,ResourceProcChanceRef,Sune.AoeMelee.ResourceProcChance,0.3,,,
GA_Sune_AoeMelee,6,SpiritPointsGainRef,Sune.AoeMelee.SpiritPointGain,4.0,,,
GA_Sune_AoeMelee,7,Talent_ResetCdAtTargetInstantAoe_ProcChanceRef,Sune.AoeMelee.Talent.ResetCdAtTargetInstantAoe.ProcChance,0.5,,,
GA_Sune_AoeMelee,8,Target Count Threshold Ref,Sune.AoeMelee.DamageScalingTargetCountThreshold,8.0,,,
GA_Sune_AoeMelee,9,Visual Hit Delay,Sune.AoeMelee.HitVisualDelay,0.3,,,
GA_Sune_AtTargetInstantAoe,0,AoeHitDelayRef,Sune.AtTargetInstantAoe.AoeHitDelay,0.6,,,
GA_Sune_AtTargetInstantAoe,1,AoeRadiusRef,Sune.AtTargetInstantAoe.AoeRadius,800.0,,,
GA_Sune_AtTargetInstantAoe,2,CooldownDuration,Sune.AtTargetInstantAoe.Cooldown,9.0,,,
GA_Sune_AtTargetInstantAoe,3,MainTargetDamageScalerRef,Sune.AtTargetInstantAoe.MainTargetDamageScaler,2.0,,,
GA_Sune_AtTargetInstantAoe,4,MaxRangeRef,Sune.AtTargetInstantAoe.MaxRange,3000.0,,,
GA_Sune_AtTargetInstantAoe,5,ResourceProcChanceRef,Sune.AtTargetInstantAoe.ResourceProcChance,1.0,,,
GA_Sune_AtTargetInstantAoe,6,Talent_AddsDot_DamageScalerRef,Sune.AtTargetInstantAoe.Talent.AddsDot.DotDamageScaler,1.0,,,
GA_Sune_AtTargetInstantAoe,7,Talent_GrievousCritChance_CritChanceIncreaseRef,Sune.AtTargetInstantAoe.Talent.GrievousCritChance.CritChanceIncrease,1.0,,,
GA_Sune_AtTargetInstantAoe,8,Talent_GrievousCritChance_ProcChanceRef,Sune.AtTargetInstantAoe.Talent.GrievousCritChance.ProcChance,0.3,,,
GA_Sune_AtTargetInstantAoe,9,TargetCountThresholdRef,Sune.AtTargetInstantAoe.DamageScalingTargetCountThreshold,5.0,,,
GA_Sune_BuffedTargetedCastedHealOrDamage,0,CooldownDuration,Sune.BuffedTargetedCastedHealOrDamage.Cooldown,60.0,,,
GA_Sune_BuffedTargetedCastedHealOrDamage,1,NumStacksRef,Sune.BuffedTargetedCastedHealOrDamage.Stacks,2.0,,,
GA_Sune_BuffedTargetedCastedHealOrDamage,2,VisualDelayRef,Sune.BuffedTargetedCastedHealOrDamage.VisualDelay,0.2,,,
GA_Sune_CastedSingleTargetHeal,0,CastingDuration,Sune.CastedSingleTargetHeal.CastingDuration,1.5,,,
GA_Sune_CastedSingleTargetHeal,1,Max Range,Sune.CastedSingleTargetHeal.MaxRange,3000.0,,,
GA_Sune_CastedSingleTargetHeal,2,Talent_DroppedPulseAoeImprovesHeal_Scaler,Sune.DroppedPulseAoe.Talent.DroppedPulseAoeImprovesHeal.Scaler,1.2,,,
GA_Sune_DamageTransferAura,0,CooldownDuration,Sune.DamageTransferAura.Cooldown,3.0,,,
GA_Sune_DamageTransferAura,1,VisualDelayRef,Sune.DamageTransferAura.SelfBuffVisualDelay,0.41,,,
GA_Sune_DroppedPulseAoe,0,AoeDurationRef,Sune.DroppedPulseAoe.AoeDuration,12.0,,,
GA_Sune_DroppedPulseAoe,1,AoeEffectDelayRef,Sune.DroppedPulseAoe.AoeEffectVisualDelay,0.3,,,
GA_Sune_DroppedPulseAoe,2,AoeHalfHeightRef,Sune.DroppedPulseAoe.AoeHalfHeight,200.0,,,
GA_Sune_DroppedPulseAoe,3,AoePulsePeriodRef,Sune.DroppedPulseAoe.AoePeriod,1.5,,,
GA_Sune_DroppedPulseAoe,4,AoeRadiusRef,Sune.DroppedPulseAoe.AoeRadius,800.0,,,
GA_Sune_DroppedPulseAoe,5,CooldownDuration,Sune.DroppedPulseAoe.Cooldown,30.0,,,
GA_Sune_DroppedPulseAoe,6,Modifier,Perk.IncreasedDurationOrReducedCooldown.ReducedCooldownInSeconds,3.0,,,
GA_Sune_DroppedPulseAoe,7,Talent_AdditionalMaxDuration_AddedSecondsRef,Sune.DroppedPulseAoe.Talent.AdditionalMaxDuration.AddedSeconds,6.0,,,
GA_Sune_DroppedPulseAoe,8,Talents_StackingBoostBuff_DamageScaler,Sune.DroppedPulseAoe.Talent.StackingBoostBuff.DamageScaler,2.0,,,
GA_Sune_DroppedPulseAoe,9,Talents_StackingBoostBuff_ProcStackCost,Sune.DroppedPulseAoe.Talent.StackingBoostBuff.ProcStackCost,8.0,,,
GA_Sune_DroppedPulseAoe,10,TargetCountThresholdRef,Sune.DroppedPulseAoe.DamageScalingTargetCountThreshold,12.0,,,
GA_Sune_InstantCleaveMelee,0,CleaveRadiusRef,Sune.InstantCleaveMelee.CleaveRadius,500.0,,,
GA_Sune_InstantCleaveMelee,1,CooldownDuration,Sune.InstantCleaveMelee.Cooldown,6.0,,,
GA_Sune_InstantCleaveMelee,2,MaxRangeRef,Sune.MeleeMaxRange,500.0,,,
GA_Sune_InstantCleaveMelee,3,ResourceProcChanceRef,Sune.InstantCleaveMelee.ResourceProcChance,0.15,,,
GA_Sune_InstantCleaveMelee,4,Talent_DroppedPulseAoeDurationExtension_TimeRef,Sune.InstantCleaveMelee.Talent.DroppedPulseAoeDurationExtension.AdditionalDuration,1.5,,,
GA_Sune_InstantCleaveMelee,5,Target Count Threshold Ref,Sune.InstantCleaveMelee.DamageScalingTargetCountThreshold,8.0,,,
GA_Sune_InstantCleaveMelee,6,Visual Hit Delay,Sune.InstantCleaveMelee.HitVisualDelay,0.25,,,
GA_Sune_InstantConeStunAndPull,0,ConeAngleRef,Sune.InstantConeStunAndPull.ConeAngle,90.0,,,
GA_Sune_InstantConeStunAndPull,1,ConeHeightRef,Sune.InstantConeStunAndPull.AoeHeight,800.0,,,
GA_Sune_InstantConeStunAndPull,2,CooldownDuration,Sune.InstantConeStunAndPull.Cooldown,60.0,,,
GA_Sune_InstantConeStunAndPull,3,MeleeConeRangeRef,Sune.MeleeMaxRange,500.0,,,
GA_Sune_InstantConeStunAndPull,4,PullConeRangeRef,Sune.InstantConeStunAndPull.ChargedUpConeRange,2000.0,,,
GA_Sune_InstantConeStunAndPull,5,Target Count Threshold Ref,Sune.InstantConeStunAndPull.DamageScalingTargetCountThreshold,8.0,,,
GA_Sune_InstantConeStunAndPull,6,Visual Hit Delay,Sune.InstantConeStunAndPull.VisualDelay,0.13,,,
GA_Sune_InstantSingleTargetHealOrDamage,0,AoeDamageMaxRangeRef,Sune.BuffedTargetedCastedHealOrDamage.AoeDamage.MaxRange,1000.0,,,
GA_Sune_InstantSingleTargetHealOrDamage,1,AoeDamageTargetCountThresholdRef,Sune.BuffedTargetedCastedHealOrDamage.AoeDamage.DamageScalingTargetCountThreshold,3.0,,,
GA_Sune_InstantSingleTargetHealOrDamage,2,AoeHealMaxRangeRef,Sune.BuffedTargetedCastedHealOrDamage.AoeHeal.MaxRange,3000.0,,,
GA_Sune_InstantSingleTargetHealOrDamage,3,AoeMainTargetScalerRef,Sune.BuffedTargetedCastedHealOrDamage.ProcConsumed.MainTargetScaler,1.5,,,
GA_Sune_InstantSingleTargetHealOrDamage,4,ManaGainRef,Sune.BuffedTargetedCastedHealOrDamage.ProcConsumed.MaxManaFractionGain,0.12,,,
GA_Sune_InstantSingleTargetHealOrDamage,5,Max Range,Sune.InstantSingleTargetHealOrDamage.MaxRange,3000.0,,,
GA_Sune_InstantSingleTargetHealOrDamage,6,ResourceCostRef,Sune.InstantSingleTargetHealOrDamage.ResourceCost,1.0,,,
GA_Sune_InstantSingleTargetHealOrDamage,7,SelfTargetHealScalerRef,Sune.InstantSingleTargetHealOrDamage.SelfTargetHealScaler,1.2,,,
GA_Sune_InstantSingleTargetHealOrDamage,8,Talent_BuffedTargetedCastedHealOrDamage_ActiveCooldownReduction_Reduction,Sune.BuffedTargetedCastedHealOrDamage.Talent.ActiveCooldownReduction.CooldownReduction,3.0,,,
GA_Sune_InstantSingleTargetHealOrDamage,9,Talent_DotHot_DurationRef,Sune.InstantSingleTargetHealOrDamage.Talent.DotHot.Duration,12.0,,,
GA_Sune_InstantSingleTargetHealOrDamage,10,Talent_DotHot_PeriodRef,Sune.InstantSingleTargetHealOrDamage.Talent.DotHot.Period,1.5,,,
GA_Sune_InstantSingleTargetHealOrDamage,11,Talent_DotHot_ValueScalerRef,Sune.InstantSingleTargetHealOrDamage.Talent.DotHot.DirectValueToPeriodicValueScaler,0.3,,,
GA_Sune_InstantSingleTargetHealOrDamage,12,Talent_DroppedPulseAoeImprovesHeal_Scaler,Sune.DroppedPulseAoe.Talent.DroppedPulseAoeImprovesHeal.Scaler,1.2,,,
GA_Sune_InstantSingleTargetHealOrDamage,13,VisualDelayRef,Sune.InstantSingleTargetHealOrDamage.VisualDelay,0.2,,,
GA_Sune_MeleeAutoAttack,0,MaxRangeRef,Sune.MeleeMaxRange,500.0,,,
GA_Sune_MeleeAutoAttack,1,VisualDelayRef,Sune.MeleeAutoAttack.HitVisualDelay,0.5,,,
GA_Sune_SelfImmunityAndAoeHeal,0,FirstBuffDurationRef,Sune.SelfImmunityAndAoeHeal.SelfBuff.Immunity.Duration,3.0,,,
GA_Sune_SelfImmunityAndAoeHeal,1,SecondBuffDurationRef,Sune.SelfImmunityAndAoeHeal.SelfBuff.DamageReduction.Duration,5.0,,,
GA_Sune_SelfImmunityAndAoeHeal,2,VisualDelayRef,Sune.SelfImmunityAndAoeHeal.SelfBuff.VisualDelay,0.4,,,
GA_Sune_SingleTargetAbsorb,0,AbsorbConsumptionScalerRef,Sune.SingleTargetAbsorb.IncomingDamageMultiplier,0.5,,,
GA_Sune_SingleTargetAbsorb,1,AbsorbStrengthCoefficient,Sune.SingleTargetAbsorb.AbsorbStrengthCoefficient,22.998,,,
GA_Sune_SingleTargetAbsorb,2,CooldownDuration,Sune.SingleTargetAbsorb.Cooldown,15.0,,,
GA_Sune_SingleTargetAbsorb,3,MaxRangeRef,Sune.SingleTargetAbsorb.MaxRange,3000.0,,,
GA_Sune_SingleTargetAbsorb,4,Talent_AoeDamage_CritToDamageOnCommit Ref,Sune.SingleTargetAbsorb.Talent.SecondaryStatBoosts.CritChance.CritChanceToDamageOnCommit,1.0,,,
GA_Sune_SingleTargetAbsorb,5,Talent_AoeDamage_TargetCountThreshold Ref,Sune.SingleTargetAbsorb.Talent.SecondaryStatBoosts.CritChance.CritChanceToDamageOnCommit.TargetCountThreshold,1.0,,,
GA_Sune_SingleTargetAbsorb,6,Talent_DamageReduction_ConsumptionScalerRef,Sune.SingleTargetAbsorb.Talent.DamageReduction.IncomingDamageMultiplier,0.3,,,
GA_Sune_SingleTargetAbsorb,7,Talent_ParryBoost_ValuePerStack,Sune.SingleTargetAbsorb.Talent.ParryBoost.ExtraAbsorbPerStack,0.01,,,
GA_Sune_SingleTargetAbsorb,8,VisualDelayRef,Sune.SingleTargetAbsorb.VisualDelay,0.2,,,
GA_Sune_SingleTargetDamageTransfer,0,CooldownDuration,Sune.SingleTargetDamageTransfer.Cooldown,60.0,,,
GA_Sune_SingleTargetDamageTransfer,1,MaxRangeRef,Sune.SingleTargetDamageTransfer.MaxRange,3000.0,,,
GA_Sune_SingleTargetDamageTransfer,2,VisualDelayRef,Sune.SingleTargetDamageTransfer.VisualDelay,0.2,,,
GA_Sune_SingleTargetFillerMelee,0,CleaveDamageScaleRef,Sune.SingleTargetFillerMelee.Cleave.DamageScaler,0.15,,,
GA_Sune_SingleTargetFillerMelee,1,CleaveRadiusRef,Sune.SingleTargetFillerMelee.Cleave.Radius,700.0,,,
GA_Sune_SingleTargetFillerMelee,2,CleaveTargetCountThresholdRef,Sune.SingleTargetFillerMelee.Cleave.TargetCountThreshold,3.0,,,
GA_Sune_SingleTargetFillerMelee,3,Max Range,Sune.MeleeMaxRange,500.0,,,
GA_Sune_SingleTargetFillerMelee,4,ResourceProcChanceRef,Sune.SingleTargetFillerMelee.ResourceProcChance,0.15,,,
GA_Sune_SingleTargetFillerMelee,5,Talent_AoeProcBuff_MaxRange,Sune.SingleTargetFillerMelee.Talent.AoeProcBuff.Aoe.MaxRange,700.0,,,
GA_Sune_SingleTargetFillerMelee,6,Talent_AoeProcBuff_StackCost,Sune.SingleTargetFillerMelee.Talent.AoeProcBuff.Aoe.StackCost,1.0,,,
GA_Sune_SingleTargetFillerMelee,7,Talent_AoeProcBuff_TargetScaling,Sune.SingleTargetFillerMelee.Talent.AoeProcBuff.Aoe.DamageScalingTargetCountThreshold,8.0,,,
GA_Sune_SingleTargetFillerMelee,8,Talent_AoeProcBuff_VisualDelay,Sune.SingleTargetFillerMelee.Talent.AoeProcBuff.Aoe.VisualDelay,0.5,,,
GA_Sune_SingleTargetFillerMelee,9,Talent_ExtraDebuffFromCrit_ExtraStacksRef,Sune.SingleTargetFillerMelee.Talent.ExtraDebuffFromCrit.ExtraDebuffStack,1.0,,,
GA_Sune_SingleTargetFillerMelee,10,VisualDelayRef,Sune.SingleTargetFillerMelee.HitVisualDelay,0.15,,,
GA_Sune_SingleTargetInterrupt,0,CooldownDuration,Sune.SingleTargetInterrupt.Cooldown,12.0,,,
GA_Sune_SingleTargetInterrupt,1,Max Range Ref,Sune.SingleTargetInterrupt.MaxRange,500.0,,,
GA_Sune_SingleTargetInterrupt,2,VisualDelayRef,Sune.SingleTargetInterrupt.VisualDelay,0.2,,,
GA_Sune_SingleTargetTaunt,0,CooldownDuration,Sune.SingleTargetTaunt.Cooldown,8.0,,,
GA_Sune_SingleTargetTaunt,1,MaxRangeRef,Sune.SingleTargetTaunt.MaxRange,4000.0,,,
GA_Sune_SingleTargetTaunt,2,VisualDelayRef,Sune.SingleTargetTaunt.VisualDelay,0.25,,,
GA_Sune_TargetedCastedHealOrDamage,0,AoeDamageMaxRangeRef,Sune.BuffedTargetedCastedHealOrDamage.AoeDamage.MaxRange,1000.0,,,
GA_Sune_TargetedCastedHealOrDamage,1,AoeDamageTargetCountThresholdRef,Sune.BuffedTargetedCastedHealOrDamage.AoeDamage.DamageScalingTargetCountThreshold,3.0,,,
GA_Sune_TargetedCastedHealOrDamage,2,AoeHealMaxRangeRef,Sune.BuffedTargetedCastedHealOrDamage.AoeHeal.MaxRange,3000.0,,,
GA_Sune_TargetedCastedHealOrDamage,3,AoeVerticalExtentRef,Sune.BuffedTargetedCastedHealOrDamage.Aoe.VerticalRange,,Sune.BuffedTargetedCastedHealOrDamage.Aoe.VerticalRange,1.0,
GA_Sune_TargetedCastedHealOrDamage,4,CastTimeReductionPerResource,Sune.TargetedCastedHealOrDamage.CastTimeReductionPerResource,0.5,,,
GA_Sune_TargetedCastedHealOrDamage,5,CastingDuration,Sune.TargetedCastedHealOrDamage.CastingDuration,2.0,,,
GA_Sune_TargetedCastedHealOrDamage,6,Max Range,Sune.TargetedCastedHealOrDamage.MaxRange,3000.0,,,
GA_Sune_TargetedLeapAoe,0,AoeRadiusRef,Sune.TargetedLeapAoe.Aoe.Radius,700.0,,,
GA_Sune_TargetedLeapAoe,1,CooldownDuration,Sune.TargetedLeapAoe.Cooldown,60.0,,,
GA_Sune_TargetedLeapAoe,2,LeapDurationRef,Sune.TargetedLeapAoe.LeapDuration,0.15,,,
GA_Sune_TargetedLeapAoe,3,MaxAoeHeightRef,Sune.TargetedLeapAoe.Aoe.Height,300.0,,,
GA_Sune_TargetedLeapAoe,4,MaxNumChargesRef,Sune.TargetedLeapAoe.NumCharges,2.0,,,
GA_Sune_TargetedLeapAoe,5,MaxRangeDownRef,Sune.TargetedLeapAoe.MaxRangeDown,5000.0,,,
GA_Sune_TargetedLeapAoe,6,MaxRangeHorizontalRef,Sune.TargetedLeapAoe.MaxRangeHorizontal,3000.0,,,
GA_Sune_TargetedLeapAoe,7,MaxRangeUpRef,Sune.TargetedLeapAoe.MaxRangeUp,1000.0,,,
GA_Sune_TargetedLeapAoe,8,Talent_TargetedLeapAoeReplacesPulseAoe_DurationRef,Sune.DroppedPulseAoe.Talent.TargetedLeapAoeReplacesPulseAoe.DurationExtension,6.0,,,
GA_Sune_TargetedLeapAoe,9,TargetCountThresholdRef,Sune.TargetedLeapAoe.Aoe.DamageScalingTargetCountThreshold,8.0,,,
GA_Vigor_DamageReductionAndImmunityBuff_C,0,Modifier,Perk.IncreasedDurationOrReducedCooldown.Vigor.ReducedCooldownInSeconds,6.0,,,
GA_Vigor_SingleAllyDispel_C,0,Modifier,Perk.IncreasedDurationOrReducedCooldown.Vigor.Dispel.ReducedCooldownInSeconds,1.0,,,
GA_Warmaster_AoeIncite,0,AoeRadiusRef,Warmaster.AoeIncite.AoeRadius,1500.0,,,
GA_Warmaster_AoeIncite,1,CooldownDuration,Warmaster.AoeIncite.Cooldown,150.0,,,
GA_Warmaster_AoeIncite,2,Modifier,Warmaster.AoeIncite.Talent.ReducedCooldown,0.8,,,
GA_Warmaster_AoeIncite,3,VisualDelayRef,Warmaster.AoeIncite.VisualDelay,0.22,,,
GA_Warmaster_BouncyProjectile_C,0,BounceSearchMaxRadiusRef,Warmaster.BouncyProjectile.BounceSearchMaxDistance,650.0,,,
GA_Warmaster_BouncyProjectile_C,1,BounceSearchMinRadiusRef,Warmaster.BouncyProjectile.BounceSearchMinDistance,0.0,,,
GA_Warmaster_BouncyProjectile_C,2,CooldownDuration,Warmaster.BouncyProjectile.Cooldown,21.0,,,
GA_Warmaster_BouncyProjectile_C,3,Max Range,Warmaster.BouncyProjectile.MaxRange,3000.0,,,
GA_Warmaster_BouncyProjectile_C,4,NumBouncesRef,Warmaster.BouncyProjectile.MaxNumBounces,5.0,,,
GA_Warmaster_BouncyProjectile_C,5,Talent_SpiritPointGain_NumPointsRef,Warmaster.BouncyProjectile.Talent.SpiritPointGain.NumPoints,2.0,,,
GA_Warmaster_DefenceBuff_C,0,CooldownDuration,Warmaster.DefenceBuff.Cooldown,30.0,,,
GA_Warmaster_DefenceBuff_C,1,Modifier,Perk.IncreasedDurationOrReducedCooldown.ReducedCooldownInSeconds,3.0,,,
GA_Warmaster_DefenceBuff_C,2,NumChargesRef,Warmaster.DefenceBuff.NumCharges,2.0,,,
GA_Warmaster_DefenceBuff_C,3,Talent IncreasedBlockChance,Warmaster.DefenceBuff.Talent.IncreasedBlockChance.AdditionalBlockChance,0.05,,,
GA_Warmaster_HeavyMelee_C,0,CleaveRadiusRef,Warmaster.SelfOffensiveSuperBuff.CleaveRadius,300.0,,,
GA_Warmaster_HeavyMelee_C,1,CooldownDuration,Warmaster.HeavyMelee.Cooldown,6.0,,,
GA_Warmaster_HeavyMelee_C,2,ExtraResourceGainAmountRef,Warmaster.SelfOffensiveSuperBuff.ExtraGeneratedComboPointHeavyMelee,1.0,,,
GA_Warmaster_HeavyMelee_C,3,Max Range,Warmaster.MeleeRange,500.0,,,
GA_Warmaster_HeavyMelee_C,4,ResourceGainAmountRef,Warmaster.HeavyMelee.ComboPointReward,2.0,,,
GA_Warmaster_InstantMeleeCleave,0,CleaveRadiusRef,Warmaster.InstantMeleeCleave.Damage.CleaveRadius,500.0,,,
GA_Warmaster_InstantMeleeCleave,1,CooldownDuration,Warmaster.InstantMeleeCleave.Cooldown,30.0,,,
GA_Warmaster_InstantMeleeCleave,2,PassiveHealthRegen PercentMaxHealthPerTick Ref,Warmaster.InstantMeleeCleave.HealthRegen.PercentOfMaxHealth,0.05,,,
GA_Warmaster_InstantMeleeCleave,3,PassiveHealthRegenDurationRef,Warmaster.InstantMeleeCleave.HealthRegen.Duration,6.0,,,
GA_Warmaster_InstantMeleeCleave,4,Talent ImprovedHeal DurationRef,Warmaster.InstantMeleeCleave.Talent.ImprovedHeal.Duration,12.0,,,
GA_Warmaster_InstantMeleeCleave,5,Talent ImprovedHeal PercentMaxHealthPerTick Ref,Warmaster.InstantMeleeCleave.Talent.ImprovedHeal.PercentOfMaxHealth,0.04,,,
GA_Warmaster_InstantMeleeCleave,6,TargetCountThresholdRef,Warmaster.InstantMeleeCleave.Damage.DamageScalingTargetCountThreshold,1.0,,,
GA_Warmaster_LightMelee_C,0,BlockToIncreasedPower DamageMultiplier,Warmaster.LightMelee.Talent.BlockToIncreasedPower.DamageMultiplier,2.0,,,
GA_Warmaster_LightMelee_C,1,CleaveRadiusRef,Warmaster.LightMelee.CleaveRadius,500.0,,,
GA_Warmaster_LightMelee_C,2,ExtraResourceGainAmountRef,Warmaster.SelfOffensiveSuperBuff.ExtraGeneratedComboPointLightMelee,1.0,,,
GA_Warmaster_LightMelee_C,3,Max Range,Warmaster.MeleeRange,500.0,,,
GA_Warmaster_LightMelee_C,4,ResourceGainAmountRef,Warmaster.LightMelee.ComboPointReward,1.0,,,
GA_Warmaster_LightMelee_C,5,Talent MeleeCleave Tier2 Level 1 ProcChance,Warmaster.MeleeCleave.Tier2.Level1.MeleeCleaveDamageIncreaseFreeCast.ProcChance,0.05,,,
GA_Warmaster_LightMelee_C,6,Talent MeleeCleave Tier2 Level 2 ProcChance,Warmaster.MeleeCleave.Tier2.Level2.MeleeCleaveDamageIncreaseFreeCast.ProcChance,0.1,,,
GA_Warmaster_LightMelee_C,7,TargetCountThresholdRef,Warmaster.LightMelee.DamageScalingTargetCountThreshold,3.0,,,
GA_Warmaster_MeleeAoeSlow_C,0,AoeRadiusRef,Warmaster.MeleeAoeSlow.Radius,1000.0,,,
GA_Warmaster_MeleeAoeSlow_C,1,CooldownDuration,Warmaster.MeleeAoeSlow.Cooldown,30.0,,,
GA_Warmaster_MeleeAoeSlow_C,2,Modifier,Warmaster.MeleeAoeSlow.Talent.ReducedCooldown,0.8,,,
GA_Warmaster_MeleeAoeSlow_C,3,NumDebuffStacksRef,Warmaster.MeleeAoeSlow.NumStartStacks,9.0,,,
GA_Warmaster_MeleeAoeSlow_C,4,Talent MeleeAoeSlow IncreasedToughnessAndDamage ToughnessToDamageMultiplier,Warmaster.MeleeAoeSlow.Talent.IncreasedToughnessAndDamage.DamageMultiplier.DamageMultiplierAtFullToughness,0.3,,,
GA_Warmaster_MeleeAoeSlow_C,5,Target Count Threshold Ref,Warmaster.MeleeAoeSlow.TargetCountThreshold,5.0,,,
GA_Warmaster_MeleeAutoAttack_C,0,MaxRangeRef,Warmaster.MeleeRange,500.0,,,
GA_Warmaster_MeleeCleave_C,0,AbsorbProcStrCoeffRef,Warmaster.MeleeCleave.AbsorbProc.StrCoefficient,17.43,,,
GA_Warmaster_MeleeCleave_C,1,CleaveRadiusRef,Warmaster.MeleeCleave.CleaveRadius,500.0,,,
GA_Warmaster_MeleeCleave_C,2,CooldownDuration,Warmaster.MeleeCleave.Cooldown,7.5,,,
GA_Warmaster_MeleeCleave_C,3,Max Range,Warmaster.MeleeRange,500.0,,,
GA_Warmaster_MeleeCleave_C,4,NumChargesRef,Warmaster.MeleeCleave.NumCharges,2.0,,,
GA_Warmaster_MeleeCleave_C,5,Talent IncreasedArmorFromAbilities AdditionalDamageBasedOnArmor,Warmaster.Talent.IncreasedArmorFromAbilities.MeleeCleave.AdditionalDamageBasedOnArmor,0.1,,,
GA_Warmaster_MeleeCleave_C,6,Talent_AbsorbDR_MultiplierRef,Warmaster.Talent.MeleeCleaveAbsorbBuff.ReducedDamageReflectDamage.AbsorbDamageMultiplier,0.8,,,
GA_Warmaster_MeleeCleave_C,7,TargetCountThresholdRef,Warmaster.MeleeCleave.TargetCountThreshold,8.0,,,
GA_Warmaster_MeleeInterrupt_C,0,CooldownDuration,Warmaster.MeleeInterrupt.Cooldown,12.0,,,
GA_Warmaster_MeleeInterrupt_C,1,Max Range,Warmaster.MeleeInterrupt.Range,500.0,,,
GA_Warmaster_MoveSpeedBuff,0,CooldownDuration,Warmaster.MoveSpeedBuff.Cooldown,30.0,,,
GA_Warmaster_MoveSpeedBuff,1,MaxRangeRef,Warmaster.MoveSpeedBuff.MaxRange,4000.0,,,
GA_Warmaster_MoveSpeedBuff,2,Talent_Charges_NumChargesRef,Warmaster.MoveSpeedBuff.Talent.Charges.NumCharges,2.0,,,
GA_Warmaster_MoveToTargetStun_C,0,ArrivalRangeRef,Warmaster.MoveToTargetStun.ArrivalRange,60.0,,,
GA_Warmaster_MoveToTargetStun_C,1,CooldownDuration,Warmaster.MoveToTargetStun.Cooldown,20.0,,,
GA_Warmaster_MoveToTargetStun_C,2,Increased Combo Points,Warmaster.MoveToTargetStun.Talent.IncreasedComboPoints.Level1,3.0,,,
GA_Warmaster_MoveToTargetStun_C,3,MaxRangeRef,Warmaster.MoveToTargetStun.MaxRange,3000.0,,,
GA_Warmaster_MoveToTargetStun_C,4,MeleeRangeRef,Warmaster.MoveToTargetStun.MeleeRange,500.0,,,
GA_Warmaster_MoveToTargetStun_C,5,Num of Charges,Warmaster.MoveToTargetStun.Talent.ChargesIncreasedSpeed.NumOfCharges,2.0,,,
GA_Warmaster_MoveToTargetStun_C,6,ResourceGainAmountRef,Warmaster.MoveToTargetStun.ComboPointReward,0.0,,,
GA_Warmaster_NoResourceLossSelfBuff_C,0,CooldownDuration,Warmaster.NoResourceLossSelfBuff.Cooldown,90.0,,,
GA_Warmaster_RangedTaunt_C,0,CooldownDuration,Warmaster.RangedTaunt.Cooldown,8.0,,,
GA_Warmaster_RangedTaunt_C,1,Max Range,Warmaster.RangedTaunt.MaxRange,4000.0,,,
GA_Warmaster_RangedTaunt_C,2,Talent FullResourcesSelfBuff IncreasedDamageAndTaunt Radius,Warmaster.FullResourcesSelfBuff.Talent.IncreasedDamageAndTaunt.TauntRadius,1000.0,,,
