id,effects_ordinal,asset,duration_policy,activation
GA_Bowguy_AoeProjectileDamage_C,0,GE_GlobalCooldown,HasDuration,unresolved
GA_Bowguy_AoeProjectileDamage_C,1,GE_Hero_Shared_PaddingCooldown,HasDuration,unresolved
GA_Bowguy_AoeProjectileDamage_C,2,GE_Bowguy_AoeProjectileDamage_Cost,,unresolved
GA_Bowguy_AoeProjectileDamage_C,3,GE_Bowguy_AoeProjectileDamage_Cost,,unresolved
GA_Bowguy_CastedBouncyProjectileDamage_C,0,GE_Bowguy_AimSlow,HasDuration,unresolved
GA_Bowguy_CastedBouncyProjectileDamage_C,1,GE_GlobalCooldown,HasDuration,unresolved
GA_Bowguy_CastedBouncyProjectileDamage_C,2,GE_Bowguy_CastedBouncyProjectileDamage_Cost,,unresolved
GA_Bowguy_CastedBouncyProjectileDamage_C,3,GE_Bowguy_CastedBouncyProjectileDamage_Cost,,unresolved
GA_Bowguy_CastedProjectileDamage_C,0,GE_Bowguy_AimSlow,HasDuration,unresolved
GA_Bowguy_CastedProjectileDamage_C,1,GE_Bowguy_CastedProjectileDamage_Buff,Infinite,unresolved
GA_Bowguy_CastedProjectileDamage_C,2,GE_Bowguy_RangedAutoAttack_Proc,HasDuration,unresolved
GA_Bowguy_CastedProjectileDamage_C,3,GE_GlobalCooldown,HasDuration,unresolved
GA_Bowguy_CastedProjectileDamage_C,4,GE_Bowguy_CastedProjectileDamage_Buff,Infinite,unresolved
GA_Bowguy_CastedProjectileHeavyDamage_C,0,GE_Bowguy_AimSlow,HasDuration,unresolved
GA_Bowguy_CastedProjectileHeavyDamage_C,1,GE_GlobalCooldown,HasDuration,unresolved
GA_Bowguy_CastedProjectileHeavyDamage_C,2,GE_Hero_Shared_PaddingCooldown,HasDuration,unresolved
GA_Bowguy_CastedProjectileHeavyDamage_C,3,GE_Bowguy_CastedProjectileHeavyDamage_Cost,,unresolved
GA_Bowguy_CastedProjectileHeavyDamage_C,4,GE_Bowguy_CastedProjectileHeavyDamage_Cost,,unresolved
GA_Bowguy_ChanneledMultiProjectileDebuff_C,0,GE_Bowguy_AimSlow,HasDuration,unresolved
GA_Bowguy_ChanneledMultiProjectileDebuff_C,1,GE_GlobalCooldown,HasDuration,unresolved
GA_Bowguy_ChanneledMultiProjectileDebuff_C,2,GE_Shared_Cooldown_DefaultScale,HasDuration,unresolved
GA_Bowguy_ChanneledMultiProjectileDebuff_C,3,GE_Hero_Shared_PaddingCooldown,HasDuration,unresolved
GA_Bowguy_ChanneledMultiProjectileDebuff_C,4,GE_Bowguy_ChanneledMultiProjectileDebuff_Cost,,unresolved
GA_Bowguy_ChanneledMultiProjectileDebuff_C,5,GE_Bowguy_ChanneledMultiProjectileDebuff_Cost,,unresolved
GA_Bowguy_ChargedMoveWithDirection_C,0,GE_Hero_Shared_PaddingCooldown,HasDuration,unresolved
GA_Bowguy_DurationalAoeDamage_C,0,GE_Bowguy_DurationalAoeDamage_Buff,HasDuration,unresolved
GA_Bowguy_DurationalAoeDamage_C,1,GE_Bowguy_AimSlow,HasDuration,unresolved
GA_Bowguy_DurationalAoeDamage_C,2,GE_Hero_Shared_PaddingCooldown,HasDuration,unresolved
GA_Bowguy_DurationalAoeDamage_C,3,GE_Bowguy_DurationalAoeDamage_Cost,,unresolved
GA_Bowguy_DurationalAoeDamage_C,4,GE_Bowguy_DurationalAoeDamage_Buff,HasDuration,unresolved
GA_Bowguy_DurationalAoeDamage_C,5,GE_Bowguy_DurationalAoeDamage_Cost,,unresolved
GA_Bowguy_InstantMarkTarget_C,0,GE_Bowguy_InstantMarkTarget_Debuff,HasDuration,unresolved
GA_Bowguy_InstantMarkTarget_C,1,GE_Shared_Cooldown_DefaultScale,HasDuration,unresolved
GA_Bowguy_InstantMarkTarget_C,2,GE_Hero_Shared_PaddingCooldown,HasDuration,unresolved
GA_Bowguy_InstantMarkTarget_C,3,GE_Bowguy_InstantMarkTarget_Debuff,HasDuration,unresolved
GA_Bowguy_InstantSingleInterrupt_C,0,GE_Shared_Cooldown_Static,HasDuration,unresolved
GA_Bowguy_InstantSingleInterrupt_C,1,GE_Hero_Shared_PaddingCooldown,HasDuration,unresolved
GA_Bowguy_InstantSingleInterrupt_C,2,GE_Bowguy_InstantSingleInterrupt_Lockout,,unresolved
GA_Bowguy_Passive_InstantMarkTarget_Monitor_C,0,GE_Bowguy_InstantMarkTarget_Debuff,HasDuration,unresolved
GA_Bowguy_ProcHasteBuff_C,0,GE_Bowguy_ProcHasteBuff_Buff,HasDuration,unresolved
GA_Bowguy_ProcHasteBuff_C,1,GE_Shared_Cooldown_DefaultScale,HasDuration,unresolved
GA_Bowguy_ProcHasteBuff_C,2,GE_Hero_Shared_PaddingCooldown,HasDuration,unresolved
GA_Bowguy_ProcHasteBuff_C,3,GE_Bowguy_ProcHasteBuff_Buff,HasDuration,unresolved
GA_Bowguy_RangedAutoAttack_C,0,GE_Bowguy_RangedAutoAttack_Proc,HasDuration,unresolved
GA_Bowguy_ReducedCostCooldownRecoveryBuff_C,0,GE_Bowguy_ReducedCostCooldownRecoveryBuff_SelfBuff,HasDuration,unresolved
GA_Bowguy_ReducedCostCooldownRecoveryBuff_C,1,GE_Bowguy_AimSlow,HasDuration,unresolved
GA_Bowguy_ReducedCostCooldownRecoveryBuff_C,2,GE_Hero_Shared_PaddingCooldown,HasDuration,unresolved
GA_Bowguy_ReducedCostCooldownRecoveryBuff_C,3,GE_Bowguy_ReducedCostCooldownRecoveryBuff_Cost,,unresolved
GA_Bowguy_ReducedCostCooldownRecoveryBuff_C,4,GE_Bowguy_ReducedCostCooldownRecoveryBuff_CooldownRecoveryBuff,Infinite,unresolved
GA_Bowguy_ReducedCostCooldownRecoveryBuff_C,5,GE_Bowguy_ReducedCostCooldownRecoveryBuff_Cost,,unresolved
GA_Bowguy_ReducedCostCooldownRecoveryBuff_C,6,GE_Bowguy_ReducedCostCooldownRecoveryBuff_SelfBuff,HasDuration,unresolved
GA_Bowguy_SelfBuffForAoeProjectile_C,0,GE_Bowguy_SelfBuffForAoeProjectile_SelfBuff,HasDuration,unresolved
GA_Bowguy_SelfBuffForAoeProjectile_C,1,GE_Shared_Cooldown_DefaultScale,HasDuration,unresolved
GA_Bowguy_SelfBuffForAoeProjectile_C,2,GE_Hero_Shared_PaddingCooldown,HasDuration,unresolved
GA_Bowguy_SelfBuffForAoeProjectile_C,3,GE_Bowguy_SelfBuffForAoeProjectile_SelfBuff,HasDuration,unresolved
GA_Bowguy_SelfDefenceBuff_C,0,GE_Bowguy_SelfDefenceBuff_SelfBuff,HasDuration,unresolved
GA_Bowguy_SelfDefenceBuff_C,1,GE_Shared_Cooldown_DefaultScale,HasDuration,unresolved
GA_Bowguy_SelfDefenceBuff_C,2,GE_Hero_Shared_PaddingCooldown,HasDuration,unresolved
GA_Bowguy_SelfDefenceBuff_C,3,GE_Bowguy_SelfDefenceBuff_SelfBuff,HasDuration,unresolved
GA_Bowguy_SingleProjectileDamage_C,0,GE_Bowguy_InstantMarkTarget_Debuff,HasDuration,unresolved
GA_Bowguy_SingleProjectileDamage_C,1,GE_GlobalCooldown,HasDuration,unresolved
GA_Bowguy_SingleProjectileDamage_C,2,GE_Hero_Shared_PaddingCooldown,HasDuration,unresolved
GA_Bowguy_SingleProjectileDamage_C,3,GE_Bowguy_SingleProjectileDamage_Cost,,unresolved
GA_Bowguy_SingleProjectileDamage_C,4,GE_Bowguy_SingleProjectileDamage_Cost,,unresolved
GA_Bowguy_TargetedAoeDamage_C,0,GE_GlobalCooldown,HasDuration,unresolved
GA_Bowguy_TargetedAoeDamage_C,1,GE_Shared_Cooldown_DefaultScale,HasDuration,unresolved
GA_Bowguy_TargetedAoeDamage_C,2,GE_Hero_Shared_PaddingCooldown,HasDuration,unresolved
GA_Bowguy_TargetedAoeDamage_C,3,GE_Bowguy_TargetedAoeDamage_Cost,,unresolved
GA_Bowguy_TargetedAoeDamage_C,4,GE_Bowguy_TargetedAoeDamage_Cost,,unresolved
GA_Bowguy_TargetedAoePull_C,0,GE_Bowguy_TargetedAoePull_Slow,HasDuration,unresolved
GA_Bowguy_TargetedAoePull_C,1,GE_Shared_Cooldown_DefaultScale,HasDuration,unresolved
GA_Bowguy_TargetedAoePull_C,2,GE_Hero_Shared_PaddingCooldown,HasDuration,unresolved
GA_Bowguy_TargetedAoePull_C,3,GE_Bowguy_TargetedAoePull_Pull,HasDuration,unresolved
GA_Bowguy_TargetedAoePull_C,4,GE_Bowguy_TargetedAoePull_Slow,HasDuration,unresolved
GA_Firemage_CastedDotBoostProjectile,0,GE_Firemage_InstantDoubleDot_Buff,HasDuration,unresolved
GA_Firemage_CastedDotBoostProjectile,1,GE_GlobalCooldown,HasDuration,unresolved
GA_Firemage_CastedDotDetonate,0,GE_Firemage_CastedDotDetonate_CustomGlobalCooldown,HasDuration,unresolved
GA_Firemage_CastedDotDetonate,1,GE_Firemage_CastedDotDetonate_CustomGlobalCooldown,HasDuration,unresolved
GA_Firemage_CastedPlacedAoe,0,GE_Firemage_Talent_CastedPlacedAoe_StunAndCooldownReduction_Stun,HasDuration,unresolved
GA_Firemage_CastedPlacedAoe,1,GE_GlobalCooldown,HasDuration,unresolved
GA_Firemage_CastedPlacedAoe,2,GE_Shared_Cooldown_DefaultScale,HasDuration,unresolved
GA_Firemage_CastedSingleDot2_C,0,GE_GlobalCooldown,HasDuration,unresolved
GA_Firemage_CastedSingleHeavyDot_C,0,GE_Firemage_CastedSingleHeavyDot_Dot,HasDuration,unresolved
GA_Firemage_CastedSingleHeavyDot_C,1,GE_Firemage_InstantSingleTargetDot_Dot,HasDuration,unresolved
GA_Firemage_CastedSingleHeavyDot_C,2,GE_Firemage_InstantSingleTargetDot_Dot_StackingBoostTalent,,unresolved
GA_Firemage_CastedSingleHeavyDot_C,3,GE_GlobalCooldown,HasDuration,unresolved
GA_Firemage_CastedSingleHeavyDot_C,4,GE_Shared_Cooldown_DefaultScale,HasDuration,unresolved
GA_Firemage_CastedSingleHeavyDot_C,5,GE_Firemage_CastedSingleHeavyDot_Dot,HasDuration,unresolved
GA_Firemage_ChanneledForwardAoeDamage,0,GE_Firemage_ChanneledForwardAoeDamage_Dot,HasDuration,unresolved
GA_Firemage_ChanneledForwardAoeDamage,1,GE_Shared_Cooldown_HasteScale,HasDuration,unresolved
GA_Firemage_ChanneledForwardAoeDamage,2,GE_Firemage_ChanneledForwardAoeDamage_Cost,,unresolved
GA_Firemage_ChanneledForwardAoeDamage,3,GE_Firemage_ChanneledForwardAoeDamage_Cost,,unresolved
GA_Firemage_ChanneledForwardAoeDamage,4,GE_Firemage_ChanneledForwardAoeDamage_Dot,HasDuration,unresolved
GA_Firemage_DashForward,0,GE_Hero_Shared_PaddingCooldown,HasDuration,unresolved
GA_Firemage_Firefrogs,0,GE_GlobalCooldown,HasDuration,unresolved
GA_Firemage_Firefrogs,1,GE_Shared_Cooldown_DefaultScale,HasDuration,unresolved
GA_Firemage_Firefrogs,2,GE_Firemage_FireFrog_Dot,HasDuration,unresolved
GA_Firemage_InstantDotSpread,0,GE_Firemage_InstantDotSpread_DotBonusBuff,HasDuration,unresolved
GA_Firemage_InstantDotSpread,1,GE_Shared_Cooldown_DefaultScale,HasDuration,unresolved
GA_Firemage_InstantDotSpread,2,GE_Hero_Shared_PaddingCooldown,HasDuration,unresolved
GA_Firemage_InstantDotSpread,3,GE_Firemage_InstantDotSpread_DotBonusBuff,HasDuration,unresolved
GA_Firemage_InstantMultiTargetDot_C,0,GE_Firemage_CastedSingleHeavyDot_Dot,HasDuration,unresolved
GA_Firemage_InstantMultiTargetDot_C,1,GE_Shared_Cooldown_DefaultScale,HasDuration,unresolved
GA_Firemage_InstantMultiTargetDot_C,2,GE_Hero_Shared_PaddingCooldown,HasDuration,unresolved
GA_Firemage_InstantSingleDisorient,0,GE_Firemage_InstantSingleDisorient_Debuff,HasDuration,unresolved
GA_Firemage_InstantSingleDisorient,1,GE_Shared_Cooldown_DefaultScale,HasDuration,unresolved
GA_Firemage_InstantSingleDisorient,2,GE_Hero_Shared_PaddingCooldown,HasDuration,unresolved
GA_Firemage_InstantSingleDisorient,3,GE_Firemage_InstantSingleDisorient_Debuff,HasDuration,unresolved
GA_Firemage_InstantSingleInterrupt,0,GE_Shared_Cooldown_Static,HasDuration,unresolved
GA_Firemage_InstantSingleInterrupt,1,GE_Firemage_InstantSingleInterrupt_Lockout,,unresolved
GA_Firemage_Passive_FrogDamageMonitor,0,GE_Firemage_FireFrog_Dot,HasDuration,unresolved
GA_Firemage_Passive_PlacedProjectileAoeDamageMonitor_Dot,0,GE_Firemage_PlacedProjectileAoe_DirectDamageBased_Dot,HasDuration,unresolved
GA_Firemage_PlacedProjectileAoe,0,GE_Firemage_PlacedProjectileAoe_DirectDamageBased_Dot,HasDuration,unresolved
GA_Firemage_PlacedProjectileAoe,1,GE_GlobalCooldown,HasDuration,unresolved
GA_Firemage_PlacedProjectileAoe,2,GE_Shared_Cooldown_DefaultScale,HasDuration,unresolved
GA_Firemage_PlacedProjectileAoe,3,GE_Firemage_PlacedProjectileAoe_DirectDamageBased_Dot,HasDuration,unresolved
GA_Firemage_SelfDefenceBuff,0,GE_Firemage_SelfDefenceBuff_SelfBuff,HasDuration,unresolved
GA_Firemage_SelfDefenceBuff,1,GE_Shared_Cooldown_DefaultScale,HasDuration,unresolved
GA_Firemage_SelfDefenceBuff,2,GE_Firemage_SelfDefenceBuff_SelfBuff,HasDuration,unresolved
GA_Gunde_BasicSingleTargetAttack,0,GE_GlobalCooldown,HasDuration,unresolved
GA_Gunde_DamageReductionSelfBuff,0,GE_Gunde_DamageReductionSelfBuff_SelfBuff,HasDuration,unresolved
GA_Gunde_DamageReductionSelfBuff,1,GE_Shared_Cooldown_DefaultScale,HasDuration,unresolved
GA_Gunde_DamageReductionSelfBuff,2,GE_Hero_Shared_PaddingCooldown,HasDuration,unresolved
GA_Gunde_DamageReductionSelfBuff,3,GE_Gunde_DamageReductionSelfBuff_SelfBuff,HasDuration,unresolved
GA_Gunde_DashAttack,0,GE_Hero_Shared_PaddingCooldown,HasDuration,unresolved
GA_Gunde_DotTransfer,0,GE_Gunde_DotTransfer_SelfBuff,HasDuration,unresolved
GA_Gunde_DotTransfer,1,GE_Shared_Cooldown_DefaultScale,HasDuration,unresolved
GA_Gunde_DotTransfer,2,GE_Hero_Shared_PaddingCooldown,HasDuration,unresolved
GA_Gunde_DotTransfer,3,GE_Gunde_DotTransfer_SelfBuff,HasDuration,unresolved
GA_Gunde_DurationalAoeDotAndBuff,0,GE_Gunde_DurationalAoeDotAndBuff_SelfBuff,HasDuration,unresolved
GA_Gunde_DurationalAoeDotAndBuff,1,GE_GlobalCooldown,HasDuration,unresolved
GA_Gunde_DurationalAoeDotAndBuff,2,GE_Hero_Shared_PaddingCooldown,HasDuration,unresolved
GA_Gunde_DurationalAoeDotAndBuff,3,GE_Shared_SpiritAbility_Cost,,unresolved
GA_Gunde_DurationalAoeDotAndBuff,4,GE_Gunde_DurationalAoeDotAndBuff_SelfBuff,HasDuration,unresolved
GA_Gunde_ExtraDotDamageBuff,0,GE_Shared_Cooldown_DefaultScale,HasDuration,unresolved
GA_Gunde_ExtraDotDamageBuff,1,GE_Hero_Shared_PaddingCooldown,HasDuration,unresolved
GA_Gunde_HeavyMeleeDotBased,0,GE_GlobalCooldown,HasDuration,unresolved
GA_Gunde_HeavyMeleeDotBased,1,GE_Shared_Cooldown_HasteScale,HasDuration,unresolved
GA_Gunde_HeavyMeleeDotBoost,0,GE_Gunde_BoostedDotDamage_TargetDebuff,HasDuration,unresolved
GA_Gunde_HeavyMeleeDotBoost,1,GE_GlobalCooldown,HasDuration,unresolved
GA_Gunde_HeavyMeleeDotBoost,2,GE_Shared_Cooldown_DefaultScale,HasDuration,unresolved
GA_Gunde_InstantAoeDot,0,GE_Gunde_InstantAoeDot_Dot,HasDuration,unresolved
GA_Gunde_InstantAoeDot,1,GE_Shared_Cooldown_DefaultScale,HasDuration,unresolved
GA_Gunde_InstantAoeDot,2,GE_Gunde_InstantAoeDot_Dot,HasDuration,unresolved
GA_Gunde_InstantAoeWithBuff,0,GE_Gunde_ExtraDotDamageGain_SelfBuff,HasDuration,unresolved
GA_Gunde_InstantAoeWithBuff,1,GE_GlobalCooldown,HasDuration,unresolved
GA_Gunde_InstantAoeWithBuff,2,GE_Shared_Cooldown_HasteScale,HasDuration,unresolved
GA_Gunde_InstantWhirlwindAoe,0,GE_GlobalCooldown,HasDuration,unresolved
GA_Gunde_InstantWhirlwindAoe,1,GE_Shared_Cooldown_HasteScale,HasDuration,unresolved
GA_Gunde_JumpToLocation,0,GE_Shared_Cooldown_HasteScale,HasDuration,unresolved
GA_Gunde_JumpToLocation,1,GE_Hero_Shared_PaddingCooldown,HasDuration,unresolved
GA_Gunde_Passive_PerTargetAccumulatedBleed_DotManager,0,GE_Gunde_PerTargetAccumulatedBleed,HasDuration,unresolved
GA_Gunde_SingleTargetInterrupt,0,GE_Shared_Cooldown_Static,HasDuration,unresolved
GA_Gunde_SingleTargetInterrupt,1,GE_Hero_Shared_PaddingCooldown,HasDuration,unresolved
GA_Gunde_SingleTargetPull,0,GE_Shared_Cooldown_DefaultScale,HasDuration,unresolved
GA_Gunde_SingleTargetPull,1,GE_Hero_Shared_PaddingCooldown,HasDuration,unresolved
GA_Gunde_Talent_DotTransfer_Aoe,0,GE_Gunde_DotTransfer_SelfBuff,HasDuration,unresolved
GA_Gunde_Talent_DotTransfer_Aoe,1,GE_GlobalCooldown,HasDuration,unresolved
GA_Gunde_Talent_DotTransfer_Aoe,2,GE_Shared_Cooldown_DefaultScale,HasDuration,unresolved
GA_Gunde_Talent_DotTransfer_Aoe,3,GE_Hero_Shared_PaddingCooldown,HasDuration,unresolved
GA_Gunde_TargetedAoeProjectile,0,GE_GlobalCooldown,HasDuration,unresolved
GA_Gunde_TargetedAoeProjectile,1,GE_Shared_Cooldown_HasteScale,HasDuration,unresolved
GA_Ink_AoeAttack_C,0,GE_Ink_AoeAttack_Activated,Infinite,unresolved
GA_Ink_AoeAttack_C,1,GE_GlobalCooldown,HasDuration,unresolved
GA_Ink_AoeAttack_C,2,GE_Ink_AoeAttack_Cost,,unresolved
GA_Ink_AoeAttack_C,3,GE_Ink_AoeAttack_Activated,Infinite,unresolved
GA_Ink_AoeAttack_C,4,GE_Ink_AoeAttack_Cost,,unresolved
GA_Ink_AoeFear_C,0,GE_Ink_AoeFear_Fear,HasDuration,unresolved
GA_Ink_AoeFear_C,1,GE_Shared_Cooldown_DefaultScale,HasDuration,unresolved
GA_Ink_AoeFear_C,2,GE_Hero_Shared_PaddingCooldown,HasDuration,unresolved
GA_Ink_AoeFear_C,3,GE_Ink_AoeFear_Fear,HasDuration,unresolved
GA_Ink_AutoAttackBuff_InstantAttack_C,0,GE_Ink_Talent_AutoAttackBuff_StackingBuffConsumedBySpender_Stacker,HasDuration,unresolved
GA_Ink_AutoAttackBuff_InstantAttack_C,1,GE_GlobalCooldown,HasDuration,unresolved
GA_Ink_AutoAttackBuff_InstantAttack_C,2,GE_Shared_Cooldown_HasteScale,HasDuration,unresolved
GA_Ink_BouncyProjectile_C,0,GE_GlobalCooldown,HasDuration,unresolved
GA_Ink_BouncyProjectile_C,1,GE_Shared_Cooldown_HasteScale,HasDuration,unresolved
GA_Ink_BouncyProjectile_C,2,GE_Hero_Shared_PaddingCooldown,HasDuration,unresolved
GA_Ink_ChargedBuff_C,0,GE_Ink_ChargedBuff_Buff,HasDuration,unresolved
GA_Ink_ChargedBuff_C,1,GE_Shared_Cooldown_DefaultScale,HasDuration,unresolved
GA_Ink_ChargedBuff_C,2,GE_Hero_Shared_PaddingCooldown,HasDuration,unresolved
GA_Ink_ChargedBuff_C,3,GE_Ink_ChargedBuff_Buff,HasDuration,unresolved
GA_Ink_CleaveAttack_C,0,GE_GlobalCooldown,HasDuration,unresolved
GA_Ink_CleaveAttack_C,1,GE_Hero_Shared_PaddingCooldown,HasDuration,unresolved
GA_Ink_CleaveAttack_C,2,GE_Ink_CleaveAttack_Cost,,unresolved
GA_Ink_CleaveAttack_C,3,GE_Ink_CleaveAttack_Cost,,unresolved
GA_Ink_CostReductionBuff_C,0,GE_Ink_CostReductionBuff_SelfBuff,HasDuration,unresolved
GA_Ink_CostReductionBuff_C,1,GE_Shared_Cooldown_DefaultScale,HasDuration,unresolved
GA_Ink_CostReductionBuff_C,2,GE_Hero_Shared_PaddingCooldown,HasDuration,unresolved
GA_Ink_CostReductionBuff_C,3,GE_Ink_CostReductionBuff_SelfBuff,HasDuration,unresolved
GA_Ink_EnhancedChargedBuff,0,GE_Ink_EnhancedChargedBuff_PulsatingSingleDamage_SelfBuff,HasDuration,unresolved
GA_Ink_EnhancedChargedBuff,1,GE_Hero_Shared_PaddingCooldown,HasDuration,unresolved
GA_Ink_EnhancedChargedBuff,2,GE_Ink_EnhancedChargedBuff_Cost,,unresolved
GA_Ink_EnhancedChargedBuff,3,GE_Ink_EnhancedChargedBuff_Cost,,unresolved
GA_Ink_EnhancedChargedBuff,4,GE_Ink_EnhancedChargedBuff_PulsatingSingleDamage_SelfBuff,HasDuration,unresolved
GA_Ink_HeavySingleTargetAttack_C,0,GE_Hero_Shared_PaddingCooldown,HasDuration,unresolved
GA_Ink_HeavySingleTargetAttack_C,1,GE_Ink_HeavySingleTargetAttack_Cost,,unresolved
GA_Ink_HeavySingleTargetAttack_C,2,GE_Ink_HeavySingleTargetAttack_Cost,,unresolved
GA_Ink_LowHealthSingleTargetResourceDamage_C,0,GE_Shared_Cooldown_HasteScale,HasDuration,unresolved
GA_Ink_LowHealthSingleTargetResourceDamage_C,1,GE_Hero_Shared_PaddingCooldown,HasDuration,unresolved
GA_Ink_MeleeInterrupt_C,0,GE_Shared_Cooldown_Static,HasDuration,unresolved
GA_Ink_MeleeInterrupt_C,1,GE_Hero_Shared_PaddingCooldown,HasDuration,unresolved
GA_Ink_MeleeInterrupt_C,2,GE_Ink_MeleeInterrupt_Lockout,,unresolved
GA_Ink_MoveToLocationAoeDamage_C,0,GE_Ink_Talent_MoveToLocationAoeDamage_TargetExtraInkDamage_Debuff,HasDuration,unresolved
GA_Ink_MoveToLocationAoeDamage_C,1,GE_Shared_Cooldown_HasteScale,HasDuration,unresolved
GA_Ink_MoveToLocationAoeDamage_C,2,GE_Hero_Shared_PaddingCooldown,HasDuration,unresolved
GA_Ink_SecondChanceSingleTargetAttack_C,0,GE_GlobalCooldown,HasDuration,unresolved
GA_Ink_SecondChanceSingleTargetAttack_C,1,GE_Shared_Cooldown_HasteScale,HasDuration,unresolved
GA_Ink_SecondChanceSingleTargetAttack_C,2,GE_Hero_Shared_PaddingCooldown,HasDuration,unresolved
GA_Ink_SecondChanceSingleTargetAttack_C,3,GE_Ink_SecondChanceSingleTargetAttack_Cost,,unresolved
GA_Ink_SecondChanceSingleTargetAttack_C,4,GE_Ink_SecondChanceSingleTargetAttack_Cost,,unresolved
GA_Ink_SecondChanceSingleTargetAttack_C,5,GE_Ink_SecondChanceSingleTargetDamage_Proc,Infinite,unresolved
GA_Ink_SelfDefenceBuff_C,0,GE_Ink_SelfDefenceBuff_SelfBuff_First,HasDuration,unresolved
GA_Ink_SelfDefenceBuff_C,1,GE_Shared_Cooldown_DefaultScale,HasDuration,unresolved
GA_Ink_SelfDefenceBuff_C,2,GE_Hero_Shared_PaddingCooldown,HasDuration,unresolved
GA_Ink_SelfDefenceBuff_C,3,GE_Ink_SelfDefenceBuff_SelfBuff_First,HasDuration,unresolved
GA_Ink_SingleTargetHeavyNonSpender_C,0,GE_GlobalCooldown,HasDuration,unresolved
GA_Ink_SingleTargetHeavyNonSpender_C,1,GE_Shared_Cooldown_HasteScale,HasDuration,unresolved
GA_Ink_SingleTargetHeavyNonSpender_C,2,GE_Hero_Shared_PaddingCooldown,HasDuration,unresolved
GA_Ink_SingleTargetHeavyNonSpender_C,3,GE_Ink_SecondChanceSingleTargetAttack_Cost,,unresolved
GA_Ink_Taunt_C,0,GE_Ink_Talent_SelfDefenceBuff_IncreasedDurationAndTaunt_Taunt_Debuff,HasDuration,unresolved
GA_Ink_Taunt_C,1,GE_Shared_Cooldown_HasteScale,HasDuration,unresolved
GA_Ink_Taunt_C,2,GE_Hero_Shared_PaddingCooldown,HasDuration,unresolved
GA_Ink_Taunt_C,3,GE_Ink_Talent_SelfDefenceBuff_IncreasedDurationAndTaunt_Taunt_Debuff,HasDuration,unresolved
GA_Lisa_AoeStaggerRemovalSpender_C,0,GE_GlobalCooldown,HasDuration,unresolved
GA_Lisa_AoeStaggerRemovalSpender_C,1,GE_Hero_Shared_PaddingCooldown,HasDuration,unresolved
GA_Lisa_AoeStaggerRemovalSpender_C,2,GE_Lisa_AoeStaggerRemovalSpender_Cost,,unresolved
GA_Lisa_AoeStaggerRemovalSpender_C,3,GE_Lisa_AoeStaggerRemovalSpender_Cost,,unresolved
GA_Lisa_CastedHeal_C,0,GE_GlobalCooldown,HasDuration,unresolved
GA_Lisa_CastedHeal_C,1,GE_Hero_Shared_PaddingCooldown,HasDuration,unresolved
GA_Lisa_CastedHeal_C,2,GE_Lisa_Talent_CastedSingleTargetProjectile_CastedHealFromPreviousDamageProc_Proc,,unresolved
GA_Lisa_CastedHeal_C,3,GE_Lisa_CastedHeal_Cost,,unresolved
GA_Lisa_CastedHeal_C,4,GE_Lisa_CastedHeal_Cost,,unresolved
GA_Lisa_CastedProjectileDamageIncreaseDebuff_C,0,GE_GlobalCooldown,HasDuration,unresolved
GA_Lisa_CastedProjectileDamageIncreaseDebuff_C,1,GE_Shared_Cooldown_DefaultScale,HasDuration,unresolved
GA_Lisa_CastedProjectileDamageIncreaseDebuff_C,2,GE_Hero_Shared_PaddingCooldown,HasDuration,unresolved
GA_Lisa_CastedProjectileDamageIncreaseDebuff_C,3,GE_Lisa_CastedProjectileDamageIncreaseDebuff_Cost,,unresolved
GA_Lisa_CastedProjectileDamageIncreaseDebuff_C,4,GE_Lisa_CastedProjectileDamageIncreaseDebuff_Cost,,unresolved
GA_Lisa_CastedProjectileDamageIncreaseDebuff_C,5,GE_Lisa_CastedProjectileDamageIncreaseDebuff_Debuff,HasDuration,unresolved
GA_Lisa_CastedProjectileDamageIncreaseDebuff_C,6,GE_Lisa_CastedProjectileDamageIncreaseDebuff_Debuff_OwnerEffect,,unresolved
GA_Lisa_CastedSingleTargetDamage_C,0,GE_Lisa_InstantSingleTargetDamageAndDot_Dot,HasDuration,unresolved
GA_Lisa_CastedSingleTargetDamage_C,1,GE_GlobalCooldown,HasDuration,unresolved
GA_Lisa_CastedSingleTargetDamage_C,2,GE_Hero_Shared_PaddingCooldown,HasDuration,unresolved
GA_Lisa_CastedSingleTargetDamage_C,3,GE_Lisa_CastedSingleTargetProjectile_Cost,,unresolved
GA_Lisa_CastedSingleTargetDamage_C,4,GE_Lisa_CastedSingleTargetProjectile_Cost,,unresolved
GA_Lisa_ChanneledHealOrDamageProjectiles_C,0,GE_GlobalCooldown,HasDuration,unresolved
GA_Lisa_ChanneledHealOrDamageProjectiles_C,1,GE_Shared_Cooldown_HasteScale,HasDuration,unresolved
GA_Lisa_ChanneledHealOrDamageProjectiles_C,2,GE_Hero_Shared_PaddingCooldown,HasDuration,unresolved
GA_Lisa_ChanneledHealOrDamageProjectiles_C,3,GE_Lisa_ChanneledHealOrDamageProjectiles_Cost,,unresolved
GA_Lisa_ChanneledHealOrDamageProjectiles_C,4,GE_Lisa_ChanneledHealOrDamageProjectiles_Cost,,unresolved
GA_Lisa_InstantDamageSpender_C,0,GE_GlobalCooldown,HasDuration,unresolved
GA_Lisa_InstantDamageSpender_C,1,GE_Hero_Shared_PaddingCooldown,HasDuration,unresolved
GA_Lisa_InstantDamageSpender_C,2,GE_Lisa_InstantDamageSpender_Cost,,unresolved
GA_Lisa_InstantDamageSpender_C,3,GE_Lisa_InstantDamageSpender_Cost,,unresolved
GA_Lisa_InstantSelfBuff_C,0,GE_Lisa_InstantSelfBuff_SelfBuff,HasDuration,unresolved
GA_Lisa_InstantSelfBuff_C,1,GE_Shared_Cooldown_DefaultScale,HasDuration,unresolved
GA_Lisa_InstantSelfBuff_C,2,GE_Lisa_InstantSelfBuff_Cost,,unresolved
GA_Lisa_InstantSelfBuff_C,3,GE_Lisa_InstantSelfBuff_Cost,,unresolved
GA_Lisa_InstantSelfBuff_C,4,GE_Lisa_InstantSelfBuff_SelfBuff,HasDuration,unresolved
GA_Lisa_InstantSingleTargetDamageAndDot_C,0,GE_GlobalCooldown,HasDuration,unresolved
GA_Lisa_InstantSingleTargetDamageAndDot_C,1,GE_Hero_Shared_PaddingCooldown,HasDuration,unresolved
GA_Lisa_InstantSingleTargetDamageAndDot_C,2,GE_Lisa_InstantSingleTargetDamageAndDot_Cost,,unresolved
GA_Lisa_InstantSingleTargetDamageAndDot_C,3,GE_Lisa_InstantSingleTargetDamageAndDot_Cost,,unresolved
GA_Lisa_InstantSingleTargetDamageAndDot_C,4,GE_Lisa_InstantSingleTargetDamageAndDot_Dot,HasDuration,unresolved
GA_Lisa_PauseResourcesAndPartyHealth_C,0,GE_Lisa_PauseResourcesAndPartyHealth_HealthBuff,HasDuration,unresolved
GA_Lisa_PauseResourcesAndPartyHealth_C,1,GE_Lisa_PauseResourcesAndPartyHealth_SelfBuff,HasDuration,unresolved
GA_Lisa_PauseResourcesAndPartyHealth_C,2,GE_GlobalCooldown,HasDuration,unresolved
GA_Lisa_PauseResourcesAndPartyHealth_C,3,GE_Hero_Shared_PaddingCooldown,HasDuration,unresolved
GA_Lisa_PauseResourcesAndPartyHealth_C,4,GE_Lisa_PauseResourcesAndPartyHealth_Cost,,unresolved
GA_Lisa_PauseResourcesAndPartyHealth_C,5,GE_Lisa_PauseResourcesAndPartyHealth_Cost,,unresolved
GA_Lisa_PauseResourcesAndPartyHealth_C,6,GE_Lisa_PauseResourcesAndPartyHealth_HealthBuff,HasDuration,unresolved
GA_Lisa_PauseResourcesAndPartyHealth_C,7,GE_Lisa_PauseResourcesAndPartyHealth_SelfBuff,HasDuration,unresolved
GA_Lisa_SingleAllyDispel_C,0,GE_GlobalCooldown,HasDuration,unresolved
GA_Lisa_SingleAllyDispel_C,1,GE_Shared_Cooldown_Static,HasDuration,unresolved
GA_Lisa_SingleAllyDispel_C,2,GE_Hero_Shared_PaddingCooldown,HasDuration,unresolved
GA_Lisa_SingleAllyDispel_C,3,GE_Lisa_SingleAllyDispel_ResourceCost,,unresolved
GA_Lisa_SingleAllyDispel_C,4,GE_Lisa_SingleAllyDispel_ResourceCost,,unresolved
GA_Lisa_SingleTargetDamageImmunityBuff_C,0,GE_Lisa_SingleTargetDamageImmunityBuff_Buff,HasDuration,unresolved
GA_Lisa_SingleTargetDamageImmunityBuff_C,1,GE_GlobalCooldown,HasDuration,unresolved
GA_Lisa_SingleTargetDamageImmunityBuff_C,2,GE_Shared_Cooldown_DefaultScale,HasDuration,unresolved
GA_Lisa_SingleTargetDamageImmunityBuff_C,3,GE_Hero_Shared_PaddingCooldown,HasDuration,unresolved
GA_Lisa_SingleTargetDamageImmunityBuff_C,4,GE_Lisa_SingleTargetDamageImmunityBuff_Cost,,unresolved
GA_Lisa_SingleTargetDamageImmunityBuff_C,5,GE_Lisa_SingleTargetDamageImmunityBuff_Buff,HasDuration,unresolved
GA_Lisa_SingleTargetDamageImmunityBuff_C,6,GE_Lisa_SingleTargetDamageImmunityBuff_Cost,,unresolved
GA_Lisa_SingleTargetDot_C,0,GE_Lisa_SingleTargetDot_Dot,HasDuration,unresolved
GA_Lisa_SingleTargetDot_C,1,GE_GlobalCooldown,HasDuration,unresolved
GA_Lisa_SingleTargetDot_C,2,GE_Shared_Cooldown_DefaultScale,HasDuration,unresolved
GA_Lisa_SingleTargetDot_C,3,GE_Hero_Shared_PaddingCooldown,HasDuration,unresolved
GA_Lisa_SingleTargetDot_C,4,GE_Lisa_SingleTargetDot_Cost,,unresolved
GA_Lisa_SingleTargetDot_C,5,GE_Lisa_SingleTargetDot_Cost,,unresolved
GA_Lisa_SingleTargetDot_C,6,GE_Lisa_SingleTargetDot_Dot,HasDuration,unresolved
GA_Lisa_SingleTargetrRemovalSpender_C,0,GE_GlobalCooldown,HasDuration,unresolved
GA_Lisa_SingleTargetrRemovalSpender_C,1,GE_Hero_Shared_PaddingCooldown,HasDuration,unresolved
GA_Lisa_SingleTargetrRemovalSpender_C,2,GE_Lisa_SingleTargetStaggerRemovalSpender_Cost,,unresolved
GA_Lisa_SingleTargetrRemovalSpender_C,3,GE_Lisa_SingleTargetStaggerRemovalSpender_Cost,,unresolved
GA_Lisa_TargetedAoeSilence_C,0,GE_Lisa_TargetedAoeSilence_Buff,HasDuration,unresolved
GA_Lisa_TargetedAoeSilence_C,1,GE_Lisa_TargetedAoeSilence_Lockout,,unresolved
GA_Lisa_TargetedAoeSilence_C,2,GE_GlobalCooldown,HasDuration,unresolved
GA_Lisa_TargetedAoeSilence_C,3,GE_Shared_Cooldown_DefaultScale,HasDuration,unresolved
GA_Lisa_TargetedAoeSilence_C,4,GE_Hero_Shared_PaddingCooldown,HasDuration,unresolved
GA_Lisa_TargetedAoeSilence_C,5,GE_Lisa_TargetedAoeSilence_Cost,,unresolved
GA_Lisa_TargetedAoeSilence_C,6,GE_Lisa_TargetedAoeSilence_Buff,HasDuration,unresolved
GA_Lisa_TargetedAoeSilence_C,7,GE_Lisa_TargetedAoeSilence_Cost,,unresolved
GA_Lisa_TargetedAoeSilence_C,8,GE_Lisa_TargetedAoeSilence_Lockout,,unresolved
GA_Lisa_TeleportForward_C,0,GE_Lisa_TeleportForward_MoveSpeedBuff,HasDuration,unresolved
GA_Lisa_TeleportForward_C,1,GE_Shared_Cooldown_DefaultScale,HasDuration,unresolved
GA_Lisa_TeleportForward_C,2,GE_Hero_Shared_PaddingCooldown,HasDuration,unresolved
GA_Lisa_TeleportForward_C,3,GE_Lisa_TeleportForward_MoveSpeedBuff,HasDuration,unresolved
GA_Mara_AoeAttackBuilder_C,0,GE_Hero_Shared_PaddingCooldown,HasDuration,unresolved
GA_Mara_AoeAttackBuilder_C,1,GE_Mara_AoEAttackBuilder_Cost,,unresolved
GA_Mara_AoeAttackBuilder_C,2,GE_Mara_AoEAttackBuilder_Cost,,unresolved
GA_Mara_AoeAttackBuilder_C,3,GE_Mara_AoeAttackBuilder_Poison,HasDuration,unresolved
GA_Mara_AoeAttackSpender_C,0,GE_Hero_Shared_PaddingCooldown,HasDuration,unresolved
GA_Mara_AoeAttackSpender_C,1,GE_Mara_AoEAttackSpender_Cost,,unresolved
GA_Mara_AoeAttackSpender_C,2,GE_Mara_AoEAttackSpender_Cost,,unresolved
GA_Mara_BleedAttackSpender_C,0,GE_Mara_BleedAttackSpender_Bleed,HasDuration,unresolved
GA_Mara_BleedAttackSpender_C,1,GE_Hero_Shared_PaddingCooldown,HasDuration,unresolved
GA_Mara_BleedAttackSpender_C,2,GE_Mara_BleedAttackSpender_Cost,,unresolved
GA_Mara_BleedAttackSpender_C,3,GE_Mara_BleedAttackSpender_Bleed,HasDuration,unresolved
GA_Mara_BleedAttackSpender_C,4,GE_Mara_BleedAttackSpender_Cost,,unresolved
GA_Mara_ChargedDoubleAttackBuilder_C,0,GE_Shared_Cooldown_DefaultScale,HasDuration,unresolved
GA_Mara_ChargedDoubleAttackBuilder_C,1,GE_Hero_Shared_PaddingCooldown,HasDuration,unresolved
GA_Mara_ChargedDoubleAttackBuilder_C,2,GE_Mara_ChargedDoubleAttackBuilder_Poison,HasDuration,unresolved
GA_Mara_ChargedDoubleAttackBuilder_C,3,GE_Mara_ChargedDoubleAttackBuilder_Poison_Buff,Infinite,unresolved
GA_Mara_ChargedResourceRefillSelfBuff_C,0,GE_Mara_Talent_ChargedResourceRefillSelfBuff_IncreasedDamage_Buff,HasDuration,unresolved
GA_Mara_ChargedResourceRefillSelfBuff_C,1,GE_Shared_Cooldown_DefaultScale,HasDuration,unresolved
GA_Mara_ChargedResourceRefillSelfBuff_C,2,GE_Hero_Shared_PaddingCooldown,HasDuration,unresolved
GA_Mara_ChargedTeleportBehindTarget_C,0,GE_Mara_Talent_ChargedTeleportBehindTarget_IncreasedDamageOrMovementSpeed_DamageIncrease,HasDuration,unresolved
GA_Mara_ChargedTeleportBehindTarget_C,1,GE_Hero_Shared_PaddingCooldown,HasDuration,unresolved
GA_Mara_CopyCharacterDamage_C,0,GE_Mara_CopyCharacterDamage_SelfBuff,HasDuration,unresolved
GA_Mara_CopyCharacterDamage_C,1,GE_Hero_Shared_PaddingCooldown,HasDuration,unresolved
GA_Mara_CopyCharacterDamage_C,2,GE_Mara_CopyCharacterDamage_Cost,,unresolved
GA_Mara_CopyCharacterDamage_C,3,GE_Mara_CopyCharacterDamage_Cost,,unresolved
GA_Mara_CopyCharacterDamage_C,4,GE_Mara_CopyCharacterDamage_SelfBuff,HasDuration,unresolved
GA_Mara_HeavyAttackSpender_C,0,GE_Hero_Shared_PaddingCooldown,HasDuration,unresolved
GA_Mara_HeavyAttackSpender_C,1,GE_Mara_HeavyAttackSpender_Cost,,unresolved
GA_Mara_HeavyAttackSpender_C,2,GE_Mara_HeavyAttackSpender_Cost,,unresolved
GA_Mara_MeleeInterrupt_C,0,GE_Shared_Cooldown_Static,HasDuration,unresolved
GA_Mara_MeleeInterrupt_C,1,GE_Hero_Shared_PaddingCooldown,HasDuration,unresolved
GA_Mara_MeleeInterrupt_C,2,GE_Mara_MeleeInterrupt_Lockout,,unresolved
GA_Mara_ResetCooldownRefillResouces_C,0,GE_Shared_Cooldown_DefaultScale,HasDuration,unresolved
GA_Mara_ResetCooldownRefillResouces_C,1,GE_Hero_Shared_PaddingCooldown,HasDuration,unresolved
GA_Mara_SelfDefenceBuff_C,0,GE_Mara_SelfDefenceBuff_SelfBuff,HasDuration,unresolved
GA_Mara_SelfDefenceBuff_C,1,GE_Shared_Cooldown_DefaultScale,HasDuration,unresolved
GA_Mara_SelfDefenceBuff_C,2,GE_Hero_Shared_PaddingCooldown,HasDuration,unresolved
GA_Mara_SelfDefenceBuff_C,3,GE_Mara_SelfDefenceBuff_SelfBuff,HasDuration,unresolved
GA_Mara_Stealth_C,0,GE_Mara_Stealth,Infinite,unresolved
GA_Mara_Stealth_C,1,GE_Shared_Cooldown_DefaultScale,HasDuration,unresolved
GA_Mara_Stealth_C,2,GE_Hero_Shared_PaddingCooldown,HasDuration,unresolved
GA_Mara_Stealth_C,3,GE_Mara_Stealth,Infinite,unresolved
GA_Mara_StrongerBehindAttackBuilder_C,0,GE_Hero_Shared_PaddingCooldown,HasDuration,unresolved
GA_Mara_StrongerBehindAttackBuilder_C,1,GE_Mara_StrongerBehindAttackBuilder_Cost,,unresolved
GA_Mara_StrongerBehindAttackBuilder_C,2,GE_Mara_StrongerBehindAttackBuilder_Cost,,unresolved
GA_Mara_StunSpender_C,0,GE_Mara_StunSpender_Stun,HasDuration,unresolved
GA_Mara_StunSpender_C,1,GE_Shared_Cooldown_DefaultScale,HasDuration,unresolved
GA_Mara_StunSpender_C,2,GE_Hero_Shared_PaddingCooldown,HasDuration,unresolved
GA_Mara_StunSpender_C,3,GE_Mara_StunSpender_Stun,HasDuration,unresolved
GA_Mara_Talent_ResetCooldownRefillResources_AbilityReplacer_C,0,GE_Mara_CopyCharacterDamage_SelfBuff,HasDuration,unresolved
GA_Mara_Talent_ResetCooldownRefillResources_AbilityReplacer_C,1,GE_Shared_Cooldown_DefaultScale,HasDuration,unresolved
GA_Mara_Talent_ResetCooldownRefillResources_AbilityReplacer_C,2,GE_Hero_Shared_PaddingCooldown,HasDuration,unresolved
GA_Meiko_AoePull_C,0,GE_Shared_Cooldown_DefaultScale,HasDuration,unresolved
GA_Meiko_AoePull_C,1,GE_Hero_Shared_PaddingCooldown,HasDuration,unresolved
GA_Meiko_ChanneledHeavyDamage_C,0,GE_Meiko_ChanneledHeavyDamage_ResourceIncrease,HasDuration,unresolved
GA_Meiko_ChanneledHeavyDamage_C,1,GE_Meiko_MeleeDamageLowHealthSelfBuff_SelfBuff,Infinite,unresolved
GA_Meiko_ChanneledHeavyDamage_C,2,GE_Meiko_ChanneledHeavyDamage_ResourceIncrease,HasDuration,unresolved
GA_Meiko_ChargedForwardDash_C,0,GE_Hero_Shared_PaddingCooldown,HasDuration,unresolved
GA_Meiko_DamageSoakBuff_C,0,GE_Meiko_DamageSoakBuff_Buff,Infinite,unresolved
GA_Meiko_DamageSoakBuff_C,1,GE_Hero_Shared_PaddingCooldown,HasDuration,unresolved
GA_Meiko_DamageSoakBuff_C,2,GE_Meiko_DamageSoakBuff_Buff,Infinite,unresolved
GA_Meiko_DamageSoakBuff_C,3,GE_Meiko_DamageSoakBuff_IncomingDamageMultiplier,Infinite,unresolved
GA_Meiko_DamageSoakBuff_C,4,GE_Meiko_DamageSoakBuff_StoneInvinsibilityBuff,HasDuration,unresolved
GA_Meiko_DurationalAoeDamageBuff_C,0,GE_Meiko_DurationalAoeDamageBuff_BuffIcon,HasDuration,unresolved
GA_Meiko_DurationalAoeDamageBuff_C,1,GE_Hero_Shared_PaddingCooldown,HasDuration,unresolved
GA_Meiko_DurationalAoeDamageBuff_C,2,GE_Meiko_DurationalAoeBuff_EnfeeblingEffect,HasDuration,unresolved
GA_Meiko_DurationalAoeDamageBuff_C,3,GE_Meiko_DurationalAoeDamageBuff_BuffIcon,HasDuration,unresolved
GA_Meiko_DurationalAoeDamageBuff_C,4,GE_Meiko_DurationalAoeDamageBuff_DecreasedMovementSpeed,HasDuration,unresolved
GA_Meiko_DurationalMultipleTeleportDamage_New,0,GE_Meiko_DurationalMultipleTeleportDamage_SelfBuff,HasDuration,unresolved
GA_Meiko_DurationalMultipleTeleportDamage_New,1,GE_Hero_Shared_PaddingCooldown,HasDuration,unresolved
GA_Meiko_DurationalMultipleTeleportDamage_New,2,GE_Meiko_DurationalMultipleTeleportDamage_SpiritCost,,unresolved
GA_Meiko_DurationalMultipleTeleportDamage_New,3,GE_Meiko_DurationalMultipleTeleportDamage_SelfBuff,HasDuration,unresolved
GA_Meiko_DurationalMultipleTeleportDamage_New,4,GE_Meiko_DurationalMultipleTeleportDamage_SpiritCost,,unresolved
GA_Meiko_FrontalAoeDebuff_C,0,GE_Meiko_FrontalAoeDebuff_Stun,HasDuration,unresolved
GA_Meiko_FrontalAoeDebuff_C,1,GE_Shared_Cooldown_DefaultScale,HasDuration,unresolved
GA_Meiko_FrontalAoeDebuff_C,2,GE_Hero_Shared_PaddingCooldown,HasDuration,unresolved
GA_Meiko_FrontalAoeDebuff_C,3,GE_Meiko_FrontalAoeDebuff_Stun,HasDuration,unresolved
GA_Meiko_HighDamageCleave_C,0,GE_Meiko_MeleeDamageSelfBuff_SelfBuff,Infinite,unresolved
GA_Meiko_HighDamageCleave_C,1,GE_Hero_Shared_PaddingCooldown,HasDuration,unresolved
GA_Meiko_InstantSelfDefensive_C,0,GE_Meiko_DamageSoakBuff_StoneInvinsibilityBuff,HasDuration,unresolved
GA_Meiko_InstantSelfDefensive_C,1,GE_Meiko_Talent_InstantSelfDefensive_DamageReductionLessHeal,HasDuration,unresolved
GA_Meiko_InstantSelfDefensive_C,2,GE_Shared_Cooldown_HasteScale,HasDuration,unresolved
GA_Meiko_InstantSelfDefensive_C,3,GE_Hero_Shared_PaddingCooldown,HasDuration,unresolved
GA_Meiko_MeleeDamageImmediateSelfBuff_C,0,GE_Meiko_MeleeDamageImmediateSelfBuff_SelfBuff,HasDuration,unresolved
GA_Meiko_MeleeDamageImmediateSelfBuff_C,1,GE_Hero_Shared_PaddingCooldown,HasDuration,unresolved
GA_Meiko_MeleeDamageImmediateSelfBuff_C,2,GE_Meiko_MeleeDamageImmediateSelfBuff_SelfBuff,HasDuration,unresolved
GA_Meiko_MeleeDamageLowHealthSelfBuff_C,0,GE_Meiko_MeleeDamageLowHealthSelfBuff_SelfBuff,Infinite,unresolved
GA_Meiko_MeleeDamageLowHealthSelfBuff_C,1,GE_Hero_Shared_PaddingCooldown,HasDuration,unresolved
GA_Meiko_MeleeDamageLowHealthSelfBuff_C,2,GE_Meiko_MeleeDamageLowHealthSelfBuff_SelfBuff,Infinite,unresolved
GA_Meiko_MeleeDamageSelfBuff_C,0,GE_Meiko_MeleeDamageSelfBuff_SelfBuff,Infinite,unresolved
GA_Meiko_MeleeDamageSelfBuff_C,1,GE_Hero_Shared_PaddingCooldown,HasDuration,unresolved
GA_Meiko_MeleeDamageSelfBuff_C,2,GE_Meiko_MeleeDamageSelfBuff_SelfBuff,Infinite,unresolved
GA_Meiko_MeleeDown_C,0,GE_Hero_Shared_PaddingCooldown,HasDuration,unresolved
GA_Meiko_MeleeInterrupt,0,GE_Shared_Cooldown_Static,HasDuration,unresolved
GA_Meiko_MeleeInterrupt,1,GE_Hero_Shared_PaddingCooldown,HasDuration,unresolved
GA_Meiko_MeleeInterrupt,2,GE_Meiko_MeleeInterrupt_Lockout,,unresolved
GA_Meiko_MeleeLeft_C,0,GE_Hero_Shared_PaddingCooldown,HasDuration,unresolved
GA_Meiko_MeleeRight_C,0,GE_Hero_Shared_PaddingCooldown,HasDuration,unresolved
GA_Meiko_MoveToLocationAoeDamage_C,0,GE_Meiko_MoveToLocationAoeDamage_Dot,Infinite,unresolved
GA_Meiko_MoveToLocationAoeDamage_C,1,GE_Shared_Cooldown_DefaultScale,HasDuration,unresolved
GA_Meiko_MoveToLocationAoeDamage_C,2,GE_Hero_Shared_PaddingCooldown,HasDuration,unresolved
GA_Meiko_MoveToLocationAoeDamage_C,3,GE_Meiko_MoveToLocationAoeDamage_Cost,,unresolved
GA_Meiko_MoveToLocationAoeDamage_C,4,GE_Meiko_MoveToLocationAoeDamage_Cost,,unresolved
GA_Meiko_MoveToLocationAoeDamage_C,5,GE_Meiko_MoveToLocationAoeDamage_Dot,Infinite,unresolved
GA_Meiko_Passive_DamageSoakBuff_Monitor_C,0,GE_Meiko_DamageSoakBuff_IncomingDamageMultiplier,Infinite,unresolved
GA_Meiko_Passive_DamageSoakBuff_Monitor_C,1,GE_Meiko_DamageSoakBuff_Buff,Infinite,unresolved
GA_Meiko_Passive_DamageSoakBuff_Monitor_C,2,GE_Meiko_DamageSoakBuff_Buff,Infinite,unresolved
GA_Meiko_Passive_DamageSoakBuff_Monitor_C,3,GE_Meiko_DamageSoakBuff_IncomingDamageMultiplier,Infinite,unresolved
GA_Meiko_Passive_DamageSoakBuff_Monitor_C,4,GE_Meiko_DamageSoakBuff_StoneInvinsibilityBuff,HasDuration,unresolved
GA_Meiko_Passive_Talent_MeleeDamageImmediateSelfBuff_DamageBuilder_C,0,GE_Meiko_Talent_MeleeDamageImmediateSelfBuff_DamageBuilder_Debuff,HasDuration,unresolved
GA_Meiko_Passive_Talent_MeleeDamageImmediateSelfBuff_DamageBuilder_C,1,GE_Meiko_Talent_MeleeDamageImmediateSelfBuff_DamageBuilder_Buff,HasDuration,unresolved
GA_Meiko_Passive_Talent_MeleeDamageImmediateSelfBuff_DamageBuilder_C,2,GE_Meiko_Talent_MeleeDamageImmediateSelfBuff_DamageBuilder_Debuff,HasDuration,unresolved
GA_Meiko_PlaceHolderFinisher_C,0,GE_Meiko_PlaceHolderFinisher_Cost,,unresolved
GA_Meiko_PlaceHolderFinisher_C,1,GE_Meiko_PlaceHolderFinisher_Cost,,unresolved
GA_Meiko_RangedTaunt_C,0,GE_Meiko_RangedTaunt_Debuff,HasDuration,unresolved
GA_Meiko_RangedTaunt_C,1,GE_Shared_Cooldown_Static,HasDuration,unresolved
GA_Meiko_RangedTaunt_C,2,GE_Hero_Shared_PaddingCooldown,HasDuration,unresolved
GA_Meiko_RangedTaunt_C,3,GE_Meiko_RangedTaunt_Debuff,HasDuration,unresolved
GA_Meiko_TauntTotem,0,GE_Meiko_TauntTotem_SelfBuff,HasDuration,unresolved
GA_Meiko_TauntTotem,1,GE_Shared_Cooldown_DefaultScale,HasDuration,unresolved
GA_Meiko_TauntTotem,2,GE_Hero_Shared_PaddingCooldown,HasDuration,unresolved
GA_Meiko_TauntTotem,3,GE_Meiko_TauntTotem_SelfBuff,HasDuration,unresolved
GA_Meiko_TauntTotem,4,GE_Meiko_TauntTotem_Taunt,Infinite,unresolved
GA_Meiko_TauntTotem,5,GE_TauntTotem_Stats,Infinite,unresolved
GA_Mosse_BlueButterfly_Recall,0,GE_Mosse_BlueButterfly_SelfBuff,Infinite,unresolved
GA_Mosse_BlueButterfly_Recall,1,GE_GlobalCooldown,HasDuration,unresolved
GA_Mosse_BlueButterfly_Recall,2,GE_Hero_Shared_PaddingCooldown,HasDuration,unresolved
GA_Mosse_BlueButterfly_Recall,3,GE_Mosse_BlueButterfly_ManaCost,,unresolved
GA_Mosse_BlueButterfly_Recall,4,GE_Mosse_BlueButterfly_SelfBuff,Infinite,unresolved
GA_Mosse_BlueButterfly_Recall,5,GE_Mosse_BlueButterfly_TargetBuff,Infinite,unresolved
GA_Mosse_BlueButterfly_SendOut,0,GE_Mosse_BlueButterfly_TargetBuff,Infinite,unresolved
GA_Mosse_BlueButterfly_SendOut,1,GE_GlobalCooldown,HasDuration,unresolved
GA_Mosse_BlueButterfly_SendOut,2,GE_Hero_Shared_PaddingCooldown,HasDuration,unresolved
GA_Mosse_BlueButterfly_SendOut,3,GE_Mosse_BlueButterfly_ManaCost,,unresolved
GA_Mosse_BlueButterfly_SendOut,4,GE_Mosse_BlueButterfly_ManaCost,,unresolved
GA_Mosse_BlueButterfly_SendOut,5,GE_Mosse_BlueButterfly_SelfBuff,Infinite,unresolved
GA_Mosse_BlueButterfly_SendOut,6,GE_Mosse_BlueButterfly_TargetBuff,Infinite,unresolved
GA_Mosse_CastedSingleTargetProjectile_C,0,GE_GlobalCooldown,HasDuration,unresolved
GA_Mosse_CastedSingleTargetProjectile_C,1,GE_Hero_Shared_PaddingCooldown,HasDuration,unresolved
GA_Mosse_CastedSingleTargetProjectile_C,2,GE_Mosse_CastedSingleTargetProjectile_ManaCost,,unresolved
GA_Mosse_CastedSingleTargetProjectile_C,3,GE_Mosse_CastedSingleTargetProjectile_ManaCost,,unresolved
GA_Mosse_DurationalAoeHealPlacement_C,0,GE_Mosse_DurationalAoeHealPlacement_VisualEffect,Infinite,unresolved
GA_Mosse_DurationalAoeHealPlacement_C,1,GE_GlobalCooldown,HasDuration,unresolved
GA_Mosse_DurationalAoeHealPlacement_C,2,GE_Shared_Cooldown_DefaultScale,HasDuration,unresolved
GA_Mosse_DurationalAoeHealPlacement_C,3,GE_Hero_Shared_PaddingCooldown,HasDuration,unresolved
GA_Mosse_DurationalAoeHealPlacement_C,4,GE_Mosse_DurationalAoeHealPlacement_ManaCost,,unresolved
GA_Mosse_DurationalAoeHealPlacement_C,5,GE_Mosse_DurationalAoeHealPlacement_ManaCost,,unresolved
GA_Mosse_DurationalAoeHealPlacement_C,6,GE_Mosse_DurationalAoeHealPlacement_VisualEffect,Infinite,unresolved
GA_Mosse_ExplosiveMinion_C,0,GE_GlobalCooldown,HasDuration,unresolved
GA_Mosse_ExplosiveMinion_C,1,GE_Hero_Shared_PaddingCooldown,HasDuration,unresolved
GA_Mosse_HealingAoeTotem,0,GE_GlobalCooldown,HasDuration,unresolved
GA_Mosse_HealingAoeTotem,1,GE_Shared_Cooldown_DefaultScale,HasDuration,unresolved
GA_Mosse_HealingAoeTotem,2,GE_Hero_Shared_PaddingCooldown,HasDuration,unresolved
GA_Mosse_HealingAoeTotem,3,GE_Mosse_HealingAoeTotem_ManaCost,,unresolved
GA_Mosse_HealingAoeTotem,4,GE_Mosse_HealingAoeTotem_ManaCost,,unresolved
GA_Mosse_InstantSelfEscapeBuff,0,GE_Mosse_InstantSelfEscapeBuff_Buff,HasDuration,unresolved
GA_Mosse_InstantSelfEscapeBuff,1,GE_Shared_Cooldown_DefaultScale,HasDuration,unresolved
GA_Mosse_InstantSelfEscapeBuff,2,GE_Hero_Shared_PaddingCooldown,HasDuration,unresolved
GA_Mosse_InstantSelfEscapeBuff,3,GE_Mosse_InstantSelfEscapeBuff_ManaCost,,unresolved
GA_Mosse_InstantSelfEscapeBuff,4,GE_Mosse_InstantSelfEscapeBuff_Buff,HasDuration,unresolved
GA_Mosse_InstantSelfEscapeBuff,5,GE_Mosse_InstantSelfEscapeBuff_ManaCost,,unresolved
GA_Mosse_PinkButterfly_Double,0,GE_Mosse_PinkButterfly_Double_Chargeup,HasDuration,unresolved
GA_Mosse_PinkButterfly_Double,1,GE_GlobalCooldown,HasDuration,unresolved
GA_Mosse_PinkButterfly_Double,2,GE_Hero_Shared_PaddingCooldown,HasDuration,unresolved
GA_Mosse_PinkButterfly_Double,3,GE_Mosse_PinkButterfly_Double_ManaCost,,unresolved
GA_Mosse_PinkButterfly_Double,4,GE_Mosse_PinkButterfly_Double_Chargeup,HasDuration,unresolved
GA_Mosse_PinkButterfly_Double,5,GE_Mosse_PinkButterfly_Double_Hot,HasDuration,unresolved
GA_Mosse_PinkButterfly_Double,6,GE_Mosse_PinkButterfly_Double_ManaCost,,unresolved
GA_Mosse_PinkButterfly_Double,7,GE_Mosse_PinkButterfly_Simple_Hot,Infinite,unresolved
GA_Mosse_PinkButterfly_Double,8,GE_Mosse_PinkButterfly_Simple_ManaCost,,unresolved
GA_Mosse_PinkButterfly_Simple,0,GE_Mosse_PinkButterfly_Simple_Hot,Infinite,unresolved
GA_Mosse_PinkButterfly_Simple,1,GE_GlobalCooldown,HasDuration,unresolved
GA_Mosse_PinkButterfly_Simple,2,GE_Hero_Shared_PaddingCooldown,HasDuration,unresolved
GA_Mosse_PinkButterfly_Simple,3,GE_Mosse_PinkButterfly_Simple_ManaCost,,unresolved
GA_Mosse_PinkButterfly_Simple,4,GE_Mosse_PinkButterfly_Double_Chargeup,HasDuration,unresolved
GA_Mosse_PinkButterfly_Simple,5,GE_Mosse_PinkButterfly_Double_Hot,HasDuration,unresolved
GA_Mosse_PinkButterfly_Simple,6,GE_Mosse_PinkButterfly_Double_ManaCost,,unresolved
GA_Mosse_PinkButterfly_Simple,7,GE_Mosse_PinkButterfly_Simple_Hot,Infinite,unresolved
GA_Mosse_PinkButterfly_Simple,8,GE_Mosse_PinkButterfly_Simple_ManaCost,,unresolved
GA_Mosse_PlacedAoeBuff,0,GE_GlobalCooldown,HasDuration,unresolved
GA_Mosse_PlacedAoeBuff,1,GE_Shared_Cooldown_DefaultScale,HasDuration,unresolved
GA_Mosse_PlacedAoeBuff,2,GE_Hero_Shared_PaddingCooldown,HasDuration,unresolved
GA_Mosse_PlacedAoeBuff,3,GE_Mosse_PlacedAoeBuff_Cost,,unresolved
GA_Mosse_PlacedAoeBuff,4,GE_Mosse_PlacedAoeBuff_Cost,,unresolved
GA_Mosse_PlacedAoeBuff,5,GE_Mosse_PlacedAoeBuff_IncreasedHealingTakenBuff,Infinite,unresolved
GA_Mosse_ProjectileTurrets,0,GE_GlobalCooldown,HasDuration,unresolved
GA_Mosse_ProjectileTurrets,1,GE_Shared_Cooldown_DefaultScale,HasDuration,unresolved
GA_Mosse_ProjectileTurrets,2,GE_Hero_Shared_PaddingCooldown,HasDuration,unresolved
GA_Mosse_ProjectileTurrets,3,GE_Mosse_ProjectileTurrets_ManaCost,,unresolved
GA_Mosse_ProjectileTurrets,4,GE_Mosse_ProjectileTurrets_ManaCost,,unresolved
GA_Mosse_SharedHealthBuff_C,0,GE_Mosse_SharedHealthBuff_Buff,HasDuration,unresolved
GA_Mosse_SharedHealthBuff_C,1,GE_GlobalCooldown,HasDuration,unresolved
GA_Mosse_SharedHealthBuff_C,2,GE_Hero_Shared_PaddingCooldown,HasDuration,unresolved
GA_Mosse_SharedHealthBuff_C,3,GE_Mosse_SharedHealthBuff_Cost,,unresolved
GA_Mosse_SharedHealthBuff_C,4,GE_Mosse_SharedHealthBuff_Buff,HasDuration,unresolved
GA_Mosse_SharedHealthBuff_C,5,GE_Mosse_SharedHealthBuff_Cost,,unresolved
GA_Mosse_SingleTargetCastedDamageReduction,0,GE_Mosse_SingleTargetCastedDamageReductionBuff,HasDuration,unresolved
GA_Mosse_SingleTargetCastedDamageReduction,1,GE_Shared_Cooldown_DefaultScale,HasDuration,unresolved
GA_Mosse_SingleTargetCastedDamageReduction,2,GE_Hero_Shared_PaddingCooldown,HasDuration,unresolved
GA_Mosse_SingleTargetCastedDamageReduction,3,GE_Mosse_SingleTargetCastedDamageReductionBuff_CastingCost,,unresolved
GA_Mosse_SingleTargetCastedDamageReduction,4,GE_Mosse_SingleTargetCastedDamageReductionBuff,HasDuration,unresolved
GA_Mosse_SingleTargetCastedDamageReduction,5,GE_Mosse_SingleTargetCastedDamageReductionBuff_CastingCost,,unresolved
GA_Mosse_SingleTargetDispel_C,0,GE_GlobalCooldown,HasDuration,unresolved
GA_Mosse_SingleTargetDispel_C,1,GE_Shared_Cooldown_Static,HasDuration,unresolved
GA_Mosse_SingleTargetDispel_C,2,GE_Hero_Shared_PaddingCooldown,HasDuration,unresolved
GA_Mosse_SingleTargetDispel_C,3,GE_Mosse_SingleTargetDispel_ManaCost,,unresolved
GA_Mosse_SingleTargetDispel_C,4,GE_Mosse_SingleTargetDispel_ManaCost,,unresolved
GA_Mosse_TurretChannelHeal,0,GE_Mosse_TurretChannelHeal_Debuff,HasDuration,unresolved
GA_Mosse_TurretChannelHeal,1,GE_Shared_Cooldown_DefaultScale,HasDuration,unresolved
GA_Mosse_TurretChannelHeal,2,GE_Hero_Shared_PaddingCooldown,HasDuration,unresolved
GA_Mosse_TurretChannelHeal,3,GE_Mosse_TurretChannelHeal_ManaCost,,unresolved
GA_Mosse_TurretChannelHeal,4,GE_Mosse_TurretChannelHeal_Debuff,HasDuration,unresolved
GA_Mosse_TurretChannelHeal,5,GE_Mosse_TurretChannelHeal_ManaCost,,unresolved
GA_Rime_AutoProjectileOnResourceGainBuff,0,GE_Rime_AutoProjectileOnResourceGainBuff_Buff,HasDuration,unresolved
GA_Rime_AutoProjectileOnResourceGainBuff,1,GE_Shared_Cooldown_DefaultScale,HasDuration,unresolved
GA_Rime_AutoProjectileOnResourceGainBuff,2,GE_Rime_AutoProjectileOnResourceGainBuff_Buff,HasDuration,unresolved
GA_Rime_CastedDebuffAoeDamage,0,GE_Rime_CastedDebuffAoeDamage_Debuff,HasDuration,unresolved
GA_Rime_CastedDebuffAoeDamage,1,GE_GlobalCooldown,HasDuration,unresolved
GA_Rime_CastedDebuffAoeDamage,2,GE_Shared_Cooldown_DefaultScale,HasDuration,unresolved
GA_Rime_CastedDebuffAoeDamage,3,GE_Rime_CastedDebuffAoeDamage_Debuff,HasDuration,unresolved
GA_Rime_CastedProjectileDamageFiller,0,GE_GlobalCooldown,HasDuration,unresolved
GA_Rime_CastedProjectileDamageOrbSpender,0,GE_Rime_CastedProjectileDamageOrbSpender_Talent_InstantAndBonusDamage_ProcStacker,Infinite,unresolved
GA_Rime_CastedProjectileDamageOrbSpender,1,GE_GlobalCooldown,HasDuration,unresolved
GA_Rime_CastedProjectileDamageOrbSpender,2,GE_Hero_Shared_PaddingCooldown,HasDuration,unresolved
GA_Rime_CastedProjectileDamageOrbSpender,3,GE_Rime_CastedProjectileDamageOrbSpender_Cost,,unresolved
GA_Rime_CastedProjectileDamageOrbSpender,4,GE_Rime_CastedProjectileDamageOrbSpender_Cost,,unresolved
GA_Rime_ChanneledBeamSingleDamage,0,GE_Rime_Talent_CleaveBuildUpPerTick_VisualBuff,HasDuration,unresolved
GA_Rime_ChanneledBeamSingleDamage,1,GE_GlobalCooldown,HasDuration,unresolved
GA_Rime_ChanneledBeamSingleDamage,2,GE_Shared_Cooldown_DefaultScale,HasDuration,unresolved
GA_Rime_ChanneledBeamSingleDamage,3,GE_Hero_Shared_PaddingCooldown,HasDuration,unresolved
GA_Rime_DamageAsAoeHealingBuff,0,GE_Rime_DamageAsAoeHealingBuff_SelfBuff,HasDuration,unresolved
GA_Rime_DamageAsAoeHealingBuff,1,GE_Rime_DamageAsAoeHealingBuff_SpiritBuff,HasDuration,unresolved
GA_Rime_DamageAsAoeHealingBuff,2,GE_Shared_Cooldown_DefaultScale,HasDuration,unresolved
GA_Rime_DamageAsAoeHealingBuff,3,GE_Hero_Shared_PaddingCooldown,HasDuration,unresolved
GA_Rime_DamageAsAoeHealingBuff,4,GE_Rime_DamageAsAoeHealingBuff_SelfBuff,HasDuration,unresolved
GA_Rime_DamageAsAoeHealingBuff,5,GE_Rime_DamageAsAoeHealingBuff_SpiritBuff,HasDuration,unresolved
GA_Rime_DashForward_C,0,GE_Hero_Shared_PaddingCooldown,HasDuration,unresolved
GA_Rime_FullResourcesSelfBuff,0,GE_Rime_FullResourcesSelfBuff_Buff,HasDuration,unresolved
GA_Rime_FullResourcesSelfBuff,1,GE_Hero_Shared_PaddingCooldown,HasDuration,unresolved
GA_Rime_FullResourcesSelfBuff,2,GE_Rime_FullResourcesSelfBuff_SpiritCost,,unresolved
GA_Rime_FullResourcesSelfBuff,3,GE_Rime_FullResourcesSelfBuff_Buff,HasDuration,unresolved
GA_Rime_FullResourcesSelfBuff,4,GE_Rime_FullResourcesSelfBuff_SpiritCost,,unresolved
GA_Rime_InstantConeKnockback_C,0,GE_Rime_InstantConeKnockback_Debuff,HasDuration,unresolved
GA_Rime_InstantConeKnockback_C,1,GE_Shared_Cooldown_DefaultScale,HasDuration,unresolved
GA_Rime_InstantConeKnockback_C,2,GE_Hero_Shared_PaddingCooldown,HasDuration,unresolved
GA_Rime_InstantConeKnockback_C,3,GE_Rime_InstantConeKnockback_Debuff,HasDuration,unresolved
GA_Rime_InstantSingleDamage,0,GE_Rime_CastedProjectileDamageOrbSpender_Talent_InstantAndBonusDamage_ProcStacker,Infinite,unresolved
GA_Rime_InstantSingleDamage,1,GE_GlobalCooldown,HasDuration,unresolved
GA_Rime_InstantSingleDamage,2,GE_Shared_Cooldown_DefaultScale,HasDuration,unresolved
GA_Rime_InstantSingleDamage,3,GE_Hero_Shared_PaddingCooldown,HasDuration,unresolved
GA_Rime_InstantSingleDamage,4,GE_Rime_Talent_InstantSingleDamage_FreeCast_Proc,HasDuration,unresolved
GA_Rime_InstantSingleInterrupt_C,0,GE_Shared_Cooldown_Static,HasDuration,unresolved
GA_Rime_InstantSingleInterrupt_C,1,GE_Hero_Shared_PaddingCooldown,HasDuration,unresolved
GA_Rime_InstantSingleInterrupt_C,2,GE_Rime_InstantSingleInterrupt_Lockout,,unresolved
GA_Rime_OnTargetPulsatingAoe_C,0,GE_GlobalCooldown,HasDuration,unresolved
GA_Rime_OnTargetPulsatingAoe_C,1,GE_Hero_Shared_PaddingCooldown,HasDuration,unresolved
GA_Rime_OnTargetPulsatingAoe_C,2,GE_Rime_OnTargetPulsatingAoe_Cost,,unresolved
GA_Rime_OnTargetPulsatingAoe_C,3,GE_Rime_OnTargetPulsatingAoe_Cost,,unresolved
GA_Rime_SelfDefenceBuff_C,0,GE_Rime_SelfDefenceBuff_SelfBuff,HasDuration,unresolved
GA_Rime_SelfDefenceBuff_C,1,GE_Shared_Cooldown_DefaultScale,HasDuration,unresolved
GA_Rime_SelfDefenceBuff_C,2,GE_Hero_Shared_PaddingCooldown,HasDuration,unresolved
GA_Rime_SelfDefenceBuff_C,3,GE_Rime_SelfDefenceBuff_SelfBuff,HasDuration,unresolved
GA_Rime_Talent_SpendersSwap_MultiTargets,0,GE_GlobalCooldown,HasDuration,unresolved
GA_Rime_Talent_SpendersSwap_MultiTargets,1,GE_Hero_Shared_PaddingCooldown,HasDuration,unresolved
GA_Rime_Talent_SpendersSwap_MultiTargets,2,GE_Rime_Talent_SpendersSwap_Cost,,unresolved
GA_Rime_Talent_SpendersSwap_MultiTargets,3,GE_Rime_Talent_SpendersSwap_Cost,,unresolved
GA_Rime_Talent_SpendersSwap_SingleTarget,0,GE_GlobalCooldown,HasDuration,unresolved
GA_Rime_Talent_SpendersSwap_SingleTarget,1,GE_Hero_Shared_PaddingCooldown,HasDuration,unresolved
GA_Rime_Talent_SpendersSwap_SingleTarget,2,GE_Rime_Talent_SpendersSwap_Cost,,unresolved
GA_Rime_Talent_SpendersSwap_SingleTarget,3,GE_Rime_Talent_SpendersSwap_Cost,,unresolved
GA_Rime_TargetedPeriodicProjectileAoe,0,GE_Rime_Talent_ChanneledBeamSingleDamage_BoostByCritProc_Proc,HasDuration,unresolved
GA_Rime_TargetedPeriodicProjectileAoe,1,GE_Rime_TargetedPeriodicProjectileAoe_AoeBuff,HasDuration,unresolved
GA_Rime_TargetedPeriodicProjectileAoe,2,GE_GlobalCooldown,HasDuration,unresolved
GA_Rime_TargetedPeriodicProjectileAoe,3,GE_Shared_Cooldown_DefaultScale,HasDuration,unresolved
GA_Rime_TargetedPeriodicProjectileAoe,4,GE_Hero_Shared_PaddingCooldown,HasDuration,unresolved
GA_Rime_TargetedPeriodicProjectileAoe,5,GE_Rime_TargetedPeriodicProjectileAoe_Cost,,unresolved
GA_Rime_TargetedPeriodicProjectileAoe,6,GE_Rime_TargetedPeriodicProjectileAoe_AoeBuff,HasDuration,unresolved
GA_Rime_TargetedPeriodicProjectileAoe,7,GE_Rime_TargetedPeriodicProjectileAoe_Cost,,unresolved
GA_Sune_AoeMelee,0,GE_GlobalCooldown,HasDuration,unresolved
GA_Sune_AoeMelee,1,GE_Shared_Cooldown_HasteScale,HasDuration,unresolved
GA_Sune_AoeMelee,2,GE_Hero_Shared_PaddingCooldown,HasDuration,unresolved
GA_Sune_AtTargetInstantAoe,0,GE_Sune_Talent_AtTargetInstantAoe_AddsDot_Dot,HasDuration,unresolved
GA_Sune_AtTargetInstantAoe,1,GE_Shared_Cooldown_HasteScale,HasDuration,unresolved
GA_Sune_AtTargetInstantAoe,2,GE_Hero_Shared_PaddingCooldown,HasDuration,unresolved
GA_Sune_AtTargetInstantAoe,3,GE_Sune_AtTargetInstantAoe_ManaCost,,unresolved
GA_Sune_AtTargetInstantAoe,4,GE_Sune_AtTargetInstantAoe_ManaCost,,unresolved
GA_Sune_BuffedTargetedCastedHealOrDamage,0,GE_Sune_BuffedTargetedCastedHealOrDamage_Buff,HasDuration,unresolved
GA_Sune_BuffedTargetedCastedHealOrDamage,1,GE_Shared_Cooldown_DefaultScale,HasDuration,unresolved
GA_Sune_BuffedTargetedCastedHealOrDamage,2,GE_Sune_BuffedTargetedCastedHealOrDamage_Buff,HasDuration,unresolved
GA_Sune_CastedSingleTargetHeal,0,GE_GlobalCooldown,HasDuration,unresolved
GA_Sune_CastedSingleTargetHeal,1,GE_Hero_Shared_PaddingCooldown,HasDuration,unresolved
GA_Sune_CastedSingleTargetHeal,2,GE_Sune_CastedSingleTargetHeal_ManaCost,,unresolved
GA_Sune_CastedSingleTargetHeal,3,GE_Sune_CastedSingleTargetHeal_ManaCost,,unresolved
GA_Sune_DamageTransferAura,0,GE_Sune_DamageTransferAura_SelfBuff,Infinite,unresolved
GA_Sune_DamageTransferAura,1,GE_Shared_Cooldown_DefaultScale,HasDuration,unresolved
GA_Sune_DamageTransferAura,2,GE_Hero_Shared_PaddingCooldown,HasDuration,unresolved
GA_Sune_DamageTransferAura,3,GE_Sune_DamageTransferAura_ManaCost,,unresolved
GA_Sune_DamageTransferAura,4,GE_Sune_DamageTransferAura_AllyBuff,Infinite,unresolved
GA_Sune_DamageTransferAura,5,GE_Sune_DamageTransferAura_ManaCost,,unresolved
GA_Sune_DamageTransferAura,6,GE_Sune_DamageTransferAura_SelfBuff,Infinite,unresolved
GA_Sune_DroppedPulseAoe,0,GE_Sune_DroppedPulseAoe_SelfBuff,Infinite,unresolved
GA_Sune_DroppedPulseAoe,1,GE_Sune_Talent_DroppedPulseAoeDebuffsTargets_Debuff,Infinite,unresolved
GA_Sune_DroppedPulseAoe,2,GE_Shared_Cooldown_DefaultScale,HasDuration,unresolved
GA_Sune_DroppedPulseAoe,3,GE_Hero_Shared_PaddingCooldown,HasDuration,unresolved
GA_Sune_DroppedPulseAoe,4,GE_Sune_DroppedPulseAoe_ManaCost,,unresolved
GA_Sune_DroppedPulseAoe,5,GE_Sune_DroppedPulseAoe_ManaCost,,unresolved
GA_Sune_DroppedPulseAoe,6,GE_Sune_DroppedPulseAoe_SelfBuff,Infinite,unresolved
GA_Sune_InstantCleaveMelee,0,GE_GlobalCooldown,HasDuration,unresolved
GA_Sune_InstantCleaveMelee,1,GE_Shared_Cooldown_HasteScale,HasDuration,unresolved
GA_Sune_InstantCleaveMelee,2,GE_Hero_Shared_PaddingCooldown,HasDuration,unresolved
GA_Sune_InstantConeStunAndPull,0,GE_Sune_InstantConeStunAndPull_Stun,HasDuration,unresolved
GA_Sune_InstantConeStunAndPull,1,GE_Shared_Cooldown_DefaultScale,HasDuration,unresolved
GA_Sune_InstantConeStunAndPull,2,GE_Hero_Shared_PaddingCooldown,HasDuration,unresolved
GA_Sune_InstantConeStunAndPull,3,GE_Sune_InstantConeStunAndPull_Stun,HasDuration,unresolved
GA_Sune_InstantSingleTargetHealOrDamage,0,GE_Sune_Talent_InstantSingleTargetHealOrDamage_DotHot_Dot,HasDuration,unresolved
GA_Sune_InstantSingleTargetHealOrDamage,1,GE_Sune_Talent_InstantSingleTargetHealOrDamage_DotHot_Hot,HasDuration,unresolved
GA_Sune_InstantSingleTargetHealOrDamage,2,GE_GlobalCooldown,HasDuration,unresolved
GA_Sune_InstantSingleTargetHealOrDamage,3,GE_Hero_Shared_PaddingCooldown,HasDuration,unresolved
GA_Sune_InstantSingleTargetHealOrDamage,4,GE_Sune_InstantSingleTargetHealOrDamage_ResourceCost,,unresolved
GA_Sune_InstantSingleTargetHealOrDamage,5,GE_Sune_InstantSingleTargetHealOrDamage_ResourceCost,,unresolved
GA_Sune_SelfImmunityAndAoeHeal,0,GE_Sune_SelfImmunityAndAoeHeal_SelfBuff_Immunity,HasDuration,unresolved
GA_Sune_SelfImmunityAndAoeHeal,1,GE_Hero_Shared_PaddingCooldown,HasDuration,unresolved
GA_Sune_SelfImmunityAndAoeHeal,2,GE_Sune_SelfImmunityAndAoeHeal_SpiritPointCost,,unresolved
GA_Sune_SelfImmunityAndAoeHeal,3,GE_Sune_SelfImmunityAndAoeHeal_SelfBuff_DamageReduction,HasDuration,unresolved
GA_Sune_SelfImmunityAndAoeHeal,4,GE_Sune_SelfImmunityAndAoeHeal_SelfBuff_Immunity,HasDuration,unresolved
GA_Sune_SelfImmunityAndAoeHeal,5,GE_Sune_SelfImmunityAndAoeHeal_SpiritPointCost,,unresolved
GA_Sune_SingleTargetAbsorb,0,GE_Sune_SingleTargetAbsorb_Absorb,HasDuration,unresolved
GA_Sune_SingleTargetAbsorb,1,GE_Shared_Cooldown_HasteScale,HasDuration,unresolved
GA_Sune_SingleTargetAbsorb,2,GE_Hero_Shared_PaddingCooldown,HasDuration,unresolved
GA_Sune_SingleTargetAbsorb,3,GE_Sune_SingleTargetAbsorb_ManaCost,,unresolved
GA_Sune_SingleTargetAbsorb,4,GE_Sune_SingleTargetAbsorb_Absorb,HasDuration,unresolved
GA_Sune_SingleTargetAbsorb,5,GE_Sune_SingleTargetAbsorb_ManaCost,,unresolved
GA_Sune_SingleTargetDamageTransfer,0,GE_Sune_SingleTargetDamageTransfer_Buff,HasDuration,unresolved
GA_Sune_SingleTargetDamageTransfer,1,GE_Shared_Cooldown_Static,HasDuration,unresolved
GA_Sune_SingleTargetDamageTransfer,2,GE_Hero_Shared_PaddingCooldown,HasDuration,unresolved
GA_Sune_SingleTargetDamageTransfer,3,GE_Sune_SingleTargetDamageTransfer_Buff,HasDuration,unresolved
GA_Sune_SingleTargetFillerMelee,0,GE_Sune_AoeMeleeDamageBoostAndManaRefundDebuff_Debuff,HasDuration,unresolved
GA_Sune_SingleTargetFillerMelee,1,GE_GlobalCooldown,HasDuration,unresolved
GA_Sune_SingleTargetFillerMelee,2,GE_Hero_Shared_PaddingCooldown,HasDuration,unresolved
GA_Sune_SingleTargetInterrupt,0,GE_Shared_Cooldown_Static,HasDuration,unresolved
GA_Sune_SingleTargetInterrupt,1,GE_Hero_Shared_PaddingCooldown,HasDuration,unresolved
GA_Sune_SingleTargetInterrupt,2,GE_Sune_SingleTargetInterrupt_Lockout,,unresolved
GA_Sune_SingleTargetTaunt,0,GE_Sune_SingleTargetTaunt_Taunt,HasDuration,unresolved
GA_Sune_SingleTargetTaunt,1,GE_Shared_Cooldown_Static,HasDuration,unresolved
GA_Sune_SingleTargetTaunt,2,GE_Hero_Shared_PaddingCooldown,HasDuration,unresolved
GA_Sune_SingleTargetTaunt,3,GE_Sune_SingleTargetTaunt_Taunt,HasDuration,unresolved
GA_Sune_TargetedCastedHealOrDamage,0,GE_GlobalCooldown,HasDuration,unresolved
GA_Sune_TargetedCastedHealOrDamage,1,GE_Hero_Shared_PaddingCooldown,HasDuration,unresolved
GA_Sune_TargetedCastedHealOrDamage,2,GE_Sune_TargetedCastedHealOrDamage_ManaCost,,unresolved
GA_Sune_TargetedCastedHealOrDamage,3,GE_Sune_TargetedCastedHealOrDamage_ManaCost,,unresolved
GA_Sune_TargetedLeapAoe,0,GE_Sune_Talent_TargetedLeapAoe_MoveSpeedAndArmorBuff_Buff,HasDuration,unresolved
GA_Sune_TargetedLeapAoe,1,GE_Sune_Talent_TargetedLeapAoe_ParryBuff,HasDuration,unresolved
GA_Sune_TargetedLeapAoe,2,GE_Hero_Shared_PaddingCooldown,HasDuration,unresolved
GA_Vigor_CastedSingleTargetDamage_C,0,GE_Vigor_Talent_CastedSingleTargetDamage_GlobalCooldown,HasDuration,unresolved
GA_Vigor_CastedSingleTargetDamage_C,1,GE_Vigor_CastedSingleTargetDamage_ResourceCost,,unresolved
GA_Vigor_CastedSingleTargetDamage_C,2,GE_Vigor_CastedSingleTargetDamage_ResourceCost,,unresolved
GA_Vigor_CastedSingleTargetHeal_C,0,GE_GlobalCooldown,HasDuration,unresolved
GA_Vigor_CastedSingleTargetHeal_C,1,GE_Hero_Shared_PaddingCooldown,HasDuration,unresolved
GA_Vigor_CastedSingleTargetHeal_C,2,GE_Vigor_CastedSingleTargetHeal_ResourceCost,,unresolved
GA_Vigor_CastedSingleTargetHeal_C,3,GE_Vigor_CastedSingleTargetHeal_ResourceCost,,unresolved
GA_Vigor_ChargedMovementSpeedSelfBuff_C,0,GE_Vigor_ChargedMovementSpeedSelfBuff_SelfBuff,HasDuration,unresolved
GA_Vigor_ChargedMovementSpeedSelfBuff_C,1,GE_PartyHealAndSelfBuff_SelfBuff,HasDuration,unresolved
GA_Vigor_ChargedMovementSpeedSelfBuff_C,2,GE_Hero_Shared_PaddingCooldown,HasDuration,unresolved
GA_Vigor_ChargedMovementSpeedSelfBuff_C,3,GE_Vigor_ChargedMovementSpeedSelfBuff_Cost,,unresolved
GA_Vigor_ChargedMovementSpeedSelfBuff_C,4,GE_Vigor_ChargedMovementSpeedSelfBuff_Cost,,unresolved
GA_Vigor_ChargedMovementSpeedSelfBuff_C,5,GE_Vigor_ChargedMovementSpeedSelfBuff_SelfBuff,HasDuration,unresolved
GA_Vigor_DamageReductionAndImmunityBuff_C,0,GE_Vigor_DamageReductionAndImmunityBuff,HasDuration,unresolved
GA_Vigor_DamageReductionAndImmunityBuff_C,1,GE_Shared_Cooldown_DefaultScale,HasDuration,unresolved
GA_Vigor_DamageReductionAndImmunityBuff_C,2,GE_Hero_Shared_PaddingCooldown,HasDuration,unresolved
GA_Vigor_DamageReductionAndImmunityBuff_C,3,GE_Vigor_DamageReductionAndImmunityBuff_CastingCost,,unresolved
GA_Vigor_DamageReductionAndImmunityBuff_C,4,GE_Vigor_DamageReductionAndImmunityBuff,HasDuration,unresolved
GA_Vigor_DamageReductionAndImmunityBuff_C,5,GE_Vigor_DamageReductionAndImmunityBuff_CastingCost,,unresolved
GA_Vigor_InstantAoeHeal_C,0,GE_Vigor_Talent_InstantAoeHeal_DamageReduction_AoeBuff,Infinite,unresolved
GA_Vigor_InstantAoeHeal_C,1,GE_GlobalCooldown,HasDuration,unresolved
GA_Vigor_InstantAoeHeal_C,2,GE_Shared_Cooldown_HasteScale,HasDuration,unresolved
GA_Vigor_InstantAoeHeal_C,3,GE_Hero_Shared_PaddingCooldown,HasDuration,unresolved
GA_Vigor_InstantAoeHeal_C,4,GE_Vigor_InstantAoeHeal_Cost,,unresolved
GA_Vigor_InstantAoeHeal_C,5,GE_Vigor_InstantAoeHeal_Cost,,unresolved
GA_Vigor_InstantFrontalConeDamageHeal_C,0,GE_Vigor_Talent_InstantFrontalConeDamageHeal_DotProc_Proc,Infinite,unresolved
GA_Vigor_InstantFrontalConeDamageHeal_C,1,GE_GlobalCooldown,HasDuration,unresolved
GA_Vigor_InstantFrontalConeDamageHeal_C,2,GE_Shared_Cooldown_HasteScale,HasDuration,unresolved
GA_Vigor_InstantFrontalConeDamageHeal_C,3,GE_Hero_Shared_PaddingCooldown,HasDuration,unresolved
GA_Vigor_InstantFrontalConeDamageHeal_C,4,GE_Vigor_InstantFrontalConeDamageHeal_Cost,,unresolved
GA_Vigor_InstantFrontalConeDamageHeal_C,5,GE_Vigor_InstantFrontalConeDamageHeal_Cost,,unresolved
GA_Vigor_InstantResourceGain,0,GE_Vigor_InstantResourceGain,,unresolved
GA_Vigor_InstantResourceGain,1,GE_Vigor_InstantResourceGain_Buff,HasDuration,unresolved
GA_Vigor_InstantResourceGain,2,GE_Shared_Cooldown_DefaultScale,HasDuration,unresolved
GA_Vigor_InstantResourceGain,3,GE_Hero_Shared_PaddingCooldown,HasDuration,unresolved
GA_Vigor_InstantResourceGain,4,GE_Vigor_InstantResourceGain_ManaCost,,unresolved
GA_Vigor_InstantResourceGain,5,GE_Vigor_InstantResourceGain,,unresolved
GA_Vigor_InstantResourceGain,6,GE_Vigor_InstantResourceGain_Buff,HasDuration,unresolved
GA_Vigor_InstantResourceGain,7,GE_Vigor_InstantResourceGain_ManaCost,,unresolved
GA_Vigor_PartyHealAndSelfBuff_C,0,GE_PartyHealAndSelfBuff_SelfBuff,HasDuration,unresolved
GA_Vigor_PartyHealAndSelfBuff_C,1,GE_GlobalCooldown,HasDuration,unresolved
GA_Vigor_PartyHealAndSelfBuff_C,2,GE_Shared_Cooldown_DefaultScale,HasDuration,unresolved
GA_Vigor_PartyHealAndSelfBuff_C,3,GE_Hero_Shared_PaddingCooldown,HasDuration,unresolved
GA_Vigor_PartyHealAndSelfBuff_C,4,GE_Vigor_PartyHealAndSelfBuff_ResourceCost,,unresolved
GA_Vigor_PartyHealAndSelfBuff_C,5,GE_PartyHealAndSelfBuff_SelfBuff,HasDuration,unresolved
GA_Vigor_PartyHealAndSelfBuff_C,6,GE_Vigor_PartyHealAndSelfBuff_ResourceCost,,unresolved
GA_Vigor_Passive_Echo_Monitor_C,0,GE_Vigor_CastedSingleTargetDamageDoubleHit_Passive,HasDuration,unresolved
GA_Vigor_Passive_Echo_Monitor_C,1,GE_Vigor_MetaResource_Gain,,unresolved
GA_Vigor_Passive_Echo_Monitor_C,2,GE_Vigor_Shared_Absorb_DamageReduction,Infinite,unresolved
GA_Vigor_Passive_Echo_Monitor_C,3,GE_Vigor_StackForDoubleHitBuff_Passive,Infinite,unresolved
GA_Vigor_SingleAllyDispel_C,0,GE_GlobalCooldown,HasDuration,unresolved
GA_Vigor_SingleAllyDispel_C,1,GE_Shared_Cooldown_Static,HasDuration,unresolved
GA_Vigor_SingleAllyDispel_C,2,GE_Hero_Shared_PaddingCooldown,HasDuration,unresolved
GA_Vigor_SingleAllyDispel_C,3,GE_Vigor_SingleAllyDispel_ResourceCost,,unresolved
GA_Vigor_SingleAllyDispel_C,4,GE_Vigor_SingleAllyDispel_ResourceCost,,unresolved
GA_Vigor_SingleTargetAbsorb,0,GE_Vigor_SingleTargetAbsorb_Absorb,HasDuration,unresolved
GA_Vigor_SingleTargetAbsorb,1,GE_Vigor_Talent_SpiritProcBuff_NextRuneSpenderIncreasedPower_Proc,HasDuration,unresolved
GA_Vigor_SingleTargetAbsorb,2,GE_GlobalCooldown,HasDuration,unresolved
GA_Vigor_SingleTargetAbsorb,3,GE_Shared_Cooldown_HasteScale,HasDuration,unresolved
GA_Vigor_SingleTargetAbsorb,4,GE_Hero_Shared_PaddingCooldown,HasDuration,unresolved
GA_Vigor_SingleTargetAbsorb,5,GE_Vigor_SingleTargetAbsorb_Cost,,unresolved
GA_Vigor_SingleTargetAbsorb,6,GE_Vigor_SingleTargetAbsorb_Absorb,HasDuration,unresolved
GA_Vigor_SingleTargetAbsorb,7,GE_Vigor_SingleTargetAbsorb_Cost,,unresolved
GA_Vigor_SingleTargetAbsorb,8,GE_Vigor_SingleTargetAbsorb_UponRemovalBuff,HasDuration,unresolved
GA_Vigor_SingleTargetChargedHot_C,0,GE_Vigor_SingleTargetEchoProccer_Buff,HasDuration,unresolved
GA_Vigor_SingleTargetChargedHot_C,1,GE_Vigor_Talent_SpiritProcBuff_NextRuneSpenderIncreasedPower_Proc,HasDuration,unresolved
GA_Vigor_SingleTargetChargedHot_C,2,GE_GlobalCooldown,HasDuration,unresolved
GA_Vigor_SingleTargetChargedHot_C,3,GE_Hero_Shared_PaddingCooldown,HasDuration,unresolved
GA_Vigor_SingleTargetChargedHot_C,4,GE_Vigor_SingleTargetChargedHot_ResourceCost,,unresolved
GA_Vigor_SingleTargetChargedHot_C,5,GE_Vigor_SingleTargetChargedHot_ResourceCost,,unresolved
GA_Vigor_SingleTargetChargedHot_C,6,GE_Vigor_SingleTargetEchoProccer_Buff,HasDuration,unresolved
GA_Vigor_SingleTargetDot_C,0,GE_Vigor_SingleTargetDot_Dot,HasDuration,unresolved
GA_Vigor_SingleTargetDot_C,1,GE_Vigor_Talent_SpiritProcBuff_NextRuneSpenderIncreasedPower_Proc,HasDuration,unresolved
GA_Vigor_SingleTargetDot_C,2,GE_GlobalCooldown,HasDuration,unresolved
GA_Vigor_SingleTargetDot_C,3,GE_Hero_Shared_PaddingCooldown,HasDuration,unresolved
GA_Vigor_SingleTargetDot_C,4,GE_Vigor_SingleTargetDot_ResourceCost,,unresolved
GA_Vigor_SingleTargetDot_C,5,GE_Vigor_SingleTargetDot_BuffActiveAdditionalDirectDamage,,unresolved
GA_Vigor_SingleTargetDot_C,6,GE_Vigor_SingleTargetDot_Dot,HasDuration,unresolved
GA_Vigor_SingleTargetDot_C,7,GE_Vigor_SingleTargetDot_ResourceCost,,unresolved
GA_Vigor_SkillshotAoeProjectile,0,GE_Vigor_Talent_SpiritProcBuff_NextRuneSpenderIncreasedPower_Proc,HasDuration,unresolved
GA_Vigor_SkillshotAoeProjectile,1,GE_GlobalCooldown,HasDuration,unresolved
GA_Vigor_SkillshotAoeProjectile,2,GE_Shared_Cooldown_HasteScale,HasDuration,unresolved
GA_Vigor_SkillshotAoeProjectile,3,GE_Hero_Shared_PaddingCooldown,HasDuration,unresolved
GA_Vigor_SkillshotAoeProjectile,4,GE_Vigor_SkillshotAoeProjectile_ResourceCost,,unresolved
GA_Vigor_SkillshotAoeProjectile,5,GE_Vigor_SkillshotAoeProjectile_ResourceCost,,unresolved
GA_Warmaster_AoeIncite,0,GE_Warmaster_AoeIncite_SelfBuff,HasDuration,unresolved
GA_Warmaster_AoeIncite,1,GE_Warmaster_AoeIncite_InciteTarget,Infinite,unresolved
GA_Warmaster_AoeIncite,2,GE_Warmaster_AoeIncite_FriendlyAura_Buff,Infinite,unresolved
GA_Warmaster_AoeIncite,3,GE_Shared_Cooldown_DefaultScale,HasDuration,unresolved
GA_Warmaster_AoeIncite,4,GE_Warmaster_AoeIncite_FriendlyAura_Buff,Infinite,unresolved
GA_Warmaster_AoeIncite,5,GE_Warmaster_AoeIncite_InciteTarget,Infinite,unresolved
GA_Warmaster_AoeIncite,6,GE_Warmaster_AoeIncite_SelfBuff,HasDuration,unresolved
GA_Warmaster_BouncyProjectile_C,0,GE_GlobalCooldown,HasDuration,unresolved
GA_Warmaster_BouncyProjectile_C,1,GE_Shared_Cooldown_HasteScale,HasDuration,unresolved
GA_Warmaster_BouncyProjectile_C,2,GE_Hero_Shared_PaddingCooldown,HasDuration,unresolved
GA_Warmaster_DefenceBuff_C,0,GE_Warmaster_DefenceBuff_Buff,HasDuration,unresolved
GA_Warmaster_DefenceBuff_C,1,GE_Hero_Shared_PaddingCooldown,HasDuration,unresolved
GA_Warmaster_DefenceBuff_C,2,GE_Warmaster_DefenceBuff_Buff,HasDuration,unresolved
GA_Warmaster_HeavyMelee_C,0,GE_Warmaster_MeleeCleaveBonusProc,Infinite,unresolved
GA_Warmaster_HeavyMelee_C,1,GE_GlobalCooldown,HasDuration,unresolved
GA_Warmaster_HeavyMelee_C,2,GE_Shared_Cooldown_HasteScale,HasDuration,unresolved
GA_Warmaster_HeavyMelee_C,3,GE_Hero_Shared_PaddingCooldown,HasDuration,unresolved
GA_Warmaster_InstantMeleeCleave,0,GE_Warmaster_InstantMeleeCleave_BleedDebuff,HasDuration,unresolved
GA_Warmaster_InstantMeleeCleave,1,GE_Warmaster_Talent_InstantMeleeCleave_ReducedAttackSpeed_Debuff,HasDuration,unresolved
GA_Warmaster_InstantMeleeCleave,2,GE_Warmaster_InstantMeleeCleave_BleedDebuff_EnfeeblingEffect,HasDuration,unresolved
GA_Warmaster_InstantMeleeCleave,3,GE_Warmaster_PassiveHealthRegen,HasDuration,unresolved
GA_Warmaster_InstantMeleeCleave,4,GE_GlobalCooldown,HasDuration,unresolved
GA_Warmaster_InstantMeleeCleave,5,GE_Shared_Cooldown_DefaultScale,HasDuration,unresolved
GA_Warmaster_InstantMeleeCleave,6,GE_Hero_Shared_PaddingCooldown,HasDuration,unresolved
GA_Warmaster_InstantMeleeCleave,7,GE_Warmaster_InstantMeleeCleave_BleedDebuff,HasDuration,unresolved
GA_Warmaster_InstantMeleeCleave,8,GE_Warmaster_InstantMeleeCleave_BleedDebuff_EnfeeblingEffect,HasDuration,unresolved
GA_Warmaster_InstantMeleeCleave,9,GE_Warmaster_PassiveHealthRegen,HasDuration,unresolved
GA_Warmaster_LightMelee_C,0,GE_Warmaster_Talent_MeleeCleave_Tier2_MeleeCleaveDamageIncreaseFreeCastProc,Infinite,unresolved
GA_Warmaster_LightMelee_C,1,GE_GlobalCooldown,HasDuration,unresolved
GA_Warmaster_LightMelee_C,2,GE_Hero_Shared_PaddingCooldown,HasDuration,unresolved
GA_Warmaster_MeleeAoeSlow_C,0,GE_Warmaster_MeleeAoeSlow_Stun,HasDuration,unresolved
GA_Warmaster_MeleeAoeSlow_C,1,GE_Warmaster_MeleeAoeSlow_Debuff,HasDuration,unresolved
GA_Warmaster_MeleeAoeSlow_C,2,GE_Warmaster_MeleeAoeSlow_DebuffIcon,HasDuration,unresolved
GA_Warmaster_MeleeAoeSlow_C,3,GE_GlobalCooldown,HasDuration,unresolved
GA_Warmaster_MeleeAoeSlow_C,4,GE_Shared_Cooldown_HasteScale,HasDuration,unresolved
GA_Warmaster_MeleeAoeSlow_C,5,GE_Hero_Shared_PaddingCooldown,HasDuration,unresolved
GA_Warmaster_MeleeAoeSlow_C,6,GE_Warmaster_MeleeAoeSlow_ResourceCost,,unresolved
GA_Warmaster_MeleeAoeSlow_C,7,GE_Warmaster_MeleeAoeSlow_Debuff,HasDuration,unresolved
GA_Warmaster_MeleeAoeSlow_C,8,GE_Warmaster_MeleeAoeSlow_DebuffIcon,HasDuration,unresolved
GA_Warmaster_MeleeAoeSlow_C,9,GE_Warmaster_MeleeAoeSlow_ResourceCost,,unresolved
GA_Warmaster_MeleeAoeSlow_C,10,GE_Warmaster_MeleeAoeSlow_Stun,HasDuration,unresolved
GA_Warmaster_MeleeCleave_C,0,GE_Warmaster_MeleeCleave_Absorb,HasDuration,unresolved
GA_Warmaster_MeleeCleave_C,1,GE_Warmaster_MeleeCleave_ReducedIncomingDamageFromTarget_Debuff,HasDuration,unresolved
GA_Warmaster_MeleeCleave_C,2,GE_GlobalCooldown,HasDuration,unresolved
GA_Warmaster_MeleeCleave_C,3,GE_Hero_Shared_PaddingCooldown,HasDuration,unresolved
GA_Warmaster_MeleeCleave_C,4,GE_Warmaster_MeleeCleave_Absorb,HasDuration,unresolved
GA_Warmaster_MeleeCleave_C,5,GE_Warmaster_MeleeCleave_AbsorbBuff_SelfBuff,HasDuration,unresolved
GA_Warmaster_MeleeInterrupt_C,0,GE_Shared_Cooldown_Static,HasDuration,unresolved
GA_Warmaster_MeleeInterrupt_C,1,GE_Hero_Shared_PaddingCooldown,HasDuration,unresolved
GA_Warmaster_MeleeInterrupt_C,2,GE_Warmaster_MeleeInterrupt_Lockout,,unresolved
GA_Warmaster_MoveSpeedBuff,0,GE_Warmaster_MoveSpeedBuff_SelfBuff,HasDuration,unresolved
GA_Warmaster_MoveSpeedBuff,1,GE_Warmaster_MoveSpeedBuff_AllyBuff,HasDuration,unresolved
GA_Warmaster_MoveSpeedBuff,2,GE_Warmaster_MeleeCleave_AbsorbBuff_SelfBuff,HasDuration,unresolved
GA_Warmaster_MoveSpeedBuff,3,GE_Shared_Cooldown_DefaultScale,HasDuration,unresolved
GA_Warmaster_MoveSpeedBuff,4,GE_Hero_Shared_PaddingCooldown,HasDuration,unresolved
GA_Warmaster_MoveSpeedBuff,5,GE_Warmaster_MoveSpeedBuff_AllyBuff,HasDuration,unresolved
GA_Warmaster_MoveSpeedBuff,6,GE_Warmaster_MoveSpeedBuff_SelfBuff,HasDuration,unresolved
GA_Warmaster_MoveToTargetStun_C,0,GE_Warmaster_MoveToTargetStun_Stun,HasDuration,unresolved
GA_Warmaster_MoveToTargetStun_C,1,GE_Warmaster_Talent_MoveToTargetStun_IncreasedMoveSpeed,HasDuration,unresolved
GA_Warmaster_MoveToTargetStun_C,2,GE_Shared_Cooldown_DefaultScale,HasDuration,unresolved
GA_Warmaster_MoveToTargetStun_C,3,GE_Hero_Shared_PaddingCooldown,HasDuration,unresolved
GA_Warmaster_MoveToTargetStun_C,4,GE_Warmaster_MoveToTargetStun_Stun,HasDuration,unresolved
GA_Warmaster_NoResourceLossSelfBuff_C,0,GE_Warmaster_NoResourceLossSelfBuff_Buff,HasDuration,unresolved
GA_Warmaster_NoResourceLossSelfBuff_C,1,GE_Shared_Cooldown_DefaultScale,HasDuration,unresolved
GA_Warmaster_NoResourceLossSelfBuff_C,2,GE_Hero_Shared_PaddingCooldown,HasDuration,unresolved
GA_Warmaster_NoResourceLossSelfBuff_C,3,GE_Warmaster_NoResourceLossSelfBuff_Buff,HasDuration,unresolved
GA_Warmaster_RangedTaunt_C,0,GE_Warmaster_RangedTaunt_Debuff,HasDuration,unresolved
GA_Warmaster_RangedTaunt_C,1,GE_Shared_Cooldown_Static,HasDuration,unresolved
GA_Warmaster_RangedTaunt_C,2,GE_Hero_Shared_PaddingCooldown,HasDuration,unresolved
GA_Warmaster_RangedTaunt_C,3,GE_Warmaster_RangedTaunt_Debuff,HasDuration,unresolved
GA_Warmaster_ShieldSelfBuff,0,GE_Warmaster_ShieldSelfBuff_Buff,HasDuration,unresolved
GA_Warmaster_ShieldSelfBuff,1,GE_Hero_Shared_PaddingCooldown,HasDuration,unresolved
GA_Warmaster_ShieldSelfBuff,2,GE_Warmaster_ShieldSelfBuff_SpiritCost,,unresolved
GA_Warmaster_ShieldSelfBuff,3,GE_Warmaster_ShieldSelfBuff_Buff,HasDuration,unresolved
GA_Warmaster_ShieldSelfBuff,4,GE_Warmaster_ShieldSelfBuff_DamageReductionBuff,HasDuration,unresolved
GA_Warmaster_ShieldSelfBuff,5,GE_Warmaster_ShieldSelfBuff_SpiritCost,,unresolved
GE_Firemage_PlacedProjectileAoe_DirectDamageBased_Dot,0,GE_Firemage_PlacedProjectileAoe_DirectDamageBased_Dot,HasDuration,unresolved
