name,rows_ordinal,encoding,x,value
CT_ArmorSetBonuses,0,dense,1.0,0.1
CT_ArmorSetBonuses,1,dense,1.0,0.1
CT_ArmorSetBonuses,2,dense,1.0,0.04
CT_ArmorSetBonuses,3,dense,1.0,0.04
CT_ArmorSetBonuses,4,dense,1.0,1.25
CT_ArmorSetBonuses,5,dense,1.0,0.04
CT_ArmorSetBonuses,6,dense,1.0,20.0
CT_ArmorSetBonuses,7,dense,1.0,5.0
CT_ArmorSetBonuses,8,dense,1.0,0.25
CT_ArmorSetBonuses,9,dense,1.0,0.8
CT_ArmorSetBonuses,10,dense,1.0,0.8
CT_ArmorSetBonuses,11,dense,1.0,1.2
CT_ArmorSetBonuses,12,dense,1.0,0.9
CT_ArmorSetBonuses,13,dense,1.0,1.03
CT_ArmorSetBonuses,14,dense,1.0,1.05
CT_ArmorSetBonuses,15,dense,1.0,1.15
CT_ArmorSetBonuses,16,dense,1.0,1.2
CT_ArmorSetBonuses,17,dense,1.0,180.0
CT_ArmorSetBonuses,18,dense,1.0,0.4
CT_ArmorSetBonuses,19,dense,1.0,0.2
CT_ArmorSetBonuses,20,dense,1.0,1.05
CT_ArmorSetBonuses,21,dense,1.0,14.0
CT_ArmorSetBonuses,22,dense,1.0,5.0
CT_ArmorSetBonuses,23,dense,1.0,1.0
CT_ArmorSetBonuses,24,dense,1.0,1.18
CT_ArmorSetBonuses,25,dense,1.0,0.15
CT_ArmorSetBonuses,26,dense,1.0,0.2
CT_ArmorSetBonuses,27,dense,1.0,0.2
CT_ArmorSetBonuses,28,dense,1.0,0.2
CT_ArmorSetBonuses,29,dense,1.0,0.04
CT_ArmorSetBonuses,30,dense,1.0,1.1
CT_ArmorSetBonuses,31,dense,1.0,0.85
CT_ArmorSetBonuses,32,dense,1.0,1.15
CT_DifficultyToItemRarity,0,keyframes,0.0,1.0
CT_DifficultyToItemRarity,0,keyframes,7.0,1.0
CT_DifficultyToItemRarity,0,keyframes,8.0,0.0
CT_DifficultyToItemRarity,0,keyframes,9.0,2.0
CT_DifficultyToItemRarity,0,keyframes,15.0,2.0
CT_DifficultyToItemRarity,0,keyframes,16.0,0.0
CT_DifficultyToItemRarity,0,keyframes,17.0,3.0
CT_DifficultyToItemRarity,0,keyframes,23.0,3.0
CT_DifficultyToItemRarity,0,keyframes,24.0,0.0
CT_DifficultyToItemRarity,0,keyframes,25.0,4.0
CT_DifficultyToItemRarity,0,keyframes,31.0,4.0
CT_DifficultyToItemRarity,0,keyframes,32.0,0.0
CT_DifficultyToItemRarity,0,keyframes,33.0,5.0
CT_DifficultyToItemRarity,0,keyframes,150.0,5.0
CT_DifficultyToItemRarity,1,keyframes,0.0,1.0
CT_DifficultyToItemRarity,1,keyframes,8.0,1.0
CT_DifficultyToItemRarity,1,keyframes,9.0,2.0
CT_DifficultyToItemRarity,1,keyframes,16.0,2.0
CT_DifficultyToItemRarity,1,keyframes,17.0,3.0
CT_DifficultyToItemRarity,1,keyframes,24.0,3.0
CT_DifficultyToItemRarity,1,keyframes,25.0,4.0
CT_DifficultyToItemRarity,1,keyframes,32.0,4.0
CT_DifficultyToItemRarity,1,keyframes,33.0,5.0
CT_DifficultyToItemRarity,1,keyframes,150.0,5.0
CT_DifficultyToItemRarity,2,keyframes,0.0,1.0
CT_DifficultyToItemRarity,2,keyframes,6.0,1.0
CT_DifficultyToItemRarity,2,keyframes,7.0,2.0
CT_DifficultyToItemRarity,2,keyframes,14.0,2.0
CT_DifficultyToItemRarity,2,keyframes,15.0,3.0
CT_DifficultyToItemRarity,2,keyframes,22.0,3.0
CT_DifficultyToItemRarity,2,keyframes,23.0,4.0
CT_DifficultyToItemRarity,2,keyframes,30.0,4.0
CT_DifficultyToItemRarity,2,keyframes,31.0,5.0
CT_DifficultyToItemRarity,2,keyframes,150.0,5.0
CT_DifficultyToItemRarity,3,keyframes,0.0,0.0
CT_DifficultyToItemRarity,3,keyframes,6.0,0.0
CT_DifficultyToItemRarity,3,keyframes,7.0,2.0
CT_DifficultyToItemRarity,3,keyframes,8.0,2.0
CT_DifficultyToItemRarity,3,keyframes,9.0,0.0
CT_DifficultyToItemRarity,3,keyframes,14.0,0.0
CT_DifficultyToItemRarity,3,keyframes,15.0,3.0
CT_DifficultyToItemRarity,3,keyframes,16.0,3.0
CT_DifficultyToItemRarity,3,keyframes,17.0,0.0
CT_DifficultyToItemRarity,3,keyframes,22.0,0.0
CT_DifficultyToItemRarity,3,keyframes,23.0,4.0
CT_DifficultyToItemRarity,3,keyframes,24.0,4.0
CT_DifficultyToItemRarity,3,keyframes,25.0,0.0
CT_DifficultyToItemRarity,3,keyframes,30.0,0.0
CT_DifficultyToItemRarity,3,keyframes,31.0,5.0
CT_DifficultyToItemRarity,3,keyframes,150.0,5.0
CT_DifficultyToItemRarity,4,keyframes,0.0,0.0
CT_DifficultyToItemRarity,4,keyframes,6.0,0.0
CT_DifficultyToItemRarity,4,keyframes,7.0,2.0
CT_DifficultyToItemRarity,4,keyframes,8.0,0.0
CT_DifficultyToItemRarity,4,keyframes,14.0,0.0
CT_DifficultyToItemRarity,4,keyframes,15.0,3.0
CT_DifficultyToItemRarity,4,keyframes,16.0,0.0
CT_DifficultyToItemRarity,4,keyframes,22.0,0.0
CT_DifficultyToItemRarity,4,keyframes,23.0,4.0
CT_DifficultyToItemRarity,4,keyframes,24.0,0.0
CT_DifficultyToItemRarity,4,keyframes,30.0,0.0
CT_DifficultyToItemRarity,4,keyframes,31.0,5.0
CT_DifficultyToItemRarity,4,keyframes,32.0,0.0
CT_DifficultyToItemRarity,4,keyframes,33.0,5.0
CT_DifficultyToItemRarity,4,keyframes,150.0,5.0
CT_DifficultyToItemRarity,5,keyframes,0.0,1.0
CT_DifficultyToItemRarity,5,keyframes,7.0,1.0
CT_DifficultyToItemRarity,5,keyframes,8.0,0.0
CT_DifficultyToItemRarity,5,keyframes,9.0,2.0
CT_DifficultyToItemRarity,5,keyframes,15.0,2.0
CT_DifficultyToItemRarity,5,keyframes,16.0,0.0
CT_DifficultyToItemRarity,5,keyframes,17.0,3.0
CT_DifficultyToItemRarity,5,keyframes,23.0,3.0
CT_DifficultyToItemRarity,5,keyframes,24.0,0.0
CT_DifficultyToItemRarity,5,keyframes,25.0,4.0
CT_DifficultyToItemRarity,5,keyframes,31.0,4.0
CT_DifficultyToItemRarity,5,keyframes,32.0,0.0
CT_DifficultyToItemRarity,5,keyframes,33.0,5.0
CT_DifficultyToItemRarity,5,keyframes,150.0,5.0
CT_DungeonDifficultyToCurrencyDrop,0,keyframes,0.0,12.0
CT_DungeonDifficultyToCurrencyDrop,0,keyframes,1.0,19.0
CT_DungeonDifficultyToCurrencyDrop,0,keyframes,2.0,23.0
CT_DungeonDifficultyToCurrencyDrop,0,keyframes,4.0,33.0
CT_DungeonDifficultyToCurrencyDrop,0,keyframes,6.0,41.0
CT_DungeonDifficultyToCurrencyDrop,0,keyframes,8.0,51.0
CT_DungeonDifficultyToCurrencyDrop,0,keyframes,9.0,57.0
CT_DungeonDifficultyToCurrencyDrop,0,keyframes,10.0,62.0
CT_DungeonDifficultyToCurrencyDrop,0,keyframes,12.0,76.0
CT_DungeonDifficultyToCurrencyDrop,0,keyframes,13.0,82.0
CT_DungeonDifficultyToCurrencyDrop,0,keyframes,14.0,89.0
CT_DungeonDifficultyToCurrencyDrop,0,keyframes,15.0,98.0
CT_DungeonDifficultyToCurrencyDrop,0,keyframes,16.0,105.0
CT_DungeonDifficultyToCurrencyDrop,0,keyframes,17.0,113.0
CT_DungeonDifficultyToCurrencyDrop,0,keyframes,18.0,123.0
CT_DungeonDifficultyToCurrencyDrop,0,keyframes,19.0,131.0
CT_DungeonDifficultyToCurrencyDrop,0,keyframes,20.0,142.0
CT_DungeonDifficultyToCurrencyDrop,0,keyframes,21.0,145.0
CT_DungeonDifficultyToCurrencyDrop,0,keyframes,30.0,280.0
CT_DungeonDifficultyToCurrencyDrop,0,keyframes,40.0,560.0
CT_DungeonDifficultyToCurrencyDrop,0,keyframes,60.0,1680.0
CT_DungeonDifficultyToCurrencyDrop,0,keyframes,150.0,2670.0
CT_DungeonDifficultyToCurrencyDrop,1,keyframes,0.0,2.0
CT_DungeonDifficultyToCurrencyDrop,1,keyframes,18.0,2.0
CT_DungeonDifficultyToCurrencyDrop,1,keyframes,19.0,3.0
CT_DungeonDifficultyToCurrencyDrop,1,keyframes,24.0,3.0
CT_DungeonDifficultyToCurrencyDrop,1,keyframes,25.0,4.0
CT_DungeonDifficultyToCurrencyDrop,1,keyframes,29.0,4.0
CT_DungeonDifficultyToCurrencyDrop,1,keyframes,30.0,6.0
CT_DungeonDifficultyToCurrencyDrop,1,keyframes,39.0,6.0
CT_DungeonDifficultyToCurrencyDrop,1,keyframes,40.0,8.0
CT_DungeonDifficultyToCurrencyDrop,1,keyframes,49.0,8.0
CT_DungeonDifficultyToCurrencyDrop,1,keyframes,50.0,10.0
CT_DungeonDifficultyToCurrencyDrop,1,keyframes,59.0,10.0
CT_DungeonDifficultyToCurrencyDrop,1,keyframes,60.0,12.0
CT_DungeonDifficultyToCurrencyDrop,1,keyframes,69.0,12.0
CT_DungeonDifficultyToCurrencyDrop,1,keyframes,70.0,14.0
CT_DungeonDifficultyToCurrencyDrop,1,keyframes,150.0,14.0
CT_DungeonDifficultyToCurrencyDrop,2,keyframes,0.0,0.0
CT_DungeonDifficultyToCurrencyDrop,2,keyframes,3.0,0.0
CT_DungeonDifficultyToCurrencyDrop,2,keyframes,4.0,1.0
CT_DungeonDifficultyToCurrencyDrop,2,keyframes,6.0,1.0
CT_DungeonDifficultyToCurrencyDrop,2,keyframes,8.0,3.0
CT_DungeonDifficultyToCurrencyDrop,2,keyframes,9.0,3.0
CT_DungeonDifficultyToCurrencyDrop,2,keyframes,10.0,4.0
CT_DungeonDifficultyToCurrencyDrop,2,keyframes,11.0,4.0
CT_DungeonDifficultyToCurrencyDrop,2,keyframes,13.0,6.0
CT_DungeonDifficultyToCurrencyDrop,2,keyframes,14.0,6.0
CT_DungeonDifficultyToCurrencyDrop,2,keyframes,15.0,7.0
CT_DungeonDifficultyToCurrencyDrop,2,keyframes,16.0,7.0
CT_DungeonDifficultyToCurrencyDrop,2,keyframes,21.0,12.0
CT_DungeonDifficultyToCurrencyDrop,2,keyframes,29.0,12.0
CT_DungeonDifficultyToCurrencyDrop,2,keyframes,30.0,13.0
CT_DungeonDifficultyToCurrencyDrop,2,keyframes,39.0,13.0
CT_DungeonDifficultyToCurrencyDrop,2,keyframes,40.0,14.0
CT_DungeonDifficultyToCurrencyDrop,2,keyframes,49.0,14.0
CT_DungeonDifficultyToCurrencyDrop,2,keyframes,50.0,15.0
CT_DungeonDifficultyToCurrencyDrop,2,keyframes,59.0,15.0
CT_DungeonDifficultyToCurrencyDrop,2,keyframes,60.0,16.0
CT_DungeonDifficultyToCurrencyDrop,2,keyframes,69.0,16.0
CT_DungeonDifficultyToCurrencyDrop,2,keyframes,70.0,17.0
CT_DungeonDifficultyToCurrencyDrop,2,keyframes,150.0,17.0
CT_DungeonDifficultyToCurrencyDrop,3,keyframes,0.0,0.0
CT_DungeonDifficultyToCurrencyDrop,3,keyframes,8.0,0.0
CT_DungeonDifficultyToCurrencyDrop,3,keyframes,9.0,1.0
CT_DungeonDifficultyToCurrencyDrop,3,keyframes,11.0,1.0
CT_DungeonDifficultyToCurrencyDrop,3,keyframes,13.0,3.0
CT_DungeonDifficultyToCurrencyDrop,3,keyframes,14.0,3.0
CT_DungeonDifficultyToCurrencyDrop,3,keyframes,15.0,4.0
CT_DungeonDifficultyToCurrencyDrop,3,keyframes,16.0,4.0
CT_DungeonDifficultyToCurrencyDrop,3,keyframes,18.0,6.0
CT_DungeonDifficultyToCurrencyDrop,3,keyframes,19.0,6.0
CT_DungeonDifficultyToCurrencyDrop,3,keyframes,21.0,8.0
CT_DungeonDifficultyToCurrencyDrop,3,keyframes,39.0,8.0
CT_DungeonDifficultyToCurrencyDrop,3,keyframes,40.0,9.0
CT_DungeonDifficultyToCurrencyDrop,3,keyframes,49.0,9.0
CT_DungeonDifficultyToCurrencyDrop,3,keyframes,50.0,10.0
CT_DungeonDifficultyToCurrencyDrop,3,keyframes,59.0,10.0
CT_DungeonDifficultyToCurrencyDrop,3,keyframes,60.0,11.0
CT_DungeonDifficultyToCurrencyDrop,3,keyframes,69.0,11.0
CT_DungeonDifficultyToCurrencyDrop,3,keyframes,70.0,12.0
CT_DungeonDifficultyToCurrencyDrop,3,keyframes,150.0,12.0
CT_DungeonDifficultyToCurrencyDrop,4,keyframes,0.0,4.0
CT_DungeonDifficultyToCurrencyDrop,4,keyframes,24.0,4.0
CT_DungeonDifficultyToCurrencyDrop,4,keyframes,25.0,5.0
CT_DungeonDifficultyToCurrencyDrop,4,keyframes,29.0,5.0
CT_DungeonDifficultyToCurrencyDrop,4,keyframes,30.0,6.0
CT_DungeonDifficultyToCurrencyDrop,4,keyframes,39.0,6.0
CT_DungeonDifficultyToCurrencyDrop,4,keyframes,40.0,8.0
CT_DungeonDifficultyToCurrencyDrop,4,keyframes,49.0,8.0
CT_DungeonDifficultyToCurrencyDrop,4,keyframes,50.0,10.0
CT_DungeonDifficultyToCurrencyDrop,4,keyframes,59.0,10.0
CT_DungeonDifficultyToCurrencyDrop,4,keyframes,60.0,12.0
CT_DungeonDifficultyToCurrencyDrop,4,keyframes,69.0,12.0
CT_DungeonDifficultyToCurrencyDrop,4,keyframes,70.0,14.0
CT_DungeonDifficultyToCurrencyDrop,4,keyframes,150.0,14.0
CT_DungeonDifficultyToDropItemLevel,0,keyframes,0.0,15.0
CT_DungeonDifficultyToDropItemLevel,0,keyframes,3.0,60.0
CT_DungeonDifficultyToDropItemLevel,0,keyframes,4.0,90.0
CT_DungeonDifficultyToDropItemLevel,0,keyframes,5.0,90.0
CT_DungeonDifficultyToDropItemLevel,0,keyframes,8.0,135.0
CT_DungeonDifficultyToDropItemLevel,0,keyframes,9.0,165.0
CT_DungeonDifficultyToDropItemLevel,0,keyframes,10.0,165.0
CT_DungeonDifficultyToDropItemLevel,0,keyframes,13.0,210.0
CT_DungeonDifficultyToDropItemLevel,0,keyframes,14.0,240.0
CT_DungeonDifficultyToDropItemLevel,0,keyframes,15.0,240.0
CT_DungeonDifficultyToDropItemLevel,0,keyframes,18.0,285.0
CT_DungeonDifficultyToDropItemLevel,0,keyframes,19.0,315.0
CT_DungeonDifficultyToDropItemLevel,0,keyframes,150.0,315.0
CT_DungeonDifficultyToDropItemLevel,1,keyframes,0.0,15.0
CT_DungeonDifficultyToDropItemLevel,1,keyframes,4.0,75.0
CT_DungeonDifficultyToDropItemLevel,1,keyframes,5.0,75.0
CT_DungeonDifficultyToDropItemLevel,1,keyframes,6.0,105.0
CT_DungeonDifficultyToDropItemLevel,1,keyframes,9.0,150.0
CT_DungeonDifficultyToDropItemLevel,1,keyframes,10.0,150.0
CT_DungeonDifficultyToDropItemLevel,1,keyframes,11.0,180.0
CT_DungeonDifficultyToDropItemLevel,1,keyframes,14.0,225.0
CT_DungeonDifficultyToDropItemLevel,1,keyframes,15.0,225.0
CT_DungeonDifficultyToDropItemLevel,1,keyframes,16.0,255.0
CT_DungeonDifficultyToDropItemLevel,1,keyframes,19.0,300.0
CT_DungeonDifficultyToDropItemLevel,1,keyframes,20.0,300.0
CT_DungeonDifficultyToDropItemLevel,1,keyframes,21.0,315.0
CT_DungeonDifficultyToDropItemLevel,1,keyframes,150.0,315.0
CT_DungeonDifficultyToDropItemLevel,2,keyframes,0.0,15.0
CT_DungeonDifficultyToDropItemLevel,2,keyframes,1.0,15.0
CT_DungeonDifficultyToDropItemLevel,2,keyframes,4.0,60.0
CT_DungeonDifficultyToDropItemLevel,2,keyframes,5.0,60.0
CT_DungeonDifficultyToDropItemLevel,2,keyframes,6.0,90.0
CT_DungeonDifficultyToDropItemLevel,2,keyframes,8.0,120.0
CT_DungeonDifficultyToDropItemLevel,2,keyframes,9.0,150.0
CT_DungeonDifficultyToDropItemLevel,2,keyframes,10.0,150.0
CT_DungeonDifficultyToDropItemLevel,2,keyframes,13.0,195.0
CT_DungeonDifficultyToDropItemLevel,2,keyframes,14.0,225.0
CT_DungeonDifficultyToDropItemLevel,2,keyframes,15.0,225.0
CT_DungeonDifficultyToDropItemLevel,2,keyframes,18.0,270.0
CT_DungeonDifficultyToDropItemLevel,2,keyframes,19.0,300.0
CT_DungeonDifficultyToDropItemLevel,2,keyframes,150.0,300.0
CT_DungeonDifficultyToDropItemLevel,3,keyframes,0.0,0.0
CT_DungeonDifficultyToDropItemLevel,3,keyframes,3.0,0.0
CT_DungeonDifficultyToDropItemLevel,3,keyframes,4.0,90.0
CT_DungeonDifficultyToDropItemLevel,3,keyframes,5.0,90.0
CT_DungeonDifficultyToDropItemLevel,3,keyframes,6.0,0.0
CT_DungeonDifficultyToDropItemLevel,3,keyframes,8.0,0.0
CT_DungeonDifficultyToDropItemLevel,3,keyframes,9.0,165.0
CT_DungeonDifficultyToDropItemLevel,3,keyframes,10.0,165.0
CT_DungeonDifficultyToDropItemLevel,3,keyframes,11.0,0.0
CT_DungeonDifficultyToDropItemLevel,3,keyframes,13.0,0.0
CT_DungeonDifficultyToDropItemLevel,3,keyframes,14.0,240.0
CT_DungeonDifficultyToDropItemLevel,3,keyframes,15.0,240.0
CT_DungeonDifficultyToDropItemLevel,3,keyframes,16.0,0.0
CT_DungeonDifficultyToDropItemLevel,3,keyframes,18.0,0.0
CT_DungeonDifficultyToDropItemLevel,3,keyframes,19.0,315.0
CT_DungeonDifficultyToDropItemLevel,3,keyframes,150.0,315.0
CT_DungeonDifficultyToDropItemLevel,4,keyframes,0.0,0.0
CT_DungeonDifficultyToDropItemLevel,4,keyframes,3.0,0.0
CT_DungeonDifficultyToDropItemLevel,4,keyframes,4.0,90.0
CT_DungeonDifficultyToDropItemLevel,4,keyframes,5.0,0.0
CT_DungeonDifficultyToDropItemLevel,4,keyframes,8.0,0.0
CT_DungeonDifficultyToDropItemLevel,4,keyframes,9.0,165.0
CT_DungeonDifficultyToDropItemLevel,4,keyframes,10.0,0.0
CT_DungeonDifficultyToDropItemLevel,4,keyframes,13.0,0.0
CT_DungeonDifficultyToDropItemLevel,4,keyframes,14.0,240.0
CT_DungeonDifficultyToDropItemLevel,4,keyframes,15.0,0.0
CT_DungeonDifficultyToDropItemLevel,4,keyframes,18.0,0.0
CT_DungeonDifficultyToDropItemLevel,4,keyframes,19.0,315.0
CT_DungeonDifficultyToDropItemLevel,4,keyframes,20.0,0.0
CT_DungeonDifficultyToDropItemLevel,4,keyframes,21.0,315.0
CT_DungeonDifficultyToDropItemLevel,4,keyframes,150.0,315.0
CT_DungeonDifficultyToDropItemLevel,5,keyframes,0.0,75.0
CT_DungeonDifficultyToDropItemLevel,5,keyframes,3.0,75.0
CT_DungeonDifficultyToDropItemLevel,5,keyframes,4.0,105.0
CT_DungeonDifficultyToDropItemLevel,5,keyframes,5.0,105.0
CT_DungeonDifficultyToDropItemLevel,5,keyframes,6.0,150.0
CT_DungeonDifficultyToDropItemLevel,5,keyframes,8.0,150.0
CT_DungeonDifficultyToDropItemLevel,5,keyframes,9.0,195.0
CT_DungeonDifficultyToDropItemLevel,5,keyframes,10.0,195.0
CT_DungeonDifficultyToDropItemLevel,5,keyframes,11.0,225.0
CT_DungeonDifficultyToDropItemLevel,5,keyframes,13.0,225.0
CT_DungeonDifficultyToDropItemLevel,5,keyframes,14.0,270.0
CT_DungeonDifficultyToDropItemLevel,5,keyframes,15.0,270.0
CT_DungeonDifficultyToDropItemLevel,5,keyframes,16.0,315.0
CT_DungeonDifficultyToDropItemLevel,5,keyframes,20.0,315.0
CT_DungeonDifficultyToDropItemLevel,5,keyframes,21.0,360.0
CT_DungeonDifficultyToDropItemLevel,5,keyframes,150.0,360.0
CT_DungeonDifficultyToDropItemLevel,6,keyframes,0.0,0.0
CT_DungeonDifficultyToDropItemLevel,6,keyframes,150.0,0.0
CT_DungeonDifficultyToLootTierTable,0,keyframes,0.0,8.0
CT_DungeonDifficultyToLootTierTable,0,keyframes,12.0,8.0
CT_DungeonExpenseLimits,0,keyframes,1.0,100.0
CT_DungeonExpenseLimits,0,keyframes,3.0,300.0
CT_DungeonExpenseLimits,0,keyframes,6.0,570.0
CT_DungeonExpenseLimits,0,keyframes,9.0,810.0
CT_DungeonExpenseLimits,0,keyframes,12.0,1020.0
CT_DungeonExpenseLimits,0,keyframes,13.0,1080.0
CT_DungeonExpenseLimits,0,keyframes,14.0,1150.0
CT_DungeonExpenseLimits,0,keyframes,25.0,1700.0
CT_DungeonModifiers,0,dense,1.0,19.0
CT_DungeonModifiers,1,dense,1.0,43.0
CT_DungeonModifiers,2,dense,1.0,60.0
CT_DungeonModifiers,3,dense,1.0,3.0
CT_DungeonModifiers,4,dense,1.0,8.0
CT_DungeonModifiers,5,dense,1.0,4.0
CT_DungeonModifiers,6,dense,1.0,480.0
CT_DungeonModifiers,7,dense,1.0,60.0
CT_DungeonModifiers,8,dense,1.0,6000.0
CT_DungeonModifiers,9,dense,1.0,3.0
CT_DungeonModifiers,10,dense,1.0,15.0
CT_DungeonModifiers,11,dense,1.0,2000.0
CT_DungeonModifiers,12,dense,1.0,6000.0
CT_DungeonModifiers,13,dense,1.0,12.0
CT_DungeonModifiers,14,dense,1.0,3.0
CT_DungeonModifiers,15,dense,1.0,700.0
CT_DungeonModifiers,16,dense,1.0,500.0
CT_DungeonModifiers,17,dense,1.0,148.0
CT_DungeonModifiers,18,dense,1.0,128.0
CT_DungeonModifiers,19,dense,1.0,0.007
CT_DungeonModifiers,20,dense,1.0,0.0
CT_DungeonModifiers,21,dense,1.0,6000.0
CT_DungeonModifiers,22,dense,1.0,0.025
CT_DungeonModifiers,23,dense,1.0,0.1
CT_DungeonModifiers,24,dense,1.0,0.06
CT_DungeonModifiers,25,dense,1.0,1.0
CT_DungeonModifiers,26,dense,1.0,0.9
CT_DungeonModifiers,27,dense,1.0,1.5
CT_DungeonModifiers,28,dense,1.0,1.1
CT_DungeonModifiers,29,dense,1.0,1.1
CT_DungeonModifiers,30,dense,1.0,0.1
CT_DungeonModifiers,31,dense,1.0,600.0
CT_DungeonModifiers,32,dense,1.0,2.0
CT_DungeonModifiers,33,dense,1.0,2.0
CT_DungeonModifiers,34,dense,1.0,180.0
CT_DungeonModifiers,35,dense,1.0,1.0
CT_DungeonModifiers,36,dense,1.0,3.0
CT_DungeonModifiers,37,dense,1.0,50.0
CT_DungeonModifiers,38,dense,1.0,35.0
CT_DungeonModifiers,39,dense,1.0,2.0
CT_DungeonModifiers,40,dense,1.0,3.0
CT_DungeonModifiers,41,dense,1.0,1.2
CT_DungeonModifiers,42,dense,1.0,50.0
CT_DungeonModifiers,43,dense,1.0,1.2
CT_DungeonModifiers,44,dense,1.0,1400.0
CT_DungeonModifiers,45,dense,1.0,5.0
CT_DungeonModifiers,46,dense,1.0,2.0
CT_DungeonModifiers,47,dense,1.0,8000.0
CT_DungeonModifiers,48,dense,1.0,0.3
CT_DungeonModifiers,49,dense,1.0,0.25
CT_DungeonModifiers,50,dense,1.0,35.0
CT_DungeonModifiers,51,dense,1.0,400.0
CT_DungeonModifiers,52,dense,1.0,200.0
CT_DungeonModifiers,53,dense,1.0,250.0
CT_DungeonModifiers,54,dense,1.0,120.0
CT_DungeonModifiers,55,dense,1.0,88.0
CT_DungeonModifiers,56,dense,1.0,4000.0
CT_DungeonModifiers,57,dense,1.0,2.5
CT_DungeonModifiers,58,dense,1.0,60.0
CT_DungeonModifiers,59,dense,1.0,4500.0
CT_DungeonModifiers,60,dense,1.0,2.0
CT_DungeonModifiers,61,dense,1.0,90.0
CT_DungeonModifiers,62,dense,1.0,600.0
CT_DungeonModifiers,63,dense,1.0,3.2
CT_DungeonModifiers,64,dense,1.0,750.0
CT_DungeonModifiers,65,dense,1.0,500.0
CT_DungeonModifiers,66,dense,1.0,3.2
CT_DungeonModifiers,67,dense,1.0,45.0
CT_DungeonModifiers,68,dense,1.0,8.82
CT_DungeonModifiers,69,dense,1.0,20.0
CT_DungeonModifiers,70,dense,1.0,3.0
CT_DungeonModifiers,71,dense,1.0,9.73245
CT_DungeonModifiers,72,dense,1.0,0.8
CT_DungeonModifiers,73,dense,1.0,15.0
CT_DungeonModifiers,74,dense,1.0,4.0
CT_DungeonModifiers,75,dense,1.0,18.0
CT_DungeonModifiers,76,dense,1.0,18.0
CT_DungeonModifiers,77,dense,1.0,37.0
CT_DungeonModifiers,78,dense,1.0,3000.0
CT_DungeonModifiers,79,dense,1.0,37.0
CT_DungeonModifiers,80,dense,1.0,2.5
CT_DungeonModifiers,81,dense,1.0,600.0
CT_DungeonModifiers,82,dense,1.0,3.0
CT_DungeonModifiers,83,dense,1.0,4.0
CT_DungeonModifiers,84,dense,1.0,0.5
CT_DungeonModifiers,85,dense,1.0,700.0
CT_DungeonModifiers,86,dense,1.0,40.0
CT_DungeonModifiers,87,dense,1.0,40.0
CT_DungeonModifiers,88,dense,1.0,40.0
CT_DungeonModifiers,89,dense,1.0,500.0
CT_DungeonModifiers,90,dense,1.0,40.0
CT_DungeonModifiers,91,dense,1.0,200.0
CT_DungeonModifiers,92,dense,1.0,0.1
CT_DungeonModifiers,93,dense,1.0,4.0
CT_DungeonModifiers,94,dense,1.0,3.21
CT_DungeonModifiers,95,dense,1.0,2000.0
CT_DungeonModifiers,96,dense,1.0,5000.0
CT_DungeonModifiers,97,dense,1.0,10.0
CT_DungeonModifiers,98,dense,1.0,10.0
CT_DungeonModifiers,99,dense,1.0,4500.0
CT_DungeonModifiers,100,dense,1.0,200.0
CT_DungeonModifiers,101,dense,1.0,18.0
CT_DungeonModifiers,102,dense,1.0,3000.0
CT_DungeonModifiers,103,dense,1.0,18.0
CT_DungeonModifiers,104,dense,1.0,4.0
CT_DungeonModifiers,105,dense,1.0,2.12
CT_DungeonModifiers,106,dense,1.0,4.0
CT_DungeonModifiers,107,dense,1.0,2.0
CT_DungeonModifiers,108,dense,1.0,1.0
CT_DungeonModifiers,109,dense,1.0,0.5
CT_DungeonModifiers,110,dense,1.0,6.84
CT_DungeonModifiers,111,dense,1.0,7.5
CT_DungeonModifiers,112,dense,1.0,7.5
CT_DungeonModifiers,113,dense,1.0,20.0
CT_DungeonModifiers,114,dense,1.0,700.0
CT_DungeonModifiers,115,dense,1.0,20.0
CT_DungeonModifiers,116,dense,1.0,2.0
CT_DungeonModifiers,117,dense,1.0,1.0
CT_DungeonModifiers,118,dense,1.0,0.5
CT_DungeonModifiers,119,dense,1.0,0.02
CT_DungeonModifiers,120,dense,1.0,10.0
CT_DungeonModifiers,121,dense,1.0,10.0
CT_DungeonModifiers,122,dense,1.0,40.0
CT_DungeonModifiers,123,dense,1.0,800.0
CT_DungeonModifiers,124,dense,1.0,40.0
CT_DungeonModifiers,125,dense,1.0,60.0
CT_DungeonModifiers,126,dense,1.0,500.0
CT_DungeonModifiers,127,dense,1.0,2.0
CT_DungeonModifiers,128,dense,1.0,5000.0
CT_DungeonModifiers,129,dense,1.0,0.4
CT_DungeonModifiers,130,dense,1.0,20.0
CT_DungeonModifiers,131,dense,1.0,1.0
CT_DungeonModifiers,132,dense,1.0,2.0
CT_DungeonModifiers,133,dense,1.0,500.0
CT_DungeonModifiers,134,dense,1.0,5.5
CT_DungeonModifiers,135,dense,1.0,50.0
CT_DungeonModifiers,136,dense,1.0,10.0
CT_DungeonModifiers,137,dense,1.0,4000.0
CT_DungeonModifiers,138,dense,1.0,3.0
CT_DungeonModifiers,139,dense,1.0,3.0
CT_DungeonModifiers,140,dense,1.0,8.0
CT_DungeonModifiers,141,dense,1.0,3.0
CT_DungeonModifiers,142,dense,1.0,200.0
CT_DungeonModifiers,143,dense,1.0,20.0
CT_DungeonModifiers,144,dense,1.0,2100.0
CT_DungeonModifiers,145,dense,1.0,7.0
CT_DungeonModifiers,146,dense,1.0,5000.0
CT_DungeonModifiers,147,dense,1.0,7.0
CT_DungeonModifiers,148,dense,1.0,0.0
CT_DungeonModifiers,149,dense,1.0,7000.0
CT_DungeonModifiers,150,dense,1.0,2.0
CT_DungeonModifiers,151,dense,1.0,10.0
CT_DungeonModifiers,152,dense,1.0,0.08
CT_DungeonModifiers,153,dense,1.0,7.0
CT_DungeonModifiers,154,dense,1.0,1.2
CT_DungeonModifiers,155,dense,1.0,100.0
CT_DungeonModifiers,156,dense,1.0,1.2
CT_DungeonModifiers,157,dense,1.0,2000.0
CT_DungeonModifiers,158,dense,1.0,2.0
CT_DungeonModifiers,159,dense,1.0,500.0
CT_DungeonModifiers,160,dense,1.0,2.0
CT_DungeonModifiers,161,dense,1.0,12.0
CT_DungeonModifiers,162,dense,1.0,1.0
CT_DungeonModifiers,163,dense,1.0,6.0
CT_DungeonModifiers,164,dense,1.0,150.0
CT_DungeonModifiers,165,dense,1.0,0.25
CT_DungeonModifiers,166,dense,1.0,0.5
CT_DungeonModifiers,167,dense,1.0,3.12
CT_DungeonModifiers,168,dense,1.0,1800.0
CT_DungeonModifiers,169,dense,1.0,500.0
CT_DungeonModifiers,170,dense,1.0,1.22
CT_DungeonModifiers,171,dense,1.0,10000.0
CT_DungeonModifiers,172,dense,1.0,0.25
CT_DungeonModifiers,173,dense,1.0,2.5
CT_DungeonModifiers,174,dense,1.0,2.5
CT_DungeonModifiers,175,dense,1.0,500.0
CT_DungeonModifiers,176,dense,1.0,5.12
CT_DungeonModifiers,177,dense,1.0,3.0
CT_DungeonModifiers,178,dense,1.0,1.5
CT_DungeonModifiers,179,dense,1.0,240.0
CT_DungeonModifiers,180,dense,1.0,3.12
CT_DungeonModifiers,181,dense,1.0,500.0
CT_DungeonModifiers,182,dense,1.0,6.0
CT_DungeonModifiers,183,dense,1.0,6.0
CT_DungeonModifiers,184,dense,1.0,1500.0
CT_DungeonModifiers,185,dense,1.0,15.0
CT_DungeonModifiers,186,dense,1.0,650.0
CT_DungeonModifiers,187,dense,1.0,2.0
CT_DungeonModifiers,188,dense,1.0,3000.0
CT_DungeonModifiers,189,dense,1.0,15.0
CT_DungeonModifiers,190,dense,1.0,400.0
CT_DungeonModifiers,191,dense,1.0,2.0
CT_DungeonModifiers,192,dense,1.0,3.0
CT_DungeonModifiers,193,dense,1.0,0.0
CT_DungeonModifiers,194,dense,1.0,1.0
CT_DungeonModifiers,195,dense,1.0,3.0
CT_DungeonModifiers,196,dense,1.0,2.0
CT_DungeonModifiers,197,dense,1.0,2.0
CT_DungeonModifiers,198,dense,1.0,250.0
CT_DungeonModifiers,199,dense,1.0,9.0
CT_DungeonModifiers,200,dense,1.0,9.0
CT_DungeonModifiers,201,dense,1.0,8.0
CT_DungeonModifiers,202,dense,1.0,600.0
CT_DungeonModifiers,203,dense,1.0,8.0
CT_DungeonModifiers,204,dense,1.0,350.0
CT_DungeonModifiers,205,dense,1.0,9.0
CT_DungeonModifiers,206,dense,1.0,4.5
CT_DungeonModifiers,207,dense,1.0,5000.0
CT_DungeonModifiers,208,dense,1.0,3.5
CT_DungeonModifiers,209,dense,1.0,1.2
CT_DungeonModifiers,210,dense,1.0,0.45
CT_DungeonModifiers,211,dense,1.0,1.0
CT_DungeonModifiers,212,dense,1.0,2.0
CT_DungeonModifiers,213,dense,1.0,500.0
CT_DungeonModifiers,214,dense,1.0,1500.0
CT_DungeonModifiers,215,dense,1.0,5.5
CT_DungeonModifiers,216,dense,1.0,50.0
CT_DungeonModifiers,217,dense,1.0,0.5
CT_DungeonModifiers,218,dense,1.0,0.25
CT_DungeonModifiers,219,dense,1.0,60.0
CT_DungeonModifiers,220,dense,1.0,0.5
CT_DungeonModifiers,221,dense,1.0,0.05
CT_DungeonModifiers,222,dense,1.0,10.0
CT_DungeonModifiers,223,dense,1.0,3.0
CT_DungeonModifiers,224,dense,1.0,30.0
CT_DungeonModifiers,225,dense,1.0,300.0
CT_DungeonModifiers,226,dense,1.0,1200.0
CT_DungeonModifiers,227,dense,1.0,800.0
CT_DungeonModifiers,228,dense,1.0,120.0
CT_DungeonModifiers,229,dense,1.0,120.0
CT_DungeonModifiers,230,dense,1.0,2.5
CT_DungeonModifiers,231,dense,1.0,2.5
CT_DungeonModifiers,232,dense,1.0,4.89
CT_DungeonModifiers,233,dense,1.0,500.0
CT_DungeonModifiers,234,dense,1.0,90.0
CT_DungeonModifiers,235,dense,1.0,4.0
CT_DungeonModifiers,236,dense,1.0,8.0
CT_DungeonModifiers,237,dense,1.0,19.5
CT_DungeonModifiers,238,dense,1.0,19.5
CT_DungeonModifiers,239,dense,1.0,20.0
CT_DungeonModifiers,240,dense,1.0,40.0
CT_DungeonModifiers,241,dense,1.0,40.0
CT_DungeonModifiers,242,dense,1.0,3.37
CT_DungeonModifiers,243,dense,1.0,2.73
CT_DungeonModifiers,244,dense,1.0,225.0
CT_DungeonModifiers,245,dense,1.0,0.42
CT_DungeonModifiers,246,dense,1.0,6000.0
CT_DungeonModifiers,247,dense,1.0,1.5
CT_DungeonModifiers,248,dense,1.0,1.0
CT_DungeonModifiers,249,dense,1.0,1.0
CT_DungeonModifiers,250,dense,1.0,12.0
CT_DungeonModifiers,251,dense,1.0,12.0
CT_DungeonModifiers,252,dense,1.0,27.0
CT_DungeonModifiers,253,dense,1.0,2.0
CT_DungeonModifiers,254,dense,1.0,0.5
CT_DungeonModifiers,255,dense,1.0,27.0
CT_DungeonModifiers,256,dense,1.0,2.0
CT_DungeonModifiers,257,dense,1.0,5.0
CT_DungeonModifiers,258,dense,1.0,5.0
CT_DungeonModifiers,259,dense,1.0,0.0
CT_DungeonModifiers,260,dense,1.0,0.0
CT_DungeonModifiers,261,dense,1.0,2.5
CT_DungeonModifiers,262,dense,1.0,3000.0
CT_DungeonModifiers,263,dense,1.0,0.1
CT_DungeonModifiers,264,dense,1.0,2.0
CT_DungeonModifiers,265,dense,1.0,0.01
CT_DungeonModifiers,266,dense,1.0,1.0
CT_DungeonModifiers,267,dense,1.0,4.0
CT_DungeonModifiers,268,dense,1.0,300.0
CT_DungeonModifiers,269,dense,1.0,0.2
CT_DungeonModifiers,270,dense,1.0,1.0
CT_DungeonModifiers,271,dense,1.0,0.686
CT_DungeonModifiers,272,dense,1.0,40.0
CT_DungeonModifiers,273,dense,1.0,2.0
CT_DungeonModifiers,274,dense,1.0,0.7
CT_DungeonModifiers,275,dense,1.0,5.06
CT_DungeonModifiers,276,dense,1.0,4.0
CT_DungeonModifiers,277,dense,1.0,34.0
CT_DungeonModifiers,278,dense,1.0,34.0
CT_DungeonModifiers,279,dense,1.0,36.0
CT_DungeonModifiers,280,dense,1.0,36.0
CT_DungeonModifiers,281,dense,1.0,3.0
CT_DungeonModifiers,282,dense,1.0,1.0
CT_DungeonModifiers,283,dense,1.0,1.5
CT_DungeonModifiers,284,dense,1.0,1.0
CT_DungeonModifiers,285,dense,1.0,40.0
CT_DungeonModifiers,286,dense,1.0,0.2
CT_DungeonModifiers,287,dense,1.0,0.2
CT_DungeonModifiers,288,dense,1.0,1.2
CT_DungeonModifiers,289,dense,1.0,1.1
CT_DungeonModifiers,290,dense,1.0,1.05
CT_DungeonModifiers,291,dense,1.0,0.5
CT_DungeonModifiers,292,dense,1.0,30.0
CT_DungeonModifiers,293,dense,1.0,0.85
CT_DungeonModifiers,294,dense,1.0,0.5
CT_DungeonModifiers,295,dense,1.0,4000.0
CT_DungeonModifiers,296,dense,1.0,150.0
CT_DungeonModifiers,297,dense,1.0,22.0
CT_DungeonModifiers,298,dense,1.0,15.0
CT_DungeonModifiers,299,dense,1.0,240.0
CT_DungeonModifiers,300,dense,1.0,10.0
CT_DungeonModifiers,301,dense,1.0,72.0
CT_DungeonModifiers,302,dense,1.0,1500.0
CT_DungeonModifiers,303,dense,1.0,2.0
CT_DungeonModifiers,304,dense,1.0,1.1
CT_DungeonModifiers,305,dense,1.0,2.0
CT_DungeonModifiers,306,dense,1.0,3.0
CT_DungeonModifiers,307,dense,1.0,650.0
CT_DungeonModifiers,308,dense,1.0,100.0
CT_DungeonModifiers,309,dense,1.0,4.0
CT_DungeonModifiers,310,dense,1.0,500.0
CT_DungeonModifiers,311,dense,1.0,55.0
CT_DungeonModifiers,312,dense,1.0,40.0
CT_DungeonModifiers,313,dense,1.0,0.2
CT_DungeonModifiers,314,dense,1.0,0.15
CT_DungeonModifiers,315,dense,1.0,0.1
CT_DungeonModifiers,316,dense,1.0,0.05
CT_DungeonModifiers,317,dense,1.0,1.7
CT_DungeonModifiers,318,dense,1.0,1.7
CT_DungeonModifiers,319,dense,1.0,500.0
CT_DungeonModifiers,320,dense,1.0,4.89
CT_DungeonModifiers,321,dense,1.0,2.0
CT_DungeonModifiers,322,dense,1.0,3.0
CT_DungeonModifiers,323,dense,1.0,30.0
CT_DungeonModifiers,324,dense,1.0,1.2
CT_DungeonModifiers,325,dense,1.0,60.0
CT_DungeonModifiers,326,dense,1.0,1.2
CT_DungeonModifiers,327,dense,1.0,1.2
CT_DungeonModifiers,328,dense,1.0,1.5
CT_DungeonModifiers,329,dense,1.0,1100.0
CT_DungeonModifiers,330,dense,1.0,800.0
CT_DungeonModifiers,331,dense,1.0,100.0
CT_DungeonModifiers,332,dense,1.0,0.016667
CT_DungeonModifiers,333,dense,1.0,20.0
CT_DungeonModifiers,334,dense,1.0,1.05
CT_DungeonModifiers,335,dense,1.0,30.0
CT_DungeonModifiers,336,dense,1.0,0.37
CT_DungeonModifiers,337,dense,1.0,3500.0
CT_DungeonModifiers,338,dense,1.0,2.0
CT_DungeonModifiers,339,dense,1.0,1000.0
CT_DungeonModifiers,340,dense,1.0,0.3
CT_DungeonModifiers,341,dense,1.0,6.0
CT_DungeonModifiers,342,dense,1.0,0.025
CT_DungeonModifiers,343,dense,1.0,1.0
CT_DungeonModifiers,344,dense,1.0,800.0
CT_DungeonModifiers,345,dense,1.0,1.0
CT_DungeonModifiers,346,dense,1.0,1728.0
CT_DungeonModifiers,347,dense,1.0,8.0
CT_DungeonModifiers,348,dense,1.0,0.2
CT_DungeonModifiers,349,dense,1.0,20.0
CT_DungeonModifiers,350,dense,1.0,8000.0
CT_DungeonModifiers,351,dense,1.0,0.5
CT_DungeonModifiers,352,dense,1.0,700.0
CT_DungeonModifiers,353,dense,1.0,72.0
CT_DungeonModifiers,354,dense,1.0,59.0
CT_DungeonModifiers,355,dense,1.0,1.05
CT_DungeonModifiers,356,dense,1.0,1.1
CT_DungeonModifiers,357,dense,1.0,0.1
CT_DungeonRewardItemTimesUpgraded,0,keyframes,0.0,1.0
CT_DungeonRewardItemTimesUpgraded,0,keyframes,1.0,2.0
CT_DungeonRewardItemTimesUpgraded,0,keyframes,2.0,2.0
CT_DungeonRewardItemTimesUpgraded,0,keyframes,3.0,3.0
CT_DungeonRewardItemTimesUpgraded,0,keyframes,4.0,3.0
CT_DungeonRewardItemTimesUpgraded,0,keyframes,5.0,4.0
CT_DungeonRewardItemTimesUpgraded,0,keyframes,6.0,4.0
CT_DungeonRewardItemTimesUpgraded,0,keyframes,7.0,5.0
CT_DungeonRewardItemTimesUpgraded,0,keyframes,8.0,0.0
CT_DungeonRewardItemTimesUpgraded,0,keyframes,9.0,2.0
CT_DungeonRewardItemTimesUpgraded,0,keyframes,10.0,2.0
CT_DungeonRewardItemTimesUpgraded,0,keyframes,11.0,3.0
CT_DungeonRewardItemTimesUpgraded,0,keyframes,12.0,3.0
CT_DungeonRewardItemTimesUpgraded,0,keyframes,13.0,4.0
CT_DungeonRewardItemTimesUpgraded,0,keyframes,14.0,4.0
CT_DungeonRewardItemTimesUpgraded,0,keyframes,15.0,5.0
CT_DungeonRewardItemTimesUpgraded,0,keyframes,16.0,0.0
CT_DungeonRewardItemTimesUpgraded,0,keyframes,17.0,2.0
CT_DungeonRewardItemTimesUpgraded,0,keyframes,18.0,2.0
CT_DungeonRewardItemTimesUpgraded,0,keyframes,19.0,3.0
CT_DungeonRewardItemTimesUpgraded,0,keyframes,20.0,3.0
CT_DungeonRewardItemTimesUpgraded,0,keyframes,21.0,4.0
CT_DungeonRewardItemTimesUpgraded,0,keyframes,22.0,4.0
CT_DungeonRewardItemTimesUpgraded,0,keyframes,23.0,5.0
CT_DungeonRewardItemTimesUpgraded,0,keyframes,24.0,0.0
CT_DungeonRewardItemTimesUpgraded,0,keyframes,25.0,2.0
CT_DungeonRewardItemTimesUpgraded,0,keyframes,26.0,2.0
CT_DungeonRewardItemTimesUpgraded,0,keyframes,27.0,3.0
CT_DungeonRewardItemTimesUpgraded,0,keyframes,28.0,3.0
CT_DungeonRewardItemTimesUpgraded,0,keyframes,29.0,4.0
CT_DungeonRewardItemTimesUpgraded,0,keyframes,30.0,4.0
CT_DungeonRewardItemTimesUpgraded,0,keyframes,31.0,5.0
CT_DungeonRewardItemTimesUpgraded,0,keyframes,32.0,0.0
CT_DungeonRewardItemTimesUpgraded,0,keyframes,33.0,2.0
CT_DungeonRewardItemTimesUpgraded,0,keyframes,36.0,2.0
CT_DungeonRewardItemTimesUpgraded,0,keyframes,37.0,3.0
CT_DungeonRewardItemTimesUpgraded,0,keyframes,41.0,3.0
CT_DungeonRewardItemTimesUpgraded,0,keyframes,42.0,4.0
CT_DungeonRewardItemTimesUpgraded,0,keyframes,150.0,4.0
CT_DungeonRewardItemTimesUpgraded,1,keyframes,0.0,1.0
CT_DungeonRewardItemTimesUpgraded,1,keyframes,1.0,2.0
CT_DungeonRewardItemTimesUpgraded,1,keyframes,2.0,2.0
CT_DungeonRewardItemTimesUpgraded,1,keyframes,3.0,3.0
CT_DungeonRewardItemTimesUpgraded,1,keyframes,4.0,3.0
CT_DungeonRewardItemTimesUpgraded,1,keyframes,5.0,4.0
CT_DungeonRewardItemTimesUpgraded,1,keyframes,6.0,4.0
CT_DungeonRewardItemTimesUpgraded,1,keyframes,7.0,5.0
CT_DungeonRewardItemTimesUpgraded,1,keyframes,8.0,5.0
CT_DungeonRewardItemTimesUpgraded,1,keyframes,9.0,2.0
CT_DungeonRewardItemTimesUpgraded,1,keyframes,10.0,2.0
CT_DungeonRewardItemTimesUpgraded,1,keyframes,11.0,3.0
CT_DungeonRewardItemTimesUpgraded,1,keyframes,12.0,3.0
CT_DungeonRewardItemTimesUpgraded,1,keyframes,13.0,4.0
CT_DungeonRewardItemTimesUpgraded,1,keyframes,14.0,4.0
CT_DungeonRewardItemTimesUpgraded,1,keyframes,15.0,5.0
CT_DungeonRewardItemTimesUpgraded,1,keyframes,16.0,5.0
CT_DungeonRewardItemTimesUpgraded,1,keyframes,17.0,2.0
CT_DungeonRewardItemTimesUpgraded,1,keyframes,18.0,2.0
CT_DungeonRewardItemTimesUpgraded,1,keyframes,19.0,3.0
CT_DungeonRewardItemTimesUpgraded,1,keyframes,20.0,3.0
CT_DungeonRewardItemTimesUpgraded,1,keyframes,21.0,4.0
CT_DungeonRewardItemTimesUpgraded,1,keyframes,22.0,4.0
CT_DungeonRewardItemTimesUpgraded,1,keyframes,23.0,5.0
CT_DungeonRewardItemTimesUpgraded,1,keyframes,24.0,5.0
CT_DungeonRewardItemTimesUpgraded,1,keyframes,25.0,2.0
CT_DungeonRewardItemTimesUpgraded,1,keyframes,26.0,2.0
CT_DungeonRewardItemTimesUpgraded,1,keyframes,27.0,3.0
CT_DungeonRewardItemTimesUpgraded,1,keyframes,28.0,3.0
CT_DungeonRewardItemTimesUpgraded,1,keyframes,29.0,4.0
CT_DungeonRewardItemTimesUpgraded,1,keyframes,30.0,4.0
CT_DungeonRewardItemTimesUpgraded,1,keyframes,31.0,5.0
CT_DungeonRewardItemTimesUpgraded,1,keyframes,32.0,5.0
CT_DungeonRewardItemTimesUpgraded,1,keyframes,33.0,2.0
CT_DungeonRewardItemTimesUpgraded,1,keyframes,36.0,2.0
CT_DungeonRewardItemTimesUpgraded,1,keyframes,37.0,3.0
CT_DungeonRewardItemTimesUpgraded,1,keyframes,41.0,3.0
CT_DungeonRewardItemTimesUpgraded,1,keyframes,42.0,4.0
CT_DungeonRewardItemTimesUpgraded,1,keyframes,150.0,4.0
CT_DungeonRewardItemTimesUpgraded,2,keyframes,0.0,1.0
CT_DungeonRewardItemTimesUpgraded,2,keyframes,2.0,1.0
CT_DungeonRewardItemTimesUpgraded,2,keyframes,3.0,2.0
CT_DungeonRewardItemTimesUpgraded,2,keyframes,4.0,2.0
CT_DungeonRewardItemTimesUpgraded,2,keyframes,5.0,3.0
CT_DungeonRewardItemTimesUpgraded,2,keyframes,6.0,3.0
CT_DungeonRewardItemTimesUpgraded,2,keyframes,7.0,4.0
CT_DungeonRewardItemTimesUpgraded,2,keyframes,8.0,4.0
CT_DungeonRewardItemTimesUpgraded,2,keyframes,9.0,1.0
CT_DungeonRewardItemTimesUpgraded,2,keyframes,10.0,1.0
CT_DungeonRewardItemTimesUpgraded,2,keyframes,11.0,2.0
CT_DungeonRewardItemTimesUpgraded,2,keyframes,12.0,2.0
CT_DungeonRewardItemTimesUpgraded,2,keyframes,13.0,3.0
CT_DungeonRewardItemTimesUpgraded,2,keyframes,14.0,3.0
CT_DungeonRewardItemTimesUpgraded,2,keyframes,15.0,4.0
CT_DungeonRewardItemTimesUpgraded,2,keyframes,16.0,4.0
CT_DungeonRewardItemTimesUpgraded,2,keyframes,17.0,1.0
CT_DungeonRewardItemTimesUpgraded,2,keyframes,18.0,1.0
CT_DungeonRewardItemTimesUpgraded,2,keyframes,19.0,2.0
CT_DungeonRewardItemTimesUpgraded,2,keyframes,20.0,2.0
CT_DungeonRewardItemTimesUpgraded,2,keyframes,21.0,3.0
CT_DungeonRewardItemTimesUpgraded,2,keyframes,22.0,3.0
CT_DungeonRewardItemTimesUpgraded,2,keyframes,23.0,4.0
CT_DungeonRewardItemTimesUpgraded,2,keyframes,24.0,4.0
CT_DungeonRewardItemTimesUpgraded,2,keyframes,25.0,1.0
CT_DungeonRewardItemTimesUpgraded,2,keyframes,26.0,1.0
CT_DungeonRewardItemTimesUpgraded,2,keyframes,27.0,2.0
CT_DungeonRewardItemTimesUpgraded,2,keyframes,28.0,2.0
CT_DungeonRewardItemTimesUpgraded,2,keyframes,29.0,3.0
CT_DungeonRewardItemTimesUpgraded,2,keyframes,30.0,3.0
CT_DungeonRewardItemTimesUpgraded,2,keyframes,31.0,4.0
CT_DungeonRewardItemTimesUpgraded,2,keyframes,32.0,4.0
CT_DungeonRewardItemTimesUpgraded,2,keyframes,33.0,1.0
CT_DungeonRewardItemTimesUpgraded,2,keyframes,36.0,1.0
CT_DungeonRewardItemTimesUpgraded,2,keyframes,37.0,2.0
CT_DungeonRewardItemTimesUpgraded,2,keyframes,41.0,2.0
CT_DungeonRewardItemTimesUpgraded,2,keyframes,42.0,3.0
CT_DungeonRewardItemTimesUpgraded,2,keyframes,150.0,3.0
CT_DungeonRewardItemTimesUpgraded,3,keyframes,0.0,0.0
CT_DungeonRewardItemTimesUpgraded,3,keyframes,6.0,0.0
CT_DungeonRewardItemTimesUpgraded,3,keyframes,7.0,1.0
CT_DungeonRewardItemTimesUpgraded,3,keyframes,8.0,1.0
CT_DungeonRewardItemTimesUpgraded,3,keyframes,9.0,0.0
CT_DungeonRewardItemTimesUpgraded,3,keyframes,14.0,0.0
CT_DungeonRewardItemTimesUpgraded,3,keyframes,15.0,1.0
CT_DungeonRewardItemTimesUpgraded,3,keyframes,16.0,1.0
CT_DungeonRewardItemTimesUpgraded,3,keyframes,17.0,0.0
CT_DungeonRewardItemTimesUpgraded,3,keyframes,22.0,0.0
CT_DungeonRewardItemTimesUpgraded,3,keyframes,23.0,1.0
CT_DungeonRewardItemTimesUpgraded,3,keyframes,24.0,1.0
CT_DungeonRewardItemTimesUpgraded,3,keyframes,25.0,0.0
CT_DungeonRewardItemTimesUpgraded,3,keyframes,30.0,0.0
CT_DungeonRewardItemTimesUpgraded,3,keyframes,31.0,1.0
CT_DungeonRewardItemTimesUpgraded,3,keyframes,32.0,1.0
CT_DungeonRewardItemTimesUpgraded,3,keyframes,33.0,2.0
CT_DungeonRewardItemTimesUpgraded,3,keyframes,36.0,2.0
CT_DungeonRewardItemTimesUpgraded,3,keyframes,37.0,3.0
CT_DungeonRewardItemTimesUpgraded,3,keyframes,41.0,3.0
CT_DungeonRewardItemTimesUpgraded,3,keyframes,42.0,4.0
CT_DungeonRewardItemTimesUpgraded,3,keyframes,150.0,4.0
CT_DungeonRewardItemTimesUpgraded,4,keyframes,0.0,0.0
CT_DungeonRewardItemTimesUpgraded,4,keyframes,6.0,0.0
CT_DungeonRewardItemTimesUpgraded,4,keyframes,7.0,1.0
CT_DungeonRewardItemTimesUpgraded,4,keyframes,8.0,0.0
CT_DungeonRewardItemTimesUpgraded,4,keyframes,14.0,0.0
CT_DungeonRewardItemTimesUpgraded,4,keyframes,15.0,1.0
CT_DungeonRewardItemTimesUpgraded,4,keyframes,16.0,0.0
CT_DungeonRewardItemTimesUpgraded,4,keyframes,22.0,0.0
CT_DungeonRewardItemTimesUpgraded,4,keyframes,23.0,1.0
CT_DungeonRewardItemTimesUpgraded,4,keyframes,24.0,0.0
CT_DungeonRewardItemTimesUpgraded,4,keyframes,30.0,0.0
CT_DungeonRewardItemTimesUpgraded,4,keyframes,31.0,1.0
CT_DungeonRewardItemTimesUpgraded,4,keyframes,32.0,0.0
CT_DungeonRewardItemTimesUpgraded,4,keyframes,33.0,2.0
CT_DungeonRewardItemTimesUpgraded,4,keyframes,36.0,2.0
CT_DungeonRewardItemTimesUpgraded,4,keyframes,37.0,3.0
CT_DungeonRewardItemTimesUpgraded,4,keyframes,41.0,3.0
CT_DungeonRewardItemTimesUpgraded,4,keyframes,42.0,4.0
CT_DungeonRewardItemTimesUpgraded,4,keyframes,150.0,4.0
CT_DungeonRewardItemTimesUpgraded,5,keyframes,0.0,8.0
CT_DungeonRewardItemTimesUpgraded,5,keyframes,7.0,8.0
CT_DungeonRewardItemTimesUpgraded,5,keyframes,8.0,0.0
CT_DungeonRewardItemTimesUpgraded,5,keyframes,9.0,8.0
CT_DungeonRewardItemTimesUpgraded,5,keyframes,15.0,8.0
CT_DungeonRewardItemTimesUpgraded,5,keyframes,16.0,0.0
CT_DungeonRewardItemTimesUpgraded,5,keyframes,17.0,8.0
CT_DungeonRewardItemTimesUpgraded,5,keyframes,23.0,8.0
CT_DungeonRewardItemTimesUpgraded,5,keyframes,24.0,0.0
CT_DungeonRewardItemTimesUpgraded,5,keyframes,25.0,8.0
CT_DungeonRewardItemTimesUpgraded,5,keyframes,31.0,8.0
CT_DungeonRewardItemTimesUpgraded,5,keyframes,32.0,0.0
CT_DungeonRewardItemTimesUpgraded,5,keyframes,33.0,8.0
CT_DungeonRewardItemTimesUpgraded,5,keyframes,150.0,8.0
CT_DungeonRewardMaxItemUpgrades,0,keyframes,0.0,8.0
CT_DungeonRewardMaxItemUpgrades,0,keyframes,7.0,8.0
CT_DungeonRewardMaxItemUpgrades,0,keyframes,8.0,0.0
CT_DungeonRewardMaxItemUpgrades,0,keyframes,9.0,8.0
CT_DungeonRewardMaxItemUpgrades,0,keyframes,15.0,8.0
CT_DungeonRewardMaxItemUpgrades,0,keyframes,16.0,0.0
CT_DungeonRewardMaxItemUpgrades,0,keyframes,17.0,8.0
CT_DungeonRewardMaxItemUpgrades,0,keyframes,23.0,8.0
CT_DungeonRewardMaxItemUpgrades,0,keyframes,24.0,0.0
CT_DungeonRewardMaxItemUpgrades,0,keyframes,25.0,8.0
CT_DungeonRewardMaxItemUpgrades,0,keyframes,31.0,8.0
CT_DungeonRewardMaxItemUpgrades,0,keyframes,32.0,0.0
CT_DungeonRewardMaxItemUpgrades,0,keyframes,33.0,8.0
CT_DungeonRewardMaxItemUpgrades,0,keyframes,150.0,8.0
CT_DungeonRewardMaxItemUpgrades,1,keyframes,0.0,8.0
CT_DungeonRewardMaxItemUpgrades,1,keyframes,150.0,8.0
CT_DungeonRewardMaxItemUpgrades,2,keyframes,0.0,8.0
CT_DungeonRewardMaxItemUpgrades,2,keyframes,150.0,8.0
CT_DungeonRewardMaxItemUpgrades,3,keyframes,0.0,0.0
CT_DungeonRewardMaxItemUpgrades,3,keyframes,6.0,0.0
CT_DungeonRewardMaxItemUpgrades,3,keyframes,7.0,8.0
CT_DungeonRewardMaxItemUpgrades,3,keyframes,8.0,8.0
CT_DungeonRewardMaxItemUpgrades,3,keyframes,9.0,0.0
CT_DungeonRewardMaxItemUpgrades,3,keyframes,14.0,0.0
CT_DungeonRewardMaxItemUpgrades,3,keyframes,15.0,8.0
CT_DungeonRewardMaxItemUpgrades,3,keyframes,16.0,8.0
CT_DungeonRewardMaxItemUpgrades,3,keyframes,17.0,0.0
CT_DungeonRewardMaxItemUpgrades,3,keyframes,22.0,0.0
CT_DungeonRewardMaxItemUpgrades,3,keyframes,23.0,8.0
CT_DungeonRewardMaxItemUpgrades,3,keyframes,24.0,8.0
CT_DungeonRewardMaxItemUpgrades,3,keyframes,25.0,0.0
CT_DungeonRewardMaxItemUpgrades,3,keyframes,30.0,0.0
CT_DungeonRewardMaxItemUpgrades,3,keyframes,31.0,8.0
CT_DungeonRewardMaxItemUpgrades,3,keyframes,150.0,8.0
CT_DungeonRewardMaxItemUpgrades,4,keyframes,0.0,8.0
CT_DungeonRewardMaxItemUpgrades,4,keyframes,7.0,8.0
CT_DungeonRewardMaxItemUpgrades,4,keyframes,8.0,0.0
CT_DungeonRewardMaxItemUpgrades,4,keyframes,9.0,8.0
CT_DungeonRewardMaxItemUpgrades,4,keyframes,15.0,8.0
CT_DungeonRewardMaxItemUpgrades,4,keyframes,16.0,0.0
CT_DungeonRewardMaxItemUpgrades,4,keyframes,17.0,8.0
CT_DungeonRewardMaxItemUpgrades,4,keyframes,23.0,8.0
CT_DungeonRewardMaxItemUpgrades,4,keyframes,24.0,0.0
CT_DungeonRewardMaxItemUpgrades,4,keyframes,25.0,8.0
CT_DungeonRewardMaxItemUpgrades,4,keyframes,31.0,8.0
CT_DungeonRewardMaxItemUpgrades,4,keyframes,32.0,0.0
CT_DungeonRewardMaxItemUpgrades,4,keyframes,33.0,8.0
CT_DungeonRewardMaxItemUpgrades,4,keyframes,150.0,8.0
CT_DungeonRewardMaxItemUpgrades,5,keyframes,0.0,8.0
CT_DungeonRewardMaxItemUpgrades,5,keyframes,7.0,8.0
CT_DungeonRewardMaxItemUpgrades,5,keyframes,8.0,0.0
CT_DungeonRewardMaxItemUpgrades,5,keyframes,9.0,8.0
CT_DungeonRewardMaxItemUpgrades,5,keyframes,15.0,8.0
CT_DungeonRewardMaxItemUpgrades,5,keyframes,16.0,0.0
CT_DungeonRewardMaxItemUpgrades,5,keyframes,17.0,8.0
CT_DungeonRewardMaxItemUpgrades,5,keyframes,23.0,8.0
CT_DungeonRewardMaxItemUpgrades,5,keyframes,24.0,0.0
CT_DungeonRewardMaxItemUpgrades,5,keyframes,25.0,8.0
CT_DungeonRewardMaxItemUpgrades,5,keyframes,31.0,8.0
CT_DungeonRewardMaxItemUpgrades,5,keyframes,32.0,0.0
CT_DungeonRewardMaxItemUpgrades,5,keyframes,33.0,8.0
CT_DungeonRewardMaxItemUpgrades,5,keyframes,150.0,8.0
CT_DungeonXPRewards,0,keyframes,0.0,100.0
CT_DungeonXPRewards,0,keyframes,1.0,115.0
CT_DungeonXPRewards,0,keyframes,2.0,132.0
CT_DungeonXPRewards,0,keyframes,3.0,152.0
CT_DungeonXPRewards,0,keyframes,4.0,175.0
CT_DungeonXPRewards,0,keyframes,5.0,201.0
CT_DungeonXPRewards,0,keyframes,6.0,231.0
CT_DungeonXPRewards,0,keyframes,7.0,266.0
CT_DungeonXPRewards,0,keyframes,8.0,306.0
CT_DungeonXPRewards,0,keyframes,9.0,352.0
CT_DungeonXPRewards,0,keyframes,10.0,405.0
CT_DungeonXPRewards,0,keyframes,11.0,465.0
CT_DungeonXPRewards,0,keyframes,12.0,535.0
CT_DungeonXPRewards,0,keyframes,13.0,615.0
CT_DungeonXPRewards,0,keyframes,14.0,708.0
CT_DungeonXPRewards,0,keyframes,15.0,814.0
CT_DungeonXPRewards,0,keyframes,16.0,936.0
CT_DungeonXPRewards,0,keyframes,17.0,1076.0
CT_DungeonXPRewards,0,keyframes,18.0,1238.0
CT_DungeonXPRewards,0,keyframes,19.0,1423.0
CT_DungeonXPRewards,0,keyframes,20.0,1637.0
CT_DungeonXPRewards,1,keyframes,0.0,200.0
CT_DungeonXPRewards,1,keyframes,1.0,230.0
CT_DungeonXPRewards,1,keyframes,2.0,265.0
CT_DungeonXPRewards,1,keyframes,3.0,304.0
CT_DungeonXPRewards,1,keyframes,4.0,350.0
CT_DungeonXPRewards,1,keyframes,5.0,402.0
CT_DungeonXPRewards,1,keyframes,6.0,463.0
CT_DungeonXPRewards,1,keyframes,7.0,532.0
CT_DungeonXPRewards,1,keyframes,8.0,612.0
CT_DungeonXPRewards,1,keyframes,9.0,704.0
CT_DungeonXPRewards,1,keyframes,10.0,809.0
CT_DungeonXPRewards,1,keyframes,11.0,930.0
CT_DungeonXPRewards,1,keyframes,12.0,1070.0
CT_DungeonXPRewards,1,keyframes,13.0,1231.0
CT_DungeonXPRewards,1,keyframes,14.0,1415.0
CT_DungeonXPRewards,1,keyframes,15.0,1627.0
CT_DungeonXPRewards,1,keyframes,16.0,1872.0
CT_DungeonXPRewards,1,keyframes,17.0,2152.0
CT_DungeonXPRewards,1,keyframes,18.0,2475.0
CT_DungeonXPRewards,1,keyframes,19.0,2846.0
CT_DungeonXPRewards,1,keyframes,20.0,3273.0
CT_GemConstants,0,dense,1.0,30.0
CT_GemConstants,1,dense,1.0,10.0
CT_GemConstants,2,dense,1.0,0.5
CT_GemConstants,3,dense,1.0,0.15
CT_GemConstants,4,dense,1.0,0.05
CT_GemConstants,5,dense,1.0,60.0
CT_GemConstants,6,dense,1.0,20.0
CT_GemConstants,7,dense,1.0,0.24
CT_GemConstants,8,dense,1.0,0.08
CT_GemConstants,9,dense,1.0,0.5
CT_GemConstants,10,dense,1.0,0.15
CT_GemConstants,11,dense,1.0,0.05
CT_GemConstants,12,dense,1.0,0.12
CT_GemConstants,13,dense,1.0,0.12
CT_GemConstants,14,dense,1.0,0.12
CT_GemConstants,15,dense,1.0,0.06
CT_GemConstants,16,dense,1.0,0.06
CT_GemConstants,17,dense,1.0,0.06
CT_GemConstants,18,dense,1.0,0.006
CT_GemConstants,19,dense,1.0,5.0
CT_GemConstants,20,dense,1.0,0.006
CT_GemConstants,21,dense,1.0,0.006
CT_GemConstants,22,dense,1.0,12.0
CT_GemConstants,23,dense,1.0,0.006
CT_GemConstants,24,dense,1.0,6000.0
CT_GemConstants,25,dense,1.0,0.006
CT_GemConstants,26,dense,1.0,5.0
CT_GemConstants,27,dense,1.0,0.006
CT_GemConstants,28,dense,1.0,0.006
CT_GemConstants,29,dense,1.0,4.0
CT_GemConstants,30,dense,1.0,0.006
CT_GemConstants,31,dense,1.0,6000.0
CT_GemConstants,32,dense,1.0,1.06
CT_GemConstants,33,dense,1.0,1.02
CT_GemConstants,34,dense,1.0,0.06
CT_GemConstants,35,dense,1.0,0.02
CT_GemConstants,36,dense,1.0,1.15
CT_GemConstants,37,dense,1.0,1.05
CT_GemConstants,38,dense,1.0,0.05
CT_GemConstants,39,dense,1.0,0.025
CT_GemConstants,40,dense,1.0,0.06
CT_GemConstants,41,dense,1.0,0.02
CT_GemConstants,42,dense,1.0,0.09
CT_GemConstants,43,dense,1.0,0.045
CT_GemConstants,44,dense,1.0,0.16
CT_GemConstants,45,dense,1.0,0.08
CT_GemConstants,46,dense,1.0,15.0
CT_GemConstants,47,dense,1.0,0.05
CT_GemConstants,48,dense,1.0,0.15
CT_GemConstants,49,dense,1.0,1500.0
CT_GemConstants,50,dense,1.0,0.06
CT_GemConstants,51,dense,1.0,0.02
CT_GemConstants,52,dense,1.0,10.0
CT_GemConstants,53,dense,1.0,0.09
CT_GemConstants,54,dense,1.0,10.0
CT_GemConstants,55,dense,1.0,0.03
CT_GemConstants,56,dense,1.0,0.06
CT_GemConstants,57,dense,1.0,0.02
CT_GemConstants,58,dense,1.0,0.04
CT_GemConstants,59,dense,1.0,0.3
CT_GemConstants,60,dense,1.0,3.0
CT_GemConstants,61,dense,1.0,0.02
CT_GemConstants,62,dense,1.0,0.15
CT_GemConstants,63,dense,1.0,3.0
CT_GemConstants,64,dense,1.0,0.021
CT_GemConstants,65,dense,1.0,2.0
CT_GemConstants,66,dense,1.0,0.007
CT_GemConstants,67,dense,1.0,2.0
CT_GemConstants,68,dense,1.0,18.0
CT_GemConstants,69,dense,1.0,6.0
CT_GemConstants,70,dense,1.0,18.0
CT_GemConstants,71,dense,1.0,0.03
CT_GemConstants,72,dense,1.0,1.5
CT_GemConstants,73,dense,1.0,0.01
CT_GemConstants,74,dense,1.0,0.003
CT_GemConstants,75,dense,1.0,0.001
CT_GemConstants,76,dense,1.0,20.0
CT_GemConstants,77,dense,1.0,6.0
CT_GemConstants,78,dense,1.0,0.76
CT_GemConstants,79,dense,1.0,0.92
CT_GemConstants,80,dense,1.0,1.09
CT_GemConstants,81,dense,1.0,1.03
CT_GemConstants,82,dense,1.0,5e-5
CT_GemConstants,83,dense,1.0,0.12
CT_GemConstants,84,dense,1.0,0.04
CT_GemConstants,85,dense,1.0,120.0
CT_GemConstants,86,dense,1.0,12.0
CT_GemConstants,87,dense,1.0,40.0
CT_GemConstants,88,dense,1.0,4.0
CT_GemConstants,89,dense,1.0,1.06
CT_GemConstants,90,dense,1.0,1.02
CT_GemConstants,91,dense,1.0,1.24
CT_GemConstants,92,dense,1.0,1.08
CT_GemConstants,93,dense,1.0,1.06
CT_GemConstants,94,dense,1.0,1.02
CT_GemConstants,95,dense,1.0,0.24
CT_GemConstants,96,dense,1.0,0.08
CT_GemConstants,97,dense,1.0,0.85
CT_GemConstants,98,dense,1.0,0.95
CT_GemConstants,99,dense,1.0,2.0
CT_GemConstants,100,dense,1.0,1.5
CT_GemConstants,101,dense,1.0,0.06
CT_GemConstants,102,dense,1.0,0.02
CT_GemConstants,103,dense,1.0,24.0
CT_GemConstants,104,dense,1.0,24.0
CT_GemConstants,105,dense,1.0,8.0
CT_GemConstants,106,dense,1.0,8.0
CT_GemConstants,107,dense,1.0,24.0
CT_GemConstants,108,dense,1.0,24.0
CT_GemConstants,109,dense,1.0,8.0
CT_GemConstants,110,dense,1.0,8.0
CT_GemConstants,111,dense,1.0,24.0
CT_GemConstants,112,dense,1.0,24.0
CT_GemConstants,113,dense,1.0,8.0
CT_GemConstants,114,dense,1.0,8.0
CT_GemConstants,115,dense,1.0,6.0
CT_GemConstants,116,dense,1.0,36.0
CT_GemConstants,117,dense,1.0,2.0
CT_GemConstants,118,dense,1.0,12.0
CT_GemConstants,119,dense,1.0,24.0
CT_GemConstants,120,dense,1.0,24.0
CT_GemConstants,121,dense,1.0,8.0
CT_GemConstants,122,dense,1.0,8.0
CT_GemDropChance,0,keyframes,0.0,0.04
CT_GemDropChance,0,keyframes,1.0,0.05
CT_GemDropChance,0,keyframes,2.0,0.06
CT_GemDropChance,0,keyframes,15.0,0.19
CT_GemDropChance,0,keyframes,16.0,0.21
CT_GemDropChance,0,keyframes,19.0,0.27
CT_GemDropChance,0,keyframes,20.0,0.29
CT_GemDropChance,0,keyframes,24.0,0.41
CT_GemDropChance,0,keyframes,26.0,0.49
CT_GemDropChance,0,keyframes,27.0,0.53
CT_GemDropChance,0,keyframes,29.0,0.63
CT_GemDropChance,0,keyframes,31.0,0.65
CT_GemDropChance,0,keyframes,32.0,0.66
CT_GemDropChance,0,keyframes,37.0,0.71
CT_GemDropChance,0,keyframes,41.0,0.75
CT_GemDropChance,0,keyframes,53.0,0.99
CT_GemDropChance,0,keyframes,54.0,1.0
CT_GemDropChance,0,keyframes,150.0,1.0
CT_GemDropChance,1,keyframes,0.0,0.0
CT_GemDropChance,1,keyframes,1.0,1.0
CT_GemDropChance,1,keyframes,150.0,1.0
CT_GemSocketDropWeights,0,keyframes,1.0,0.0
CT_GemSocketDropWeights,0,keyframes,7.0,0.0
CT_GemSocketDropWeights,0,keyframes,8.0,85.5
CT_GemSocketDropWeights,0,keyframes,9.0,84.8
CT_GemSocketDropWeights,0,keyframes,10.0,84.19
CT_GemSocketDropWeights,0,keyframes,11.0,83.5
CT_GemSocketDropWeights,0,keyframes,12.0,82.8
CT_GemSocketDropWeights,0,keyframes,13.0,82.09
CT_GemSocketDropWeights,0,keyframes,14.0,81.3
CT_GemSocketDropWeights,0,keyframes,15.0,80.4
CT_GemSocketDropWeights,0,keyframes,16.0,79.59
CT_GemSocketDropWeights,0,keyframes,17.0,78.69
CT_GemSocketDropWeights,0,keyframes,18.0,77.69
CT_GemSocketDropWeights,0,keyframes,19.0,76.8
CT_GemSocketDropWeights,0,keyframes,20.0,75.8
CT_GemSocketDropWeights,0,keyframes,21.0,74.69
CT_GemSocketDropWeights,0,keyframes,22.0,73.5
CT_GemSocketDropWeights,0,keyframes,23.0,72.4
CT_GemSocketDropWeights,0,keyframes,24.0,71.1
CT_GemSocketDropWeights,0,keyframes,25.0,69.9
CT_GemSocketDropWeights,0,keyframes,26.0,68.59
CT_GemSocketDropWeights,0,keyframes,27.0,67.09
CT_GemSocketDropWeights,0,keyframes,28.0,65.69
CT_GemSocketDropWeights,0,keyframes,29.0,64.19
CT_GemSocketDropWeights,0,keyframes,30.0,62.59
CT_GemSocketDropWeights,0,keyframes,31.0,60.9
CT_GemSocketDropWeights,0,keyframes,32.0,59.09
CT_GemSocketDropWeights,0,keyframes,33.0,57.29
CT_GemSocketDropWeights,0,keyframes,34.0,55.29
CT_GemSocketDropWeights,0,keyframes,35.0,54.8
CT_GemSocketDropWeights,0,keyframes,36.0,53.64
CT_GemSocketDropWeights,0,keyframes,37.0,52.36
CT_GemSocketDropWeights,0,keyframes,38.0,50.96
CT_GemSocketDropWeights,0,keyframes,39.0,49.42
CT_GemSocketDropWeights,0,keyframes,40.0,47.72
CT_GemSocketDropWeights,0,keyframes,41.0,45.85
CT_GemSocketDropWeights,0,keyframes,42.0,43.79
CT_GemSocketDropWeights,0,keyframes,43.0,41.53
CT_GemSocketDropWeights,0,keyframes,44.0,39.05
CT_GemSocketDropWeights,0,keyframes,45.0,36.31
CT_GemSocketDropWeights,0,keyframes,46.0,33.3
CT_GemSocketDropWeights,0,keyframes,47.0,29.99
CT_GemSocketDropWeights,0,keyframes,48.0,26.35
CT_GemSocketDropWeights,0,keyframes,49.0,22.35
CT_GemSocketDropWeights,0,keyframes,50.0,17.94
CT_GemSocketDropWeights,0,keyframes,51.0,13.1
CT_GemSocketDropWeights,0,keyframes,52.0,7.77
CT_GemSocketDropWeights,0,keyframes,150.0,7.77
CT_GemSocketDropWeights,1,keyframes,1.0,0.0
CT_GemSocketDropWeights,1,keyframes,7.0,0.0
CT_GemSocketDropWeights,1,keyframes,8.0,12.0
CT_GemSocketDropWeights,1,keyframes,12.0,14.0
CT_GemSocketDropWeights,1,keyframes,15.0,15.8
CT_GemSocketDropWeights,1,keyframes,16.0,16.4
CT_GemSocketDropWeights,1,keyframes,17.0,17.1
CT_GemSocketDropWeights,1,keyframes,18.0,17.79
CT_GemSocketDropWeights,1,keyframes,19.0,18.5
CT_GemSocketDropWeights,1,keyframes,20.0,19.2
CT_GemSocketDropWeights,1,keyframes,21.0,20.0
CT_GemSocketDropWeights,1,keyframes,22.0,20.79
CT_GemSocketDropWeights,1,keyframes,23.0,21.6
CT_GemSocketDropWeights,1,keyframes,25.0,23.4
CT_GemSocketDropWeights,1,keyframes,26.0,24.29
CT_GemSocketDropWeights,1,keyframes,29.0,27.29
CT_GemSocketDropWeights,1,keyframes,30.0,28.4
CT_GemSocketDropWeights,1,keyframes,31.0,29.6
CT_GemSocketDropWeights,1,keyframes,32.0,30.79
CT_GemSocketDropWeights,1,keyframes,33.0,32.0
CT_GemSocketDropWeights,1,keyframes,34.0,33.29
CT_GemSocketDropWeights,1,keyframes,35.0,33.6
CT_GemSocketDropWeights,1,keyframes,150.0,33.6
CT_GemSocketDropWeights,2,keyframes,1.0,0.0
CT_GemSocketDropWeights,2,keyframes,7.0,0.0
CT_GemSocketDropWeights,2,keyframes,8.0,2.5
CT_GemSocketDropWeights,2,keyframes,9.0,2.7
CT_GemSocketDropWeights,2,keyframes,10.0,2.8
CT_GemSocketDropWeights,2,keyframes,12.0,3.2
CT_GemSocketDropWeights,2,keyframes,13.0,3.3
CT_GemSocketDropWeights,2,keyframes,14.0,3.5
CT_GemSocketDropWeights,2,keyframes,15.0,3.8
CT_GemSocketDropWeights,2,keyframes,17.0,4.2
CT_GemSocketDropWeights,2,keyframes,18.0,4.5
CT_GemSocketDropWeights,2,keyframes,19.0,4.7
CT_GemSocketDropWeights,2,keyframes,21.0,5.3
CT_GemSocketDropWeights,2,keyframes,22.0,5.7
CT_GemSocketDropWeights,2,keyframes,23.0,6.0
CT_GemSocketDropWeights,2,keyframes,24.0,6.4
CT_GemSocketDropWeights,2,keyframes,25.0,6.7
CT_GemSocketDropWeights,2,keyframes,26.0,7.1
CT_GemSocketDropWeights,2,keyframes,27.0,7.6
CT_GemSocketDropWeights,2,keyframes,28.0,8.0
CT_GemSocketDropWeights,2,keyframes,31.0,9.5
CT_GemSocketDropWeights,2,keyframes,33.0,10.7
CT_GemSocketDropWeights,2,keyframes,34.0,11.4
CT_GemSocketDropWeights,2,keyframes,35.0,11.6
CT_GemSocketDropWeights,2,keyframes,36.0,12.76
CT_GemSocketDropWeights,2,keyframes,37.0,14.04
CT_GemSocketDropWeights,2,keyframes,38.0,15.44
CT_GemSocketDropWeights,2,keyframes,39.0,16.98
CT_GemSocketDropWeights,2,keyframes,40.0,18.68
CT_GemSocketDropWeights,2,keyframes,41.0,20.55
CT_GemSocketDropWeights,2,keyframes,42.0,22.61
CT_GemSocketDropWeights,2,keyframes,43.0,24.87
CT_GemSocketDropWeights,2,keyframes,44.0,27.35
CT_GemSocketDropWeights,2,keyframes,45.0,30.09
CT_GemSocketDropWeights,2,keyframes,46.0,33.1
CT_GemSocketDropWeights,2,keyframes,47.0,36.41
CT_GemSocketDropWeights,2,keyframes,48.0,40.05
CT_GemSocketDropWeights,2,keyframes,49.0,44.05
CT_GemSocketDropWeights,2,keyframes,50.0,48.46
CT_GemSocketDropWeights,2,keyframes,51.0,53.3
CT_GemSocketDropWeights,2,keyframes,52.0,58.63
CT_GemSocketDropWeights,2,keyframes,150.0,58.63
CT_GemSocketDropWeights,3,keyframes,1.0,0.0
CT_GemSocketDropWeights,3,keyframes,150.0,0.0
CT_HeroLevelToTP,0,keyframes,1.0,0.0
CT_HeroLevelToTP,0,keyframes,2.0,0.0
CT_HeroLevelToTP,0,keyframes,3.0,2.0
CT_HeroLevelToTP,0,keyframes,5.0,0.0
CT_HeroLevelToTP,0,keyframes,6.0,1.0
CT_HeroLevelToTP,0,keyframes,7.0,0.0
CT_HeroLevelToTP,0,keyframes,8.0,1.0
CT_HeroLevelToTP,0,keyframes,9.0,0.0
CT_HeroLevelToTP,0,keyframes,10.0,1.0
CT_HeroLevelToTP,0,keyframes,11.0,0.0
CT_HeroLevelToTP,0,keyframes,12.0,1.0
CT_HeroLevelToTP,0,keyframes,13.0,0.0
CT_HeroLevelToTP,0,keyframes,14.0,1.0
CT_HeroLevelToTP,0,keyframes,15.0,0.0
CT_HeroLevelToTP,0,keyframes,16.0,1.0
CT_HeroLevelToTP,0,keyframes,17.0,0.0
CT_HeroLevelToTP,0,keyframes,18.0,1.0
CT_HeroLevelToTP,0,keyframes,19.0,0.0
CT_HeroLevelToTP,0,keyframes,30.0,0.0
CT_ItemBaseCosts,0,keyframes,15.0,30.0
CT_ItemBaseCosts,0,keyframes,420.0,30.0
CT_ItemBaseCosts,1,keyframes,15.0,0.0
CT_ItemBaseCosts,1,keyframes,75.0,1.0
CT_ItemBaseCosts,1,keyframes,105.0,2.0
CT_ItemBaseCosts,1,keyframes,420.0,2.0
CT_ItemBaseCosts,2,keyframes,15.0,0.0
CT_ItemBaseCosts,2,keyframes,150.0,1.0
CT_ItemBaseCosts,2,keyframes,420.0,1.0
CT_LootBadLuckWeightScaling,0,dense,1.0,0.01
CT_LootBadLuckWeightScaling,1,dense,1.0,0.1
CT_LootBadLuckWeightScaling,2,dense,1.0,0.95
CT_LootDifficultyToBadLuckSection,0,keyframes,0.0,1.0
CT_LootDifficultyToBadLuckSection,0,keyframes,7.0,1.0
CT_LootDifficultyToBadLuckSection,0,keyframes,8.0,2.0
CT_LootDifficultyToBadLuckSection,0,keyframes,15.0,2.0
CT_LootDifficultyToBadLuckSection,0,keyframes,16.0,3.0
CT_LootDifficultyToBadLuckSection,0,keyframes,23.0,3.0
CT_LootDifficultyToBadLuckSection,0,keyframes,24.0,4.0
CT_LootDifficultyToBadLuckSection,0,keyframes,31.0,4.0
CT_LootDifficultyToBadLuckSection,0,keyframes,32.0,5.0
CT_LootDifficultyToBadLuckSection,0,keyframes,100.0,5.0
CT_MaxDungeonScore,0,keyframes,1.0,140.0
CT_MaxDungeonScore,0,keyframes,13.0,320.0
CT_MaxDungeonScore,0,keyframes,14.0,350.0
CT_MaxDungeonScore,0,keyframes,150.0,2390.0
CT_MercenaryMasteryToItemLevelDifficultySubtraction,0,keyframes,0.0,0.0
CT_MercenaryMasteryToItemLevelDifficultySubtraction,0,keyframes,1.0,1.0
CT_MercenaryMasteryToItemLevelDifficultySubtraction,0,keyframes,16.0,1.0
CT_MercenaryMasteryToItemLevelDifficultySubtraction,0,keyframes,30.0,15.0
CT_ModiferSlotDiffcultyThresholds,0,dense,1.0,1.0
CT_ModiferSlotDiffcultyThresholds,0,dense,2.0,3.0
CT_ModiferSlotDiffcultyThresholds,0,dense,3.0,5.0
CT_ModiferSlotDiffcultyThresholds,0,dense,4.0,7.0
CT_ModiferSlotDiffcultyThresholds,0,dense,5.0,9.0
CT_ModiferSlotDiffcultyThresholds,0,dense,6.0,9999.0
CT_ModiferSlotDiffcultyThresholds,0,dense,7.0,9999.0
CT_MountConstants,0,dense,1.0,2.0
CT_MountConstants,1,dense,1.0,2.0
CT_TraitNodeUpgradeCosts,0,keyframes,1.0,1000.0
CT_TraitNodeUpgradeCosts,0,keyframes,3.0,3000.0
CT_TransmutationCurrencyDropchance,0,keyframes,0.0,0.25
CT_TransmutationCurrencyDropchance,0,keyframes,1.0,0.29
CT_TransmutationCurrencyDropchance,0,keyframes,2.0,0.33
CT_TransmutationCurrencyDropchance,0,keyframes,5.0,0.45
CT_TransmutationCurrencyDropchance,0,keyframes,6.0,0.49
CT_TransmutationCurrencyDropchance,0,keyframes,14.0,0.81
CT_TransmutationCurrencyDropchance,0,keyframes,18.0,0.97
CT_TransmutationCurrencyDropchance,0,keyframes,19.0,0.0
CT_TransmutationCurrencyDropchance,0,keyframes,20.0,0.0
CT_TransmutationCurrencyDropchance,0,keyframes,24.0,0.04
CT_TransmutationCurrencyDropchance,0,keyframes,25.0,0.05
CT_TransmutationCurrencyDropchance,0,keyframes,26.0,0.06
CT_TransmutationCurrencyDropchance,0,keyframes,32.0,0.12
CT_TransmutationCurrencyDropchance,0,keyframes,40.0,0.2
CT_TransmutationCurrencyDropchance,0,keyframes,41.0,0.21
CT_TransmutationCurrencyDropchance,0,keyframes,43.0,0.23
CT_TransmutationCurrencyDropchance,0,keyframes,44.0,0.24
CT_TransmutationCurrencyDropchance,0,keyframes,60.0,0.4
CT_TransmutationCurrencyDropchance,0,keyframes,62.0,0.42
CT_TransmutationCurrencyDropchance,0,keyframes,73.0,0.53
CT_TransmutationCurrencyDropchance,0,keyframes,74.0,0.54
CT_TransmutationCurrencyDropchance,0,keyframes,79.0,0.59
CT_TransmutationCurrencyDropchance,0,keyframes,85.0,0.65
CT_TransmutationCurrencyDropchance,0,keyframes,86.0,0.66
CT_TransmutationCurrencyDropchance,0,keyframes,98.0,0.78
CT_TransmutationCurrencyDropchance,0,keyframes,99.0,0.79
CT_TransmutationCurrencyDropchance,0,keyframes,104.0,0.84
CT_TransmutationCurrencyDropchance,0,keyframes,110.0,0.9
CT_TransmutationCurrencyDropchance,0,keyframes,111.0,0.91
CT_TransmutationCurrencyDropchance,0,keyframes,116.0,0.96
CT_TransmutationCurrencyDropchance,0,keyframes,120.0,1.0
CT_TransmutationCurrencyDropchance,0,keyframes,149.0,1.0
CT_TransmutationCurrencyDropchance,1,keyframes,0.0,0.02
CT_TransmutationCurrencyDropchance,1,keyframes,3.0,0.05
CT_TransmutationCurrencyDropchance,1,keyframes,4.0,0.06
CT_TransmutationCurrencyDropchance,1,keyframes,5.0,0.08
CT_TransmutationCurrencyDropchance,1,keyframes,8.0,0.086
CT_TransmutationCurrencyDropchance,1,keyframes,12.0,0.094
CT_TransmutationCurrencyDropchance,1,keyframes,15.0,0.1
CT_TransmutationCurrencyDropchance,1,keyframes,18.0,0.106
CT_TransmutationCurrencyDropchance,1,keyframes,21.0,0.112
CT_TransmutationCurrencyDropchance,1,keyframes,22.0,0.113
CT_TransmutationCurrencyDropchance,1,keyframes,28.0,0.119
CT_TransmutationCurrencyDropchance,1,keyframes,29.0,0.12
CT_TransmutationCurrencyDropchance,1,keyframes,37.0,0.128
CT_TransmutationCurrencyDropchance,1,keyframes,38.0,0.129
CT_TransmutationCurrencyDropchance,1,keyframes,41.0,0.132
CT_TransmutationCurrencyDropchance,1,keyframes,149.0,0.132
CT_TransmutationCurrencyDropchance,2,keyframes,0.0,0.0
CT_TransmutationCurrencyDropchance,2,keyframes,8.0,0.0
CT_TransmutationCurrencyDropchance,2,keyframes,9.0,0.012
CT_TransmutationCurrencyDropchance,2,keyframes,11.0,0.016
CT_TransmutationCurrencyDropchance,2,keyframes,18.0,0.03
CT_TransmutationCurrencyDropchance,2,keyframes,20.0,0.034
CT_TransmutationCurrencyDropchance,2,keyframes,21.0,0.036
CT_TransmutationCurrencyDropchance,2,keyframes,24.0,0.039
CT_TransmutationCurrencyDropchance,2,keyframes,27.0,0.042
CT_TransmutationCurrencyDropchance,2,keyframes,28.0,0.043
CT_TransmutationCurrencyDropchance,2,keyframes,32.0,0.047
CT_TransmutationCurrencyDropchance,2,keyframes,35.0,0.05
CT_TransmutationCurrencyDropchance,2,keyframes,38.0,0.053
CT_TransmutationCurrencyDropchance,2,keyframes,41.0,0.056
CT_TransmutationCurrencyDropchance,2,keyframes,149.0,0.056
CT_TransmutationCurrencyDropchance,3,keyframes,0.0,0.0
CT_TransmutationCurrencyDropchance,3,keyframes,4.0,0.0
CT_TransmutationCurrencyDropchance,3,keyframes,5.0,0.01
CT_TransmutationCurrencyDropchance,3,keyframes,8.0,0.016
CT_TransmutationCurrencyDropchance,3,keyframes,15.0,0.03
CT_TransmutationCurrencyDropchance,3,keyframes,17.0,0.034
CT_TransmutationCurrencyDropchance,3,keyframes,21.0,0.042
CT_TransmutationCurrencyDropchance,3,keyframes,22.0,0.043
CT_TransmutationCurrencyDropchance,3,keyframes,26.0,0.047
CT_TransmutationCurrencyDropchance,3,keyframes,29.0,0.05
CT_TransmutationCurrencyDropchance,3,keyframes,32.0,0.053
CT_TransmutationCurrencyDropchance,3,keyframes,33.0,0.054
CT_TransmutationCurrencyDropchance,3,keyframes,37.0,0.058
CT_TransmutationCurrencyDropchance,3,keyframes,40.0,0.061
CT_TransmutationCurrencyDropchance,3,keyframes,41.0,0.062
CT_TransmutationCurrencyDropchance,3,keyframes,149.0,0.062
CT_TransmutationCurrencyDropchance,4,keyframes,0.0,0.0
CT_TransmutationCurrencyDropchance,4,keyframes,17.0,0.0
CT_TransmutationCurrencyDropchance,4,keyframes,18.0,0.03
CT_TransmutationCurrencyDropchance,4,keyframes,19.0,0.03
CT_TransmutationCurrencyDropchance,4,keyframes,25.0,0.0342
CT_TransmutationCurrencyDropchance,4,keyframes,26.0,0.0349
CT_TransmutationCurrencyDropchance,4,keyframes,42.0,0.0461
CT_TransmutationCurrencyDropchance,4,keyframes,43.0,0.0468
CT_TransmutationCurrencyDropchance,4,keyframes,47.0,0.0496
CT_TransmutationCurrencyDropchance,4,keyframes,48.0,0.0503
CT_TransmutationCurrencyDropchance,4,keyframes,58.0,0.0573
CT_TransmutationCurrencyDropchance,4,keyframes,59.0,0.058
CT_TransmutationCurrencyDropchance,4,keyframes,149.0,0.058
CT_TransmutationCurrencyDropchance,5,keyframes,0.0,0.0
CT_TransmutationCurrencyDropchance,5,keyframes,149.0,0.0
CT_TransmutationCurrencyDropchance,6,keyframes,0.0,0.0
CT_TransmutationCurrencyDropchance,6,keyframes,149.0,0.0
CT_TransmutationCurrencyDropchance,7,keyframes,0.0,0.02
CT_TransmutationCurrencyDropchance,7,keyframes,3.0,0.05
CT_TransmutationCurrencyDropchance,7,keyframes,4.0,0.06
CT_TransmutationCurrencyDropchance,7,keyframes,5.0,0.08
CT_TransmutationCurrencyDropchance,7,keyframes,8.0,0.086
CT_TransmutationCurrencyDropchance,7,keyframes,12.0,0.094
CT_TransmutationCurrencyDropchance,7,keyframes,15.0,0.1
CT_TransmutationCurrencyDropchance,7,keyframes,18.0,0.106
CT_TransmutationCurrencyDropchance,7,keyframes,21.0,0.112
CT_TransmutationCurrencyDropchance,7,keyframes,22.0,0.113
CT_TransmutationCurrencyDropchance,7,keyframes,28.0,0.119
CT_TransmutationCurrencyDropchance,7,keyframes,29.0,0.12
CT_TransmutationCurrencyDropchance,7,keyframes,37.0,0.128
CT_TransmutationCurrencyDropchance,7,keyframes,38.0,0.129
CT_TransmutationCurrencyDropchance,7,keyframes,41.0,0.132
CT_TransmutationCurrencyDropchance,7,keyframes,149.0,0.132
CT_TransmutationCurrencyDropchance,8,keyframes,0.0,0.0
CT_TransmutationCurrencyDropchance,8,keyframes,8.0,0.0
CT_TransmutationCurrencyDropchance,8,keyframes,9.0,0.022
CT_TransmutationCurrencyDropchance,8,keyframes,12.0,0.028
CT_TransmutationCurrencyDropchance,8,keyframes,13.0,0.03
CT_TransmutationCurrencyDropchance,8,keyframes,15.0,0.034
CT_TransmutationCurrencyDropchance,8,keyframes,21.0,0.046
CT_TransmutationCurrencyDropchance,8,keyframes,24.0,0.049
CT_TransmutationCurrencyDropchance,8,keyframes,25.0,0.05
CT_TransmutationCurrencyDropchance,8,keyframes,28.0,0.053
CT_TransmutationCurrencyDropchance,8,keyframes,29.0,0.054
CT_TransmutationCurrencyDropchance,8,keyframes,33.0,0.058
CT_TransmutationCurrencyDropchance,8,keyframes,39.0,0.064
CT_TransmutationCurrencyDropchance,8,keyframes,41.0,0.066
CT_TransmutationCurrencyDropchance,8,keyframes,149.0,0.066
CT_TransmutationCurrencyDropchance,9,keyframes,0.0,0.05
CT_TransmutationCurrencyDropchance,9,keyframes,1.0,0.06
CT_TransmutationCurrencyDropchance,9,keyframes,5.0,0.1
CT_TransmutationCurrencyDropchance,9,keyframes,11.0,0.124
CT_TransmutationCurrencyDropchance,9,keyframes,12.0,0.128
CT_TransmutationCurrencyDropchance,9,keyframes,16.0,0.144
CT_TransmutationCurrencyDropchance,9,keyframes,21.0,0.164
CT_TransmutationCurrencyDropchance,9,keyframes,22.0,0.166
CT_TransmutationCurrencyDropchance,9,keyframes,29.0,0.18
CT_TransmutationCurrencyDropchance,9,keyframes,30.0,0.182
CT_TransmutationCurrencyDropchance,9,keyframes,36.0,0.194
CT_TransmutationCurrencyDropchance,9,keyframes,37.0,0.196
CT_TransmutationCurrencyDropchance,9,keyframes,40.0,0.202
CT_TransmutationCurrencyDropchance,9,keyframes,41.0,0.204
CT_TransmutationCurrencyDropchance,9,keyframes,149.0,0.204
CT_TransmutationCurrencyDropchance,10,keyframes,0.0,0.0
CT_TransmutationCurrencyDropchance,10,keyframes,8.0,0.0
CT_TransmutationCurrencyDropchance,10,keyframes,9.0,0.052
CT_TransmutationCurrencyDropchance,10,keyframes,14.0,0.062
CT_TransmutationCurrencyDropchance,10,keyframes,15.0,0.064
CT_TransmutationCurrencyDropchance,10,keyframes,21.0,0.076
CT_TransmutationCurrencyDropchance,10,keyframes,24.0,0.079
CT_TransmutationCurrencyDropchance,10,keyframes,35.0,0.09
CT_TransmutationCurrencyDropchance,10,keyframes,36.0,0.091
CT_TransmutationCurrencyDropchance,10,keyframes,41.0,0.096
CT_TransmutationCurrencyDropchance,10,keyframes,149.0,0.096
CT_TransmutationCurrencyDropchance,11,keyframes,0.0,0.05
CT_TransmutationCurrencyDropchance,11,keyframes,7.0,0.05
CT_TransmutationCurrencyDropchance,11,keyframes,8.0,0.07
CT_TransmutationCurrencyDropchance,11,keyframes,11.0,0.076
CT_TransmutationCurrencyDropchance,11,keyframes,12.0,0.078
CT_TransmutationCurrencyDropchance,11,keyframes,15.0,0.084
CT_TransmutationCurrencyDropchance,11,keyframes,16.0,0.086
CT_TransmutationCurrencyDropchance,11,keyframes,20.0,0.094
CT_TransmutationCurrencyDropchance,11,keyframes,23.0,0.1
CT_TransmutationCurrencyDropchance,11,keyframes,26.0,0.106
CT_TransmutationCurrencyDropchance,11,keyframes,27.0,0.108
CT_TransmutationCurrencyDropchance,11,keyframes,31.0,0.116
CT_TransmutationCurrencyDropchance,11,keyframes,41.0,0.136
CT_TransmutationCurrencyDropchance,11,keyframes,42.0,0.138
CT_TransmutationCurrencyDropchance,11,keyframes,48.0,0.15
CT_TransmutationCurrencyDropchance,11,keyframes,49.0,0.152
CT_TransmutationCurrencyDropchance,11,keyframes,52.0,0.158
CT_TransmutationCurrencyDropchance,11,keyframes,59.0,0.172
CT_TransmutationCurrencyDropchance,11,keyframes,60.0,0.174
CT_TransmutationCurrencyDropchance,11,keyframes,149.0,0.174
CT_TransmutationCurrencyDropchance,12,keyframes,0.0,0.0
CT_TransmutationCurrencyDropchance,12,keyframes,2.0,0.0
CT_TransmutationCurrencyDropchance,12,keyframes,3.0,0.02
CT_TransmutationCurrencyDropchance,12,keyframes,4.0,0.02
CT_TransmutationCurrencyDropchance,12,keyframes,5.0,0.05
CT_TransmutationCurrencyDropchance,12,keyframes,21.0,0.114
CT_TransmutationCurrencyDropchance,12,keyframes,24.0,0.12
CT_TransmutationCurrencyDropchance,12,keyframes,32.0,0.136
CT_TransmutationCurrencyDropchance,12,keyframes,33.0,0.138
CT_TransmutationCurrencyDropchance,12,keyframes,39.0,0.15
CT_TransmutationCurrencyDropchance,12,keyframes,40.0,0.152
CT_TransmutationCurrencyDropchance,12,keyframes,41.0,0.154
CT_TransmutationCurrencyDropchance,12,keyframes,149.0,0.154
CT_TransmutationCurrencyDropchance,13,keyframes,0.0,0.02
CT_TransmutationCurrencyDropchance,13,keyframes,7.0,0.02
CT_TransmutationCurrencyDropchance,13,keyframes,8.0,0.05
CT_TransmutationCurrencyDropchance,13,keyframes,11.0,0.053
CT_TransmutationCurrencyDropchance,13,keyframes,12.0,0.054
CT_TransmutationCurrencyDropchance,13,keyframes,16.0,0.058
CT_TransmutationCurrencyDropchance,13,keyframes,26.0,0.068
CT_TransmutationCurrencyDropchance,13,keyframes,27.0,0.069
CT_TransmutationCurrencyDropchance,13,keyframes,33.0,0.075
CT_TransmutationCurrencyDropchance,13,keyframes,34.0,0.076
CT_TransmutationCurrencyDropchance,13,keyframes,37.0,0.079
CT_TransmutationCurrencyDropchance,13,keyframes,48.0,0.09
CT_TransmutationCurrencyDropchance,13,keyframes,49.0,0.091
CT_TransmutationCurrencyDropchance,13,keyframes,55.0,0.097
CT_TransmutationCurrencyDropchance,13,keyframes,56.0,0.098
CT_TransmutationCurrencyDropchance,13,keyframes,59.0,0.101
CT_TransmutationCurrencyDropchance,13,keyframes,60.0,0.102
CT_TransmutationCurrencyDropchance,13,keyframes,149.0,0.102
CT_TransmutationCurrencyDropchance,14,keyframes,0.0,0.0
CT_TransmutationCurrencyDropchance,14,keyframes,2.0,0.0
CT_TransmutationCurrencyDropchance,14,keyframes,3.0,0.01
CT_TransmutationCurrencyDropchance,14,keyframes,4.0,0.01
CT_TransmutationCurrencyDropchance,14,keyframes,5.0,0.02
CT_TransmutationCurrencyDropchance,14,keyframes,10.0,0.03
CT_TransmutationCurrencyDropchance,14,keyframes,21.0,0.052
CT_TransmutationCurrencyDropchance,14,keyframes,22.0,0.053
CT_TransmutationCurrencyDropchance,14,keyframes,23.0,0.054
CT_TransmutationCurrencyDropchance,14,keyframes,27.0,0.058
CT_TransmutationCurrencyDropchance,14,keyframes,37.0,0.068
CT_TransmutationCurrencyDropchance,14,keyframes,38.0,0.069
CT_TransmutationCurrencyDropchance,14,keyframes,40.0,0.071
CT_TransmutationCurrencyDropchance,14,keyframes,41.0,0.072
CT_TransmutationCurrencyDropchance,14,keyframes,149.0,0.072
CT_TransmutationCurrencyDropchance,15,keyframes,0.0,0.0
CT_TransmutationCurrencyDropchance,15,keyframes,7.0,0.0
CT_TransmutationCurrencyDropchance,15,keyframes,8.0,0.02
CT_TransmutationCurrencyDropchance,15,keyframes,19.0,0.031
CT_TransmutationCurrencyDropchance,15,keyframes,20.0,0.032
CT_TransmutationCurrencyDropchance,15,keyframes,24.0,0.036
CT_TransmutationCurrencyDropchance,15,keyframes,27.0,0.039
CT_TransmutationCurrencyDropchance,15,keyframes,30.0,0.042
CT_TransmutationCurrencyDropchance,15,keyframes,31.0,0.043
CT_TransmutationCurrencyDropchance,15,keyframes,35.0,0.047
CT_TransmutationCurrencyDropchance,15,keyframes,38.0,0.05
CT_TransmutationCurrencyDropchance,15,keyframes,41.0,0.053
CT_TransmutationCurrencyDropchance,15,keyframes,42.0,0.054
CT_TransmutationCurrencyDropchance,15,keyframes,46.0,0.058
CT_TransmutationCurrencyDropchance,15,keyframes,56.0,0.068
CT_TransmutationCurrencyDropchance,15,keyframes,57.0,0.069
CT_TransmutationCurrencyDropchance,15,keyframes,59.0,0.071
CT_TransmutationCurrencyDropchance,15,keyframes,60.0,0.072
CT_TransmutationCurrencyDropchance,15,keyframes,149.0,0.072
CT_TransmutationCurrencyDropchance,16,keyframes,0.0,0.0
CT_TransmutationCurrencyDropchance,16,keyframes,4.0,0.0
CT_TransmutationCurrencyDropchance,16,keyframes,5.0,0.01
CT_TransmutationCurrencyDropchance,16,keyframes,8.0,0.016
CT_TransmutationCurrencyDropchance,16,keyframes,15.0,0.03
CT_TransmutationCurrencyDropchance,16,keyframes,17.0,0.034
CT_TransmutationCurrencyDropchance,16,keyframes,21.0,0.042
CT_TransmutationCurrencyDropchance,16,keyframes,22.0,0.043
CT_TransmutationCurrencyDropchance,16,keyframes,26.0,0.047
CT_TransmutationCurrencyDropchance,16,keyframes,29.0,0.05
CT_TransmutationCurrencyDropchance,16,keyframes,32.0,0.053
CT_TransmutationCurrencyDropchance,16,keyframes,33.0,0.054
CT_TransmutationCurrencyDropchance,16,keyframes,37.0,0.058
CT_TransmutationCurrencyDropchance,16,keyframes,40.0,0.061
CT_TransmutationCurrencyDropchance,16,keyframes,41.0,0.062
CT_TransmutationCurrencyDropchance,16,keyframes,149.0,0.062
CT_TransmutationGoldCost,0,keyframes,0.0,20.0
CT_TransmutationGoldCost,1,keyframes,0.0,20.0
CT_TransmutationGoldCost,2,keyframes,0.0,85.0
CT_TransmutationGoldCost,3,keyframes,0.0,85.0
CT_TransmutationGoldCost,4,keyframes,0.0,175.0
CT_TransmutationGoldCost,5,keyframes,0.0,175.0
