id,applied_status_ordinal,tag,meaning
GE_BaseLogic_Disorient,0,CharacterStatus.BlockAllSkills,cannot use abilities
GE_BaseLogic_Disorient,1,CharacterStatus.Disoriented,
GE_BaseLogic_Fear,0,CharacterStatus.BlockAllSkills,cannot use abilities
GE_BlackmistShadowMinion_OnDeathExplosion_Stun,0,CharacterStatus.BlockAllSkills,cannot use abilities
GE_BlackmistShadowMinion_OnDeathExplosion_Stun,1,CharacterStatus.IgnoreMoveInput,cannot move
GE_BlackmistShadowMinion_OnDeathExplosion_Stun,2,CharacterStatus.IgnoreActionInput,cannot act
GE_BlackmistShadowMinion_OnDeathExplosion_Stun,3,CharacterStatus.IgnoreRotationInput,cannot rotate
GE_Bowguy_AimSlow,0,CustomGrantedTags.Bowguy.AimSlow,
GE_Bowguy_AoeProjectileDamage_Proc,0,CustomGrantedTags.Bowguy.AoeProjectileDamage.Proc,
GE_Bowguy_CastedProjectileDamage_Buff,0,CustomGrantedTags.Bowguy.CastedProjectileDamage.Buff,
GE_Bowguy_ChargedMoveWithDirection_Active,0,CustomGrantedTags.Bowguy.ChargedMoveWithDirection.Active,
GE_Bowguy_InstantMarkTarget_Debuff,0,CustomGrantedTags.Bowguy.InstantMarkTarget.Debuff,
GE_Bowguy_InstantSingleInterrupt_Lockout,0,Status.Silenced,
GE_Bowguy_InstantSingleInterrupt_Lockout,1,CharacterStatus.Silenced,cannot cast
GE_Bowguy_ProcHasteBuff_Buff,0,CustomGrantedTags.Bowguy.ProcHasteBuff,
GE_Bowguy_RangedAutoAttack_Proc,0,CustomGrantedTags.Bowguy.RangedAutoAttack.Proc,
GE_Bowguy_ReducedCostCooldownRecoveryBuff_SelfBuff,0,CustomGrantedTags.Bowguy.ReducedCostCooldownRecoveryBuff.Buff,
GE_Bowguy_SelfBuffForAoeProjectile_SelfBuff,0,CustomGrantedTags.Bowguy.SelfBuffForAoeProjectile,
GE_Bowguy_Talent_CastedProjectileDamage_AoeProjectileDamageEmpowered_SelfBuff,0,CustomGrantedTags.Bowguy.Talent.CastedProjectileDamage.AoeProjectileDamageEmpowered.SelfBuff,
GE_Bowguy_Talent_CastedProjectileHeavyDamage_InstantNoCooldownProc_Proc,0,CustomGrantedTags.Bowguy.Talent.CastedProjectileHeavyDamage.InstantNoCooldownProc.Proc,
GE_Bowguy_Talent_CastedProjectileHeavyDamage_StacksMoreDamageAndBounces_Proc,0,CustomGrantedTags.Bowguy.Talent.CastedProjectileHeavyDamage.StacksMoreDamageAndBounces.Proc,
GE_Bowguy_Talent_ChanneledMultiProjectileDebuff_IncomingDamage_Debuff,0,CustomGrantedTags.Bowguy.Talent.ChanneledMultiProjectileDebuff.IncomingDamage,
GE_Bowguy_Talent_ChanneledMultiProjectileDebuff_ResetCooldownAndBuff_Proc,0,CustomGrantedTags.Bowguy.Talent.ChanneledMultiProjectileDebuff.ResetCooldownAndBuff.Proc,
GE_Bowguy_TargetedAoeDamage_MainTargetBuff,0,CustomGrantedTags.Bowguy.TargetedAoeDamage.MainTarget,
GE_Bowguy_TargetedAoePull_Pull,0,CharacterStatus.BlockAllSkills,cannot use abilities
GE_Bowguy_TargetedAoePull_Pull,1,CharacterStatus.IgnoreActionInput,cannot act
GE_Bowguy_TargetedAoePull_Pull,2,CharacterStatus.IgnoreMoveInput,cannot move
GE_Bowguy_TargetedAoePull_Pull,3,CharacterStatus.IgnoreRotationInput,cannot rotate
GE_Bowguy_TargetedAoePull_Pull,4,CharacterStatus.IgnorePush,
GE_Bowguy_TargetedAoePull_Pull,5,CharacterStatus.IgnoreFallDamage,
GE_CM_BlackburnMantrader_CastedRoot_Debuff,0,CharacterStatus.Immobilized,
GE_CM_BossTroll_FinalEnrageHealth,0,Ability.Skill.BossTroll.FinalEnrageHealth,
GE_CM_BossYrsa_DamageCooldown,0,CharacterStatus.CM_BossYrsa.ScytheDamageCooldown,
GE_CM_Charged_Construct_Ghost_SelfDamageDebuff,0,Status.Untargetable,
GE_CM_Charged_Construct_Ghost_SelfDamageDebuff,1,CharacterStatus.Untargetable,
GE_CM_EarthElemental_BurrowBuff,0,Status.Untargetable,
GE_CM_EarthElemental_BurrowBuff,1,Status.Stasis,
GE_CM_EarthElemental_BurrowBuff,2,CharacterStatus.Invisible,
GE_CM_ElfInterrogator_WickedStrike_HideBuff,0,Status.Untargetable,
GE_CM_ElfInterrogator_WickedStrike_HideBuff,1,Status.Stasis,
GE_CM_ElfInterrogator_WickedStrike_HideBuff,2,CharacterStatus.Ghosted,
GE_CM_ElfInterrogator_WickedStrike_HideBuff,3,CharacterStatus.Invisible,
GE_CM_ElfInterrogator_WickedStrike_HideBuff,4,CharacterStatus.ForceHideOverheadWidget,
GE_CM_ElfInterrogator_WickedStrike_Stun,0,CharacterStatus.BlockAllSkills,cannot use abilities
GE_CM_ElfInterrogator_WickedStrike_Stun,1,CharacterStatus.IgnoreActionInput,cannot act
GE_CM_ElfInterrogator_WickedStrike_Stun,2,CharacterStatus.IgnoreMoveInput,cannot move
GE_CM_ElfInterrogator_WickedStrike_Stun,3,CharacterStatus.IgnoreRotationInput,cannot rotate
GE_CM_ElfTaskmaster_ConePull_PullDebuff,0,CharacterStatus.BlockAllSkills,cannot use abilities
GE_CM_RubiliteAurastone_Vulnerable_SelfStun,0,CharacterStatus.IgnoreMoveInput,cannot move
GE_CM_RubiliteAurastone_Vulnerable_SelfStun,1,CharacterStatus.IgnoreActionInput,cannot act
GE_CM_RubiliteAurastone_Vulnerable_SelfStun,2,CharacterStatus.IgnoreRotationInput,cannot rotate
GE_CM_RubiliteAurastone_Vulnerable_SelfStun,3,CharacterStatus.BlockAllSkills,cannot use abilities
GE_CM_RubiliteFocus_Laser_Stun,0,CharacterStatus.BlockAllSkills,cannot use abilities
GE_CM_RubiliteFocus_Laser_Stun,1,CharacterStatus.IgnoreActionInput,cannot act
GE_CM_RubiliteFocus_Laser_Stun,2,CharacterStatus.IgnoreMoveInput,cannot move
GE_CM_RubiliteFocus_Laser_Stun,3,CharacterStatus.IgnoreRotationInput,cannot rotate
GE_CM_RubiliteFocus_Vulnerable_SelfStun,0,CharacterStatus.IgnoreMoveInput,cannot move
GE_CM_RubiliteFocus_Vulnerable_SelfStun,1,CharacterStatus.IgnoreActionInput,cannot act
GE_CM_RubiliteFocus_Vulnerable_SelfStun,2,CharacterStatus.IgnoreRotationInput,cannot rotate
GE_CM_RubiliteFocus_Vulnerable_SelfStun,3,CharacterStatus.BlockAllSkills,cannot use abilities
GE_CM_RubiliteTriggerstone_Trap_Immobilize,0,CharacterStatus.IgnoreMoveInput,cannot move
GE_CM_RubiliteTriggerstone_Trap_Immobilize,1,CharacterStatus.BlockAllSkills,cannot use abilities
GE_CM_RubiliteTriggerstone_Trap_Immobilize,2,CharacterStatus.IgnoreActionInput,cannot act
GE_CM_RubiliteTriggerstone_Trap_Immobilize,3,CharacterStatus.IgnoreRotationInput,cannot rotate
GE_CM_TrollBoss_Charge_Stun,0,CharacterStatus.BlockAllSkills,cannot use abilities
GE_CM_TrollBoss_Charge_Stun,1,CharacterStatus.IgnoreMoveInput,cannot move
GE_CM_TrollBoss_Charge_Stun,2,CharacterStatus.IgnoreRotationInput,cannot rotate
GE_CM_TrollBoss_Charge_Stun,3,CharacterStatus.IgnoreActionInput,cannot act
GE_DD_Arbalist_Trap_Root,0,CharacterStatus.Immobilized,
GE_DD_DesertWarrior_Charge_Stun,0,CharacterStatus.IgnoreActionInput,cannot act
GE_DD_DesertWarrior_Charge_Stun,1,CharacterStatus.IgnoreMoveInput,cannot move
GE_DD_DesertWarrior_Charge_Stun,2,CharacterStatus.BlockAllSkills,cannot use abilities
GE_DD_DesertWarrior_Charge_Stun,3,CharacterStatus.IgnoreRotationInput,cannot rotate
GE_DM_ClockworkRat_SaveSelf,0,CharacterStatus.BlockAllSkills,cannot use abilities
GE_DM_ClockworkRat_SaveSelf,1,CharacterStatus.Immobilized,
GE_DM_ClockworkRat_SaveSelf,2,CharacterStatus.Unhittable,
GE_DM_ClockworkRat_SaveSelf,3,CharacterStatus.Uninterruptible,
GE_DM_ClockworkRat_SaveSelf,4,CharacterStatus.Unselectable,
GE_DM_ClockworkRat_SaveSelf,5,CharacterStatus.Untargetable,
GE_DM_MiniBoss_Disengaged,0,CharacterStatus.Blind,
GE_DM_MiniBoss_Disengaged,1,CharacterStatus.Deaf,
GE_DM_MiniBoss_Disengaged,2,CharacterStatus.Unhittable,
GE_DM_MiniBoss_Disengaged,3,CharacterStatus.Untargetable,
GE_DM_MiniBoss_Disengaged,4,CharacterStatus.Unsensible,
GE_DM_MiniBoss_Disengaged,5,CharacterStatus.DoNotReceiveThreadPropagation,
GE_DM_WinterGiantFriendly_BossChannelDamage_Hidden,0,CharacterStatus.Invisible,
GE_DM_WinterGiantFriendly_BossChannelDamage_Hidden,1,CharacterStatus.ForceHideOverheadWidget,
GE_DM_WinterGiantFriendly_BossChannelDamage_OutOfCombat,0,CharacterStatus.Blind,
GE_DM_WinterGiantFriendly_BossChannelDamage_OutOfCombat,1,CharacterStatus.Deaf,
GE_DM_WinterGiantFriendly_BossChannelDamage_OutOfCombat,2,CharacterStatus.DoNotReceiveThreadPropagation,
GE_DM_WinterGiantFriendly_BossChannelDamage_OutOfCombat,3,CharacterStatus.IgnoreObservedHealThreat,
GE_DM_WinterGiantFriendly_BossChannelDamage_OutOfCombat,4,CharacterStatus.Unhittable,
GE_DM_WinterGiantFriendly_BossChannelDamage_OutOfCombat,5,CharacterStatus.Unselectable,
GE_DM_WinterGiantFriendly_BossChannelDamage_OutOfCombat,6,CharacterStatus.Unsensible,
GE_DM_WinterGiantFriendly_BossChannelDamage_OutOfCombat,7,CharacterStatus.Untargetable,
GE_DM_WinterGiantFriendly_BossChannelDamage_OutOfCombat,8,CharacterStatus.IgnorePush,
GE_DM_WinterGiantFriendly_BossChannelDamage_OutOfCombat,9,CharacterStatus.IgnoreOutOfWorldBounds,
GE_DM_WinterGiantFriendly_BossChannelDamage_OutOfCombat,10,CharacterStatus.ForceHideOverheadWidget,
GE_DM_WinterGiantFriendly_BossChannelDamage_StayPut,0,CharacterStatus.IgnoreMoveInput,cannot move
GE_DM_WinterTrickster_EngageCombat_HasEngaged,0,CustomGrantedTags.DM.WinterTrickster.HasEngaged,
GE_DM_WinterWitch_CastAoeImmobalize_ImmobalizeDebuff,0,CharacterStatus.Immobilized,
GE_DM_WinterWitch_CastSelfAbsorbHot_Buff,0,CharacterStatus.Uninterruptible,
GE_DM_WinterWitch_EngageCombat_HasEngaged,0,CustomGrantedTags.DM.WinterWitch.HasEngaged,
GE_DR_BarbedRoot_ChanneledAoe_ActiveTag,0,CustomGrantedTags.Enemies.AbilityActive,
GE_DR_BarbedRoot_Grip_Immobilize,0,CharacterStatus.BlockAllSkills,cannot use abilities
GE_DR_BarbedRoot_Grip_Immobilize,1,CharacterStatus.IgnoreActionInput,cannot act
GE_DR_BarbedRoot_Grip_Immobilize,2,CharacterStatus.IgnoreMoveInput,cannot move
GE_DR_BarbedRoot_Grip_Immobilize,3,CharacterStatus.IgnoreFallDamage,
GE_DR_BarbedRoot_Grip_Immobilize,4,CharacterStatus.IgnoreRotationInput,cannot rotate
GE_DR_BarbedRoot_Grip_Immobilize,5,CharacterStatus.Immobilized,
GE_DR_BloodfangMauler_MarkedByJump,0,CustomAssetTags.DR.Mauler.MarkedByJump,
GE_DR_BossCultLeader_BeamHeroDebuff_DamageIncrease,0,GameplayEffect.DR_BossCultLeader.SoakBeam.SingleTargetDamage,
GE_DR_BossCultLeader_BeamNPCDebuff_DamageIncrease,0,GameplayEffect.DR_BossCultLeader.SoakBeam.SingleTargetDamage,
GE_DR_BossCultLeader_BloodPool_SelfBuff,0,CustomAssetTags.DR.BossCultLeader.BloodPool.SelfBuff,
GE_DR_BossCultLeader_Grip_Immobilize,0,CharacterStatus.BlockAllSkills,cannot use abilities
GE_DR_BossCultLeader_Grip_Immobilize,1,CharacterStatus.IgnoreActionInput,cannot act
GE_DR_BossCultLeader_Grip_Immobilize,2,CharacterStatus.IgnoreMoveInput,cannot move
GE_DR_BossCultLeader_Grip_Immobilize,3,CharacterStatus.IgnoreFallDamage,
GE_DR_BossCultLeader_Grip_Immobilize,4,CharacterStatus.IgnoreRotationInput,cannot rotate
GE_DR_BossCultLeader_Grip_Immobilize,5,CharacterStatus.Immobilized,
GE_DR_BossCultLeader_Grip_SingleInstantPullNPC,0,CharacterStatus.BlockAllSkills,cannot use abilities
GE_DR_BossCultLeader_Grip_SingleInstantPullNPC,1,CharacterStatus.IgnoreActionInput,cannot act
GE_DR_BossCultLeader_Grip_SingleInstantPullNPC,2,CharacterStatus.IgnoreMoveInput,cannot move
GE_DR_BossCultLeader_Grip_SingleInstantPullNPC,3,CharacterStatus.IgnoreRotationInput,cannot rotate
GE_DR_BossCultLeader_Grip_SingleInstantPullNPC,4,CharacterStatus.IgnorePush,
GE_DR_BossCultLeader_Grip_SingleInstantPullNPC,5,CharacterStatus.IgnoreFallDamage,
GE_DR_BossDemonPlant_Dormant,0,CharacterStatus.Untargetable,
GE_DR_BossDemonPlant_Dormant,1,CharacterStatus.Unhittable,
GE_DR_BossDemonPlant_Dormant,2,CharacterStatus.ForceHideOverheadWidget,
GE_DR_BossDemonPlant_Dormant,3,CharacterStatus.Blind,
GE_DR_BossDemonPlant_Dormant,4,CharacterStatus.Deaf,
GE_DR_BossDemonPlant_Dormant,5,CharacterStatus.Immobilized,
GE_DR_BossDemonPlant_Dormant,6,CharacterStatus.Unselectable,
GE_DR_BossDemonPlant_Dormant,7,CharacterStatus.DoNotReceiveThreadPropagation,
GE_DR_BossDemonPlant_WakeUpAdds_SelfDebuff,0,CharacterStatus.BlockAllSkills,cannot use abilities
GE_DR_BossDemonPlant_WakeUpAdds_SelfDebuff,1,CharacterStatus.IgnoreActionInput,cannot act
GE_DR_BossDemonPlant_WakeUpAdds_SelfDebuff,2,CharacterStatus.IgnoreMoveInput,cannot move
GE_DR_BossDemonPlant_WakeUpAdds_SelfDebuff,3,CharacterStatus.IgnoreRotationInput,cannot rotate
GE_DR_BossGateWizard_FootballFromPlayer_Stun,0,CharacterStatus.IgnoreActionInput,cannot act
GE_DR_BossGateWizard_FootballFromPlayer_Stun,1,CharacterStatus.IgnoreMoveInput,cannot move
GE_DR_BossGateWizard_FootballFromPlayer_Stun,2,CharacterStatus.BlockAllSkills,cannot use abilities
GE_DR_BossGateWizard_FootballFromPlayer_Stun,3,CharacterStatus.IgnoreRotationInput,cannot rotate
GE_DR_BossSummonedDemon_LeapSlam_InAir,0,CharacterStatus.Invisible,
GE_DR_BossSummonedDemon_LeapSlam_InAir,1,CharacterStatus.ForceHideOverheadWidget,
GE_DR_Ritualist_ImmuneBuff,0,CharacterStatus.Untargetable,
GE_DR_Ritualist_ImmuneBuff,1,CharacterStatus.Unselectable,
GE_DR_Ritualist_ImmuneBuff,2,CharacterStatus.ForceHideOverheadWidget,
GE_DR_RuinsLasher_PassiveAOEPools_Dot,0,Event.Debuff.CorruptedBlood,
GE_DR_Slaughtervine_Dormant,0,CharacterStatus.Untargetable,
GE_DR_Slaughtervine_Dormant,1,CharacterStatus.Unhittable,
GE_DR_Slaughtervine_Dormant,2,CharacterStatus.ForceHideOverheadWidget,
GE_DR_Slaughtervine_Dormant,3,AIPhase.DR.Slaughtervine.Dormant,
GE_DR_Slaughtervine_Dormant,4,CharacterStatus.Blind,
GE_DR_Slaughtervine_Dormant,5,CharacterStatus.Deaf,
GE_DR_Slaughtervine_Dormant,6,CharacterStatus.Immobilized,
GE_DR_Slaughtervine_Dormant,7,CharacterStatus.Unselectable,
GE_DR_Slaughtervine_Dormant,8,CharacterStatus.DoNotReceiveThreadPropagation,
GE_DR_Slaughtervine_Dormant,9,Significance.Client.Force.Lowest,
GE_DR_Slaughtervine_Dormant,10,Significance.Server.Force.Lowest,
GE_DungeonModifier_ColdSnap_Root,0,CharacterStatus.Immobilized,
GE_DungeonModifier_ColdSnap_Stun,0,CharacterStatus.BlockAllSkills,cannot use abilities
GE_DungeonModifier_ColdSnap_Stun,1,CharacterStatus.IgnoreMoveInput,cannot move
GE_DungeonModifier_ColdSnap_Stun,2,CharacterStatus.IgnoreRotationInput,cannot rotate
GE_DungeonModifier_MeteorRain_Fragment_Stun,0,CharacterStatus.BlockAllSkills,cannot use abilities
GE_DungeonModifier_MeteorRain_Fragment_Stun,1,CharacterStatus.IgnoreMoveInput,cannot move
GE_DungeonModifier_MeteorRain_Fragment_Stun,2,CharacterStatus.IgnoreRotationInput,cannot rotate
GE_DungeonModifier_MeteorRain_Fragment_Stun,3,CharacterStatus.IgnoreActionInput,cannot act
GE_DungeonModifier_MeteorRain_Meteor_Stun,0,CharacterStatus.BlockAllSkills,cannot use abilities
GE_DungeonModifier_MeteorRain_Meteor_Stun,1,CharacterStatus.IgnoreMoveInput,cannot move
GE_DungeonModifier_MeteorRain_Meteor_Stun,2,CharacterStatus.IgnoreRotationInput,cannot rotate
GE_DungeonModifier_MeteorRain_Meteor_Stun,3,CharacterStatus.IgnoreActionInput,cannot act
GE_DungeonModifier_StormShield_ShieldBuff_Link,0,CustomGrantedTags.DungeonModifier.StormShield.Link,
GE_DungeonModifier_Truesight_Truesight,0,CustomAssetTags.ST.BossArbiter.GiveTruesight.Truesight,
GE_DungeonModifier_Truesight_Truesight_Duration,0,CustomAssetTags.ST.BossArbiter.GiveTruesight.Truesight,
GE_DungeonModifiers_PathFinder_Buff_Stacker,0,CustomGrantedTags.DungeonModifier.PathFinder.Buff,
GE_DungeonModifiers_PathFinder_DebuffIcon,0,CustomGrantedTags.DungeonModifier.PathFinder.Debuff,
GE_EM_BossVaerith_BuffTroll_Buff,0,CustomAssetTags.EM.BossVaerith.BuffTroll.Buff,
GE_EM_BossVaerith_Immune,0,CharacterStatus.Unhittable,
GE_EM_BossVaerith_Immune,1,CharacterStatus.Untargetable,
GE_EM_BossVaerith_Levitate,0,CharacterStatus.Ghosted,
GE_EM_BossVaerith_OnTrollDeathFlyAway_Levitate,0,Significance.Server.Force.Highest,
GE_EM_BossVaerith_OnTrollDeathFlyAway_Levitate,1,Significance.Client.Force.Highest,
GE_EM_BossVaerith_OnTrollDeathFlyAway_Levitate,2,CharacterStatus.Ghosted,
GE_EM_BossVaerith_OnTrollDeathFlyAway_Levitate,3,CharacterStatus.Blind,
GE_EM_BossVaerith_OnTrollDeathFlyAway_Levitate,4,CharacterStatus.Deaf,
GE_Environmental_IceColdWater_Slow,0,CustomAssetTags.Environment.IceColdWater,
GE_Environmental_SpecialFallDamage,0,CharacterStatus.IgnoreFallDamage,
GE_FK_BossElfDragon_BlockFierySoakEffect,0,CustomGrantedTags.FK.BossElfDragon.BlockFierySoakActivation,
GE_FK_BossElfDragon_DashTargetDebuff,0,Status.FK_BossElfDragon.DashTarget,
GE_FK_BossElfDragon_KnockbackConeOrRadialSuckIn_PullDebuff,0,CharacterStatus.BlockAllSkills,cannot use abilities
GE_FK_BossElfDragon_KnockbackConeOrRadialSuckIn_PullDebuff,1,CharacterStatus.Silenced,cannot cast
GE_FK_BossElfDragon_KnockbackConeOrRadialSuckIn_PullDebuff,2,CharacterStatus.Immobilized,
GE_FK_BossElfDragon_MultiDash_PreferNonTank,0,CustomAssetTags.FK.BossElfDragon.MultiDash.PreferNonTank,
GE_FK_BossFreezingWaterLord_FreezingCone_Freeze,0,CharacterStatus.Immobilized,
GE_FK_BossFreezingWaterLord_GreaterWaterNova_Dot_Debuff,0,CharacterStatus.BlockAllSkills,cannot use abilities
GE_FK_BossFreezingWaterLord_GreaterWaterNova_Dot_Debuff,1,CharacterStatus.IgnoreMoveInput,cannot move
GE_FK_BossFreezingWaterLord_GreaterWaterNova_Dot_Debuff,2,CharacterStatus.IgnoreRotationInput,cannot rotate
GE_FK_BossFreezingWaterLord_GreaterWaterNova_Dot_Debuff,3,CharacterStatus.IgnoreActionInput,cannot act
GE_FK_BossFreezingWaterLord_GreaterWaterNova_Dot_Debuff,4,Status.FK_BossFreezingWaterLord.WaterSlow,
GE_FK_BossFreezingWaterLord_IceSoak_IncreasedDamageDebuff,0,Status.FK_BossFreezingWaterLord.IceSoakDamageDebuff,
GE_FK_BossRangerCaptain_IceTrap_Root,0,CharacterStatus.Immobilized,
GE_FK_BossRangerCaptain_LeapCharge,0,Status.FK_BossRangerCaptain.LeapCharge,
GE_FK_Elf_Ranger_IceTrap_Root,0,CharacterStatus.Immobilized,
GE_FM_Slaver_Grip_Immobilize,0,CharacterStatus.BlockAllSkills,cannot use abilities
GE_FM_Slaver_Grip_Immobilize,1,CharacterStatus.IgnoreActionInput,cannot act
GE_FM_Slaver_Grip_Immobilize,2,CharacterStatus.IgnoreMoveInput,cannot move
GE_FM_Slaver_Grip_Immobilize,3,CharacterStatus.IgnoreFallDamage,
GE_FM_Slaver_Grip_Immobilize,4,CharacterStatus.IgnoreRotationInput,cannot rotate
GE_FM_Slaver_Grip_Immobilize,5,CharacterStatus.Immobilized,
GE_Finesse_BasicToIncreasedPower,0,CustomGrantedTags.Finesse.BasicToIncreasedPower.Proc,
GE_Finnese_StartWithSpiritPoints_HasBeenApplied,0,CustomGrantedTags.Finesse.StartWithSpiritPoints.HasBeenApplied,
GE_Firemage_CastedDotDetonate_CustomGlobalCooldown,0,Cooldown.Global,
GE_Firemage_CastedSingleDot_Dot,0,CustomGrantedTags.Firemage.Dot.Duplicatable,
GE_Firemage_CastedSingleHeavyDot_Dot,0,CustomGrantedTags.Firemage.Dot.Duplicatable,
GE_Firemage_ChanneledForwardAoeDamage_Dot,0,CustomGrantedTags.Firemage.Dot,
GE_Firemage_FireFrog_Dot,0,CustomGrantedTags.Firemage.Dot,
GE_Firemage_InstantDoubleDot_Buff,0,CustomGrantedTags.Firemage.Talent.CastedDotDetonate.InstantCastedSingleDot.Proc,
GE_Firemage_InstantSingleInterrupt_Lockout,0,Status.Silenced,
GE_Firemage_InstantSingleInterrupt_Lockout,1,CharacterStatus.Silenced,cannot cast
GE_Firemage_InstantSingleTargetDot_Dot,0,CustomGrantedTags.Firemage.Dot,
GE_Firemage_PlacedProjectileAoe_DirectDamageBased_Dot,0,CustomGrantedTags.Firemage.Dot,
GE_Firemage_PlacedProjectileAoe_Talent_CastedDotBoostProjectileBonusBuff,0,CustomGrantedTags.Firemage.Talent.CastedDotBoostProjectile.BonusBuff,
GE_Firemage_Proc_FreeCastedSingleDot,0,CustomGrantedTags.Firemage.FreeCastedSingleDot,
GE_Firemage_Talent_CastedDotBoostProjectile_IncreasedCritChance_Proc,0,CustomGrantedTags.Firemage.Talent.CastedDotBoostProjectile.IncreasedCritChance.Proc,
GE_Firemage_Talent_CastedDotDetonate_FreeProc,0,CustomGrantedTags.Firemage.Talent.CastedDotDetonate.FreeProc,
GE_Firemage_Talent_CastedPlacedAoe_DamageBasedDot_Dot,0,CustomGrantedTags.Firemage.Dot,
GE_Firemage_Talent_CastedPlacedAoe_StunAndCooldownReduction_Stun,0,CharacterStatus.IgnoreActionInput,cannot act
GE_Firemage_Talent_CastedPlacedAoe_StunAndCooldownReduction_Stun,1,CharacterStatus.IgnoreMoveInput,cannot move
GE_Firemage_Talent_CastedPlacedAoe_StunAndCooldownReduction_Stun,2,CharacterStatus.BlockAllSkills,cannot use abilities
GE_Firemage_Talent_CastedPlacedAoe_StunAndCooldownReduction_Stun,3,CharacterStatus.IgnoreRotationInput,cannot rotate
GE_Firemage_Talent_PlacedProjectileAoe_ResetCooldownDamageBuff,0,CustomGrantedTags.Firemage.Talent.PlacedProjectileAoe.ResetCooldownDamageBuff,
GE_Firemage__Talent_CastedDotBoostProjectile_DirectDamageBased_Dot,0,CustomGrantedTags.Firemage.Dot,
GE_GemBonus_CriticalChanceHasteExpertiseAndSpiritBonusMedium,0,CustomGrantedTags.GemBonus.CriticalChanceHasteExpertiseAndSpiritBonus.Buff,
GE_GemBonus_CriticalChanceHasteExpertiseAndSpiritBonusSmall,0,CustomGrantedTags.GemBonus.CriticalChanceHasteExpertiseAndSpiritBonus.Buff,
GE_GemBonus_ReducedSpiritAbilityCostMedium,0,CustomGrantedTags.GemBonus.ReducedSpiritAbilityCost.Medium,
GE_GemBonus_ReducedSpiritAbilityCostSmall,0,CustomGrantedTags.GemBonus.ReducedSpiritAbilityCost.Small,
GE_GlobalCooldown,0,Cooldown.Global,
GE_Gunde_AoeDamageAndStun_Stun,0,CharacterStatus.IgnoreActionInput,cannot act
GE_Gunde_AoeDamageAndStun_Stun,1,CharacterStatus.IgnoreMoveInput,cannot move
GE_Gunde_AoeDamageAndStun_Stun,2,CharacterStatus.BlockAllSkills,cannot use abilities
GE_Gunde_AoeDamageAndStun_Stun,3,CharacterStatus.IgnoreRotationInput,cannot rotate
GE_Gunde_BoostedDotDamage_TargetDebuff,0,CustomGrantedTags.Gunde.BoostedDotDamage,
GE_Gunde_DotTransfer_SelfBuff,0,CustomGrantedTags.Gunde.SavedDotDamage.SelfBuff,
GE_Gunde_DurationalAoeDotAndBuff_SelfBuff,0,CustomGrantedTags.Gunde.DurationalAoeDotAndBuff.SelfBuff,
GE_Gunde_ExtraDotDamageBuff_SelfBuff,0,CustomGrantedTags.Gunde.ExtraDotDamageBuff,
GE_Gunde_HealingStance,0,CustomGrantedTags.Gunde.HealingStance,
GE_Gunde_HealthAndBleedSelfBuff_SelfBuff,0,CustomGrantedTags.Gunde.HealthAndBleedSelfBuff,
GE_Gunde_PerTargetAccumulatedBleed,0,CustomGrantedTags.Gunde.PerTargetAccumulatedBleed,
GE_Gunde_SingleInstantPullEnemy_Pull,0,CharacterStatus.BlockAllSkills,cannot use abilities
GE_Gunde_SingleInstantPullEnemy_Pull,1,CharacterStatus.IgnoreActionInput,cannot act
GE_Gunde_SingleInstantPullEnemy_Pull,2,CharacterStatus.IgnoreMoveInput,cannot move
GE_Gunde_SingleInstantPullEnemy_Pull,3,CharacterStatus.IgnoreRotationInput,cannot rotate
GE_Gunde_SingleInstantPullEnemy_Pull,4,CharacterStatus.IgnorePush,
GE_Gunde_SingleInstantPullEnemy_Pull,5,CharacterStatus.IgnoreFallDamage,
GE_Gunde_SingleTargetInterrupt_Lockout,0,Status.Silenced,
GE_Gunde_SingleTargetInterrupt_Lockout,1,CharacterStatus.Silenced,cannot cast
GE_Gunde_SingleTargetPull_PullActivator,0,CharacterStatus.BlockAllSkills,cannot use abilities
GE_Gunde_SingleTargetPull_PullActivator,1,CharacterStatus.IgnoreActionInput,cannot act
GE_Gunde_SingleTargetPull_PullActivator,2,CharacterStatus.IgnoreMoveInput,cannot move
GE_Gunde_SingleTargetPull_PullActivator,3,CharacterStatus.IgnoreRotationInput,cannot rotate
GE_Gunde_SingleTargetPull_PullActivator,4,CharacterStatus.IgnorePush,
GE_Gunde_SingleTargetPull_PullActivator,5,CharacterStatus.IgnoreFallDamage,
GE_Gunde_Talent_BasicSingleTargetMelee_BleedProc_Proc,0,CustomGrantedTags.Gunde.Talent.BasicSingleTargetMelee.BleedProc.Proc,
GE_Gunde_Talent_DashAttack_EmpoweredAbilities_Proc,0,CustomGrantedTags.Gunde.Talent.DashAttack.EmpoweredAbilities.Proc,
GE_Gunde_Talent_DotTransfer_InstantAoeWithBuff_DamageAndOrbs_Proc,0,CustomGrantedTags.Gunde.Talent.DotTransfer.InstantAoeWithBuff.DamageAndOrbs.Proc,
GE_Gunde_Talent_HeavyMeleeDotBoost_GuaranteedSpiritProcBuff__Proc,0,CustomGrantedTags.Gunde.Talent.HeavyMeleeDotBoost.AbilityCommitToSpiritRefund.Proc,
GE_Gunde_Talent_InstantAoeWithBuff_Empowered_Proc,0,CustomGrantedTags.Gunde.Talent.InstantAoeWithBuff.Empowered,
GE_Gunde_Talent_TargetedAoeProjectile_Empowered_Proc,0,CustomGrantedTags.Gunde.Talent.TargetedAoeProjectile.Empowered,
GE_IC_Assassin_WickedStrike_HideBuff,0,Status.Untargetable,
GE_IC_Assassin_WickedStrike_HideBuff,1,Status.Stasis,
GE_IC_Assassin_WickedStrike_HideBuff,2,CharacterStatus.Ghosted,
GE_IC_Assassin_WickedStrike_HideBuff,3,CharacterStatus.ForceHideOverheadWidget,
GE_IC_Assassin_WickedStrike_HideBuff,4,CharacterStatus.Invisible,
GE_IC_Assassin_WickedStrike_HideBuff,5,CharacterStatus.Unselectable,
GE_IC_Assassin_WickedStrike_Stun,0,CharacterStatus.BlockAllSkills,cannot use abilities
GE_IC_Assassin_WickedStrike_Stun,1,CharacterStatus.IgnoreActionInput,cannot act
GE_IC_Assassin_WickedStrike_Stun,2,CharacterStatus.IgnoreMoveInput,cannot move
GE_IC_Assassin_WickedStrike_Stun,3,CharacterStatus.IgnoreRotationInput,cannot rotate
GE_IC_BossMagistrate_BigStun_Stun,0,CharacterStatus.BlockAllSkills,cannot use abilities
GE_IC_BossMagistrate_BigStun_Stun,1,CharacterStatus.IgnoreMoveInput,cannot move
GE_IC_BossMagistrate_BigStun_Stun,2,CharacterStatus.IgnoreRotationInput,cannot rotate
GE_IC_BossMagistrate_KnockbackCone_Root,0,CharacterStatus.Immobilized,
GE_IC_GlacialSprite_PassiveAOEPools_Debuff,0,Event.Debuff.CorruptedBlood,
GE_IC_GreaterIceElemental_BurrowBuff,0,CharacterStatus.Unsensible,
GE_IC_GreaterIceElemental_BurrowBuff,1,CharacterStatus.Uninterruptible,
GE_IC_GreaterIceElemental_BurrowBuff,2,CharacterStatus.Unhittable,
GE_IC_GreaterIceElemental_BurrowBuff,3,CharacterStatus.Untargetable,
GE_IC_GreaterIceElemental_BurrowBuff,4,CharacterStatus.IgnoreOutOfWorldBounds,
GE_IC_GreaterIceElemental_Upheaval_VanishEffect,0,CharacterStatus.ForceHideOverheadWidget,
GE_IC_GreaterIceElemental_Upheaval_VanishEffect,1,CharacterStatus.Unselectable,
GE_IC_GreaterIceElemental_Upheaval_VanishEffect,2,CharacterStatus.Untargetable,
GE_IC_Healer_ChannelMultiTargetHeal_HasteBuff,0,Ability.Skill.IC.Healer.HasteHealBuff,
GE_IC_Healer_ChanneledMultiTargetHeal_HealBuff,0,Ability.Skill.IC.Healer.HasteHealBuff,
GE_IC_Healer_TwoTargetDot_Damage,0,Ability.Skill.IC.Healer.TwoTargetDot,
GE_Ink_AoeAttack_Activated,0,CustomGrantedTags.Ink.AoeAttack.Active,
GE_Ink_AoeFear_Fear,0,CustomGrantedTags.Ink.AoeFear.Active,
GE_Ink_AutoAttackBuff_Buff,0,CustomGrantedTags.Ink.AutoAttackBuff,
GE_Ink_ChargedBuff_Buff,0,CustomGrantedTags.Ink.ChargedBuff,
GE_Ink_CostReductionBuff_SelfBuff,0,CustomGrantedTags.Ink.CostReductionBuff.SelfBuff,
GE_Ink_EnhancedChargedBuff_PulsatingSingleDamage_SelfBuff,0,CustomGrantedTags.Ink.ChargedBuff,
GE_Ink_EnhancedChargedBuff_PulsatingSingleDamage_SelfBuff,1,CustomGrantedTags.Ink.EnhancedChargedBuff,
GE_Ink_MeleeInterrupt_Lockout,0,Status.Silenced,
GE_Ink_MeleeInterrupt_Lockout,1,CharacterStatus.Silenced,cannot cast
GE_Ink_SecondChanceSingleTargetDamage_Proc,0,CustomGrantedTags.Ink.SecondChanceSingleTargetAttack,
GE_Ink_SwingTimerHitWindow,0,CustomGrantedTags.Ink.SwingTimer.HitTimerActive,
GE_Ink_Talent_AutoAttackBuff_AlwaysHitWindowBuff_Buff,0,Talents.Ink.AutoAttackBuff.AlwaysHitWindowBuff,
GE_Ink_Talent_ChanceIncreasedSpenderDamage_AoeAttack_Proc,0,CustomGrantedTags.Ink.Talent.ChanceIncreasedSpenderDamage.AoeAttackProc,
GE_Ink_Talent_ChanceIncreasedSpenderDamage_HeavySingleTargetAttack_Proc,0,CustomGrantedTags.Ink.Talent.ChanceIncreasedSpenderDamage.HeavySingleTargetAttackProc,
GE_Ink_Talent_IncreasedAttackSpeed,0,CustomGrantedTags.Ink.Talent.PassiveAttackSpeedBonus,
GE_Ink_Talent_LowHealthSingleTargetResourceDamage_ChanceActiveOnCommit_Proc,0,CustomGrantedTags.Ink.Talent.LowHealthSingleTargetResourceDamage.ChanceActiveOnCommit.Proc,
GE_JS_TutorialTroll_PassiveAOEPools_Dot,0,Event.Debuff.CorruptedBlood,
GE_Lisa_InstantSelfBuff_SelfBuff,0,CustomGrantedTags.Lisa.InstantSelfBuff.SelfBuff,
GE_Lisa_InstantSingleTargetDamageAndDot_Dot,0,CustomGrantedTags.Lisa.InstantSingleTargetDamageAndDot.Dot,
GE_Lisa_PauseResourcesAndPartyHealth_SelfBuff,0,CustomGrantedTags.Lisa.PauseResourcesAndPartyHealth.SelfBuff,
GE_Lisa_SpiritRefund_GuaranteedSpiritProcBuff__Proc,0,CustomGrantedTags.Lisa.SpiritRefund.NextSpenderFreeProc,
GE_Lisa_Stagger_Attributes,0,CustomGrantedTags.Lisa.Stagger,
GE_Lisa_Talent_CastedProjectileDamageIncreaseDebuff_AbilityDamageIncrease_Proc,0,CustomGrantedTags.Lisa.Talent.CastedProjectileDamageIncreaseDebuff.AbilityDamageIncrease.Proc,
GE_Lisa_Talent_CastedProjectileDamageIncreaseDebuff_DamageAbilityBuff_Buff,0,CustomGrantedTags.Lisa.Talent.CastedProjectileDamageIncreaseDebuff.DamageAbilityBuff.Buff,
GE_Lisa_Talent_CastedProjectileDamageIncreaseDebuff_DamageAbilityBuff_Stun,0,CharacterStatus.IgnoreActionInput,cannot act
GE_Lisa_Talent_CastedProjectileDamageIncreaseDebuff_DamageAbilityBuff_Stun,1,CharacterStatus.IgnoreMoveInput,cannot move
GE_Lisa_Talent_CastedProjectileDamageIncreaseDebuff_DamageAbilityBuff_Stun,2,CharacterStatus.Immobilized,
GE_Lisa_Talent_CastedProjectileDamageIncreaseDebuff_DamageAbilityBuff_Stun,3,CharacterStatus.IgnoreRotationInput,cannot rotate
GE_Lisa_Talent_CastedProjectileDamageIncreaseDebuff_DamageAbilityBuff_Stun,4,CharacterStatus.BlockAllSkills,cannot use abilities
GE_Lisa_Talent_CastedSingleTargetProjectile_CastedHealFromPreviousDamageProc_Proc,0,CustomGrantedTags.Lisa.Talent.CastedSingleTargetProjectile.CastedHealFromPreviousDamageProc.Proc,
GE_Lisa_Talent_ChanneledHealOrDamageProjectiles_Proc,0,CustomGrantedTags.Lisa.Talent.ChanneledHealOrDamageProjectiles.Empowered.Proc,
GE_Lisa_Talent_ResourceThresholdBuffs_DamageIncrease,0,CustomGrantedTags.Lisa.Talent.ResourceThresholdBuffs.DamageIncrease,
GE_Lisa_Talent_ResourceThresholdBuffs_DamageReduction,0,CustomGrantedTags.Lisa.Talent.ResourceThresholdBuffs.DamageReduction,
GE_Lisa_Talent_ResourceThresholdBuffs_ResourceIncrease,0,CustomGrantedTags.Lisa.Talent.ResourceThresholdBuffs.ResourceIncrease,
GE_Lisa_Talent_ResourceToFreeSpender_Proc,0,CustomGrantedTags.Lisa.Talent.ResourcesToFreeSpender.Proc,
GE_Lisa_Talent_StaggerOverhealToStackingHeal_Cooldown,0,CustomGrantedTags.Lisa.Talent.StaggerOverhealToStackingHeal.Cooldown,
GE_Lisa_TargetedAoeSilence_Buff,0,CharacterStatus.Silenced,cannot cast
GE_Lisa_TargetedAoeSilence_Lockout,0,Status.Silenced,
GE_Lisa_TargetedAoeSilence_Lockout,1,CharacterStatus.Silenced,cannot cast
GE_MC_BloodFountain_FountainNearby,0,CustomAssetTags.MC.BloodFountain.FountainNearby,
GE_MC_BloodFountain_SuckCooldown,0,CustomAssetTags.MC.BloodFountain.Cooldown,
GE_MC_BloodGrunt_SaveSelf,0,CharacterStatus.BlockAllSkills,cannot use abilities
GE_MC_BloodGrunt_SaveSelf,1,CharacterStatus.Immobilized,
GE_MC_BloodGrunt_SaveSelf,2,CharacterStatus.Unhittable,
GE_MC_BloodGrunt_SaveSelf,3,CharacterStatus.Uninterruptible,
GE_MC_BloodGrunt_SaveSelf,4,CharacterStatus.Unselectable,
GE_MC_BloodGrunt_SaveSelf,5,CharacterStatus.Untargetable,
GE_MC_BloodGuard_ChargeHalfHealth_BleedDot,0,CustomGrantedTags.MC.BloodGuard.ChargeHalfHealth.HasDebuff,
GE_MC_BloodHound_CastedAoeDamageAndSilence_Lockout,0,Status.Silenced,
GE_MC_BloodHound_CastedAoeDamageAndSilence_Lockout,1,CharacterStatus.Silenced,cannot cast
GE_MC_BloodHound_CastedAoeDamageAndSilence_Silence,0,CharacterStatus.Silenced,cannot cast
GE_MC_BossDoor_SpecialFallDamage,0,CharacterStatus.IgnoreFallDamage,
GE_MC_BossGuardian_Runes_SelfBuff,0,CharacterStatus.IgnoreDamageReductionForDamageBasedHealing,
GE_MC_BossGuardian_TankSlam_Vanish,0,CharacterStatus.ForceHideOverheadWidget,
GE_MC_WanderingGhostGuard_Slam_Immobilize,0,CharacterStatus.Immobilized,
GE_MC_WanderingGhostGuard_Slam_Immobilize,1,CharacterStatus.IgnoreMoveInput,cannot move
GE_MF_BossNecrolord_SpreadingDot_Damage,0,CustomAssetTags.MF.BossNecrolord.SpreadingDot.Dot,
GE_MF_BossNecrolord_SpreadingDot_Marker,0,CustomAssetTags.MF.BossNecrolord.SpreadingDot.Dot,
GE_MF_BossUnicorn_Charge_Stun,0,CharacterStatus.IgnoreActionInput,cannot act
GE_MF_BossUnicorn_Charge_Stun,1,CharacterStatus.IgnoreMoveInput,cannot move
GE_MF_BossUnicorn_Charge_Stun,2,CharacterStatus.IgnoreRotationInput,cannot rotate
GE_MF_BossUnicorn_Charge_Stun,3,CharacterStatus.BlockAllSkills,cannot use abilities
GE_MF_BossUnicorn_DontAggroStuff,0,CharacterStatus.Blind,
GE_MF_BossUnicorn_DontAggroStuff,1,CharacterStatus.Deaf,
GE_MF_BossUnicorn_UntargetableImmune,0,CharacterStatus.Unhittable,
GE_MF_BossUnicorn_UntargetableImmune,1,CharacterStatus.Untargetable,
GE_MF_BossUnicorn_UntargetableImmune,2,CharacterStatus.Unsensible,
GE_MF_Skittershard_Debuff_Stun,0,CharacterStatus.IgnoreActionInput,cannot act
GE_MF_Skittershard_Debuff_Stun,1,CharacterStatus.IgnoreMoveInput,cannot move
GE_MF_Skittershard_Debuff_Stun,2,CharacterStatus.IgnoreRotationInput,cannot rotate
GE_MF_Skittershard_Debuff_Stun,3,CharacterStatus.BlockAllSkills,cannot use abilities
GE_MF_Skittershard_OnDeath_Stun,0,CharacterStatus.BlockAllSkills,cannot use abilities
GE_MF_Skittershard_OnDeath_Stun,1,CharacterStatus.IgnoreMoveInput,cannot move
GE_MF_Skittershard_OnDeath_Stun,2,CharacterStatus.IgnoreActionInput,cannot act
GE_MF_Skittershard_OnDeath_Stun,3,CharacterStatus.IgnoreRotationInput,cannot rotate
GE_Mara_BleedAttackSpender_Bleed,0,CustomGrantedTags.Mara.BleedAttackSpender.Bleed,
GE_Mara_ChargedDoubleAttackBuilder_Poison,0,CustomGrantedTags.Mara.ChargedDoubleAttackBuilder.Poison.ActiveTarget,
GE_Mara_ChargedDoubleAttackBuilder_Poison_Buff,0,CustomGrantedTags.Mara.ChargedDoubleAttackBuilder.Poison.Buff,
GE_Mara_CopyCharacterDamage_SelfBuff,0,CustomGrantedTags.Mara.CopyCharacterDamage,
GE_Mara_MeleeInterrupt_Lockout,0,Status.Silenced,
GE_Mara_MeleeInterrupt_Lockout,1,CharacterStatus.Silenced,cannot cast
GE_Mara_Stealth,0,CustomGrantedTags.Mara.Stealth,
GE_Mara_Stealth_Poison_Buff,0,CustomGrantedTags.Mara.Stealth.Poison.Buff,
GE_Mara_StunSpender_Stun,0,CharacterStatus.IgnoreActionInput,cannot act
GE_Mara_StunSpender_Stun,1,CharacterStatus.IgnoreMoveInput,cannot move
GE_Mara_StunSpender_Stun,2,CharacterStatus.Immobilized,
GE_Mara_StunSpender_Stun,3,CharacterStatus.IgnoreRotationInput,cannot rotate
GE_Mara_StunSpender_Stun,4,CharacterStatus.BlockAllSkills,cannot use abilities
GE_Mara_Talent_ChargedDoubleAttackBuilder_ResourceIncreaseOT_Proc,0,CustomGrantedTags.Mara.Talent.ChargedDoubleAttackBuilder.ResourceIncreaseOT,
GE_Mara_Talent_DamageSpenders_BuffOtherSpender_AoeAttackSpenderProc,0,CustomGrantedTags.Mara.Talent.DamageSpenders.BuffOtherSpender.AoeAttackSpenderProc,
GE_Mara_Talent_DamageSpenders_BuffOtherSpender_HeavyAttackSpenderProc,0,CustomGrantedTags.Mara.Talent.DamageSpenders.BuffOtherSpender.HeavyAttackSpenderProc,
GE_Mara_Talent_ResourceAttackSpenderCritChance_Proc,0,CustomGrantedTags.Mara.Talent.ResourceAttackSpenderCritChance.Proc,
GE_Mara_Talent_Stealth_SpenderIncreasedDamage_Proc,0,CustomGrantedTags.Mara.Talent.Stealth.SpenderIncreasedDamage.Proc,
GE_Meiko_AoePull_Activator,0,CharacterStatus.BlockAllSkills,cannot use abilities
GE_Meiko_AoePull_Activator,1,CharacterStatus.IgnoreActionInput,cannot act
GE_Meiko_AoePull_Activator,2,CharacterStatus.IgnoreMoveInput,cannot move
GE_Meiko_AoePull_Activator,3,CharacterStatus.IgnoreRotationInput,cannot rotate
GE_Meiko_AoePull_Activator,4,CharacterStatus.IgnorePush,
GE_Meiko_AoePull_Activator,5,CharacterStatus.IgnoreFallDamage,
GE_Meiko_DamageSoakBuff_Buff,0,CustomGrantedTags.Meiko.DamageSoakBuff,
GE_Meiko_DamageSoakBuff_StoneInvinsibilityBuff,0,CustomGrantedTags.Meiko.DamageSoakBuff.StoneInvinsibilityBuff,
GE_Meiko_Expertise_DamageBuff,0,CustomGrantedTags.Meiko.Expertise.FinisherBuff,
GE_Meiko_FrontalAoeDebuff_Stun,0,CharacterStatus.IgnoreActionInput,cannot act
GE_Meiko_FrontalAoeDebuff_Stun,1,CharacterStatus.IgnoreMoveInput,cannot move
GE_Meiko_FrontalAoeDebuff_Stun,2,CharacterStatus.BlockAllSkills,cannot use abilities
GE_Meiko_FrontalAoeDebuff_Stun,3,CharacterStatus.IgnoreRotationInput,cannot rotate
GE_Meiko_MeleeDamageImmediateSelfBuff_SelfBuff,0,CustomGrantedTags.Meiko.MeleeDamageImmediateSelfBuff,
GE_Meiko_MeleeDamageLowHealthSelfBuff_SelfBuff,0,CustomGrantedTags.Meiko.MeleeDamageLowHealthSelfBuff,
GE_Meiko_MeleeDamageSelfBuff_SelfBuff,0,CustomGrantedTags.Meiko.MeleeDamageSelfBuff,
GE_Meiko_MeleeInterrupt_Lockout,0,Status.Silenced,
GE_Meiko_MeleeInterrupt_Lockout,1,CharacterStatus.Silenced,cannot cast
GE_Meiko_Talent_ConsumedBuffsToDefensiveBuff_Buff,0,CustomGrantedTags.Meiko.Talent.ConsumedBuffsToDefensiveBuff,
GE_Meiko_Talent_DurationalAoeDamageBuff_IncreasedDamage,0,Talents.Meiko.DurationalAoeDamageBuff.IncreasedDamage,
GE_Meiko_Talent_Earth_IncreasedDamage,0,Talents.Meiko.Earth.IncreasedDamage,
GE_Meiko_Talent_Finishers_IncreasedDamage,0,Talents.Meiko.Finishers.IncreasedDamage,
GE_Meiko_Talent_HighDamageCleave_IncreasedCriticalChance,0,Talents.Meiko.HighDamageCleave.IncreasedCriticalChance,
GE_Meiko_Talent_TauntTotem_DamageReductionWhileCooldown_Buff,0,Talents.Meiko.TauntTotem.DamageReductionWhileCooldown,
GE_Meiko_Talent_TauntTotem_IncreasedHealthAndDuration,0,Talents.Meiko.TauntTotem.IncreasedHealthAndDuration,
GE_Meiko_TauntTotem_SelfBuff,0,CharacterContext.HasActiveThreatProxy,
GE_Mosse_BlueButterfly_SelfBuff,0,CustomGrantedTags.Mosse.BlueButterfly.SelfBuff,
GE_Mosse_BlueButterfly_TargetBuff,0,CustomGrantedTags.Mosse.BlueButterfly.TargetBuff,
GE_Mosse_ExplosiveMinion_Stacker,0,CustomGrantedTags.Mosse.ExplosiveMinion,
GE_Mosse_SharedHealthBuff_Buff,0,CustomGrantedTags.Mosse.SharedHealthBuff.Buff,
GE_Mosse_Talent_ButterflyHeal_CastedSingleTargetProjectile_Proc_Buff,0,CustomGrantedTags.Mosse.Talent.ButterflyHeal.CastedSingleTargetProjectile.Proc,
GE_Mosse_Talent_ButterflyLowHealth_Buff_Cooldown,0,CustomGrantedTags.Mosse.Talent.ButterflyHeal.ButterflyHealLowHealth.Cooldown,
GE_Mosse_Talent_ButterflyLowHealth_Buff_Effect,0,CustomGrantedTags.Mosse.Talent.ButterflyHeal.ButterflyHealLowHealth.Buff,
GE_Mosse_Talent_ExplosiveMinion_IncreasedDamage,0,Talents.Mosse.ExplosiveMinion.IncreasedDamage,
GE_Mosse_Talent_IncreasedHealOnLowHealthTarget,0,CustomGrantedTags.Mosse.Talent.IncreasedHealOnLowHealthTarget,
GE_Mosse_Talent_PinkButterfly_Double_IncreasedHotDuration,0,CustomGrantedTags.Mosse.Talent.PinkButterfly.Double.IncreasedHotDuration,
GE_Mosse_Talent_PinkButterfly_Double_ManaCostReduceBuffOnOtherAbilityCommit_Buff,0,CustomGrantedTags.Mosse.Talent.PinkButterfly.Double.ManaCostReduceProc,
GE_Mosse_Talent_PinkButterfly_Double_MaxHealthIncreaseWhileActive,0,CustomGrantedTags.Mosse.Talent.PinkButterfly.Double.Active,
GE_Mosse_Talent_PinkButterfly_Simple_IncreasedTickSpeed,0,Talents.Mosse.PinkButterfly.Simple.IncreasedTickSpeed,
GE_Mosse_Talent_PinkButterfly_Simple_IncreasedTickSpeed_Duration,0,CustomGrantedTags.Vigor.Talent.PinkButterfly.Simple.IncreasedTickSpeed.Buff,
GE_Mount_Mounted,0,CharacterContext.Mounted,
GE_NP_BossHellcaller_CastedRangedProjectile_PreferSomeoneElse,0,CustomAssetTags.NP.BossHellcaller.CastedRangedProjectile.PreferSomeoneElse,
GE_NP_BossHellcaller_Hide,0,CharacterStatus.Unselectable,
GE_NP_BossHellcaller_Hide,1,CharacterStatus.Untargetable,
GE_NP_BossHellcaller_Hide,2,CharacterStatus.ForceHideOverheadWidget,
GE_NP_BossHellcaller_Hide,3,CharacterStatus.Invisible,
GE_NP_BossHellcaller_Hide,4,CharacterStatus.Unhittable,
GE_NP_BossHellcaller_Retreat_Stun,0,CharacterStatus.BlockAllSkills,cannot use abilities
GE_NP_BossHellcaller_Retreat_Stun,1,CharacterStatus.IgnoreActionInput,cannot act
GE_NP_BossHellcaller_Retreat_Stun,2,CharacterStatus.IgnoreMoveInput,cannot move
GE_NP_BossHellcaller_Retreat_Stun,3,CharacterStatus.IgnoreRotationInput,cannot rotate
GE_NP_BossHellcaller_Retreat_Stun,4,CustomAssetTags.NP.BossHellcaller.Retreat.Stun,
GE_NP_HalfMancatcher_Grip_Immobilize,0,CharacterStatus.BlockAllSkills,cannot use abilities
GE_NP_HalfMancatcher_Grip_Immobilize,1,CharacterStatus.IgnoreActionInput,cannot act
GE_NP_HalfMancatcher_Grip_Immobilize,2,CharacterStatus.IgnoreMoveInput,cannot move
GE_NP_HalfMancatcher_Grip_Immobilize,3,CharacterStatus.IgnoreFallDamage,
GE_NP_HalfMancatcher_Grip_Immobilize,4,CharacterStatus.IgnoreRotationInput,cannot rotate
GE_NP_HalfMancatcher_Grip_Immobilize,5,CharacterStatus.Immobilized,
GE_PR_AttachedChains_Attach_Immobilize,0,CharacterStatus.IgnoreMoveInput,cannot move
GE_PR_AttachedChains_Attach_Immobilize,1,CharacterStatus.Immobilized,
GE_PR_AttachedChains_Attach_Immobilize,2,CustomGrantedTags.PR.AttachedChains.Attached,
GE_PR_BlunderbussPirate_RangedDamageDebuff_FullStackDebuff,0,CustomAssetTags.PR_BlunderbussPirate.FullStackDebuff,
GE_PR_BossAnchor_HighTide_BossBuff,0,CharacterStatus.IgnorePush,
GE_PR_BossAnchor_HighTide_BossBuff,1,CharacterStatus.Intermission,
GE_PR_BossAnchor_HighTide_NpcsIgnorePush,0,CharacterStatus.IgnorePush,
GE_PR_BossAnchor_HighTide_PostAbilityAutoAttackPadding,0,CustomGrantedTags.PR.BossAnchor.AutoAttackPadding,
GE_PR_BossAnchor_Reinforcements_MinionBuff,0,CustomGrantedTags.PR.BossAnchor.SpawnedMinion,
GE_PR_BossPirateCaptain_BecomeGhost_Transition,0,CharacterStatus.BlockAllSkills,cannot use abilities
GE_PR_BossPirateCaptain_BecomeGhost_Transition,1,CharacterStatus.IgnoreActionInput,cannot act
GE_PR_BossPirateCaptain_BecomeGhost_Transition,2,CharacterStatus.IgnoreMoveInput,cannot move
GE_PR_BossPirateCaptain_BecomeGhost_Transition,3,CharacterStatus.IgnoreRotationInput,cannot rotate
GE_PR_BossPirateCaptain_BecomeGhost_Transition,4,CharacterStatus.Unhittable,
GE_PR_BossPirateCaptain_BecomeGhost_Transition,5,CharacterStatus.Untargetable,
GE_PR_BossPirateCaptain_CannonAoe_Stun,0,CharacterStatus.IgnoreActionInput,cannot act
GE_PR_BossPirateCaptain_CannonAoe_Stun,1,CharacterStatus.IgnoreMoveInput,cannot move
GE_PR_BossPirateCaptain_CannonAoe_Stun,2,CharacterStatus.IgnoreRotationInput,cannot rotate
GE_PR_BossPirateCaptain_CannonAoe_Stun,3,CharacterStatus.BlockAllSkills,cannot use abilities
GE_PR_BossPirateCaptain_DonutAoe_Fade,0,CharacterStatus.Unselectable,
GE_PR_BossPirateCaptain_EmtpyArenaChannel_Intermission,0,CharacterStatus.Intermission,
GE_PR_BossPirateCaptain_ObstacleCourse_DontSendBack,0,CustomAssetTags.PR_BossPirateCaptain.ObstacleCourse.DontSendBack,
GE_PR_BossPirateCaptain_ObstacleCourse_PlayerGhost,0,CharacterStatus.Silenced,cannot cast
GE_PR_BossPirateCaptain_ObstacleCourse_PlayerGhost,1,CharacterStatus.BlockAllSkills,cannot use abilities
GE_PR_BossPirateCaptain_ObstacleCourse_PlayerGhost,2,CustomAssetTags.PR.BossPirateCaptain.ObstacleCourse.Ghost,
GE_PR_BossPirateCaptain_ObstacleCourse_PlayerGhost,3,CharacterStatus.Intermission,
GE_PR_BossPirateCaptain_Spin_ShootDebuff,0,CustomAssetTags.PR_BlunderbussPirate.FullStackDebuff,
GE_PR_BossTreasureDemon_BallMoverDebuff,0,CustomGrantedTags.PR.BossTreasureDemon.BallMover,
GE_PR_BossTreasureDemon_Ball_CrashIntoBoss_Stun,0,CharacterStatus.BlockAllSkills,cannot use abilities
GE_PR_BossTreasureDemon_Ball_CrashIntoBoss_Stun,1,CharacterStatus.IgnoreActionInput,cannot act
GE_PR_BossTreasureDemon_Ball_CrashIntoBoss_Stun,2,CharacterStatus.IgnoreMoveInput,cannot move
GE_PR_BossTreasureDemon_Ball_CrashIntoBoss_Stun,3,CharacterStatus.IgnoreRotationInput,cannot rotate
GE_PR_BossTreasureDemon_Ball_CrashIntoBoss_UntargetableEffect,0,CharacterStatus.Untargetable,
GE_PR_BossTreasureDemon_Ball_CrashIntoBoss_UntargetableEffect,1,CharacterStatus.Unhittable,
GE_PR_BossTreasureDemon_Ball_CrashIntoBoss_UntargetableEffect,2,CharacterStatus.ForceHideOverheadWidget,
GE_PR_BossTreasureDemon_Ball_ForceClientUpdateOnSpawn,0,Significance.Client.Force.Highest,
GE_PR_BossTreasureDemon_Tornado_DamageCooldown,0,CustomAssetTags.PR.BossTreasureDemon.Tornado.DamageCooldown,
GE_PR_FoB_CastedStun_Stun,0,CharacterStatus.BlockAllSkills,cannot use abilities
GE_PR_FoB_CastedStun_Stun,1,CharacterStatus.IgnoreMoveInput,cannot move
GE_PR_FoB_CastedStun_Stun,2,CharacterStatus.IgnoreActionInput,cannot act
GE_PR_FoB_CastedStun_Stun,3,CharacterStatus.IgnoreRotationInput,cannot rotate
GE_PR_PossessedArmor_RampingDamageDebuff_Debuff,0,CustomGrantedTags.PR.PossessedArmor.RampingDebuff.Active,
GE_PR_Shark_Attached,0,CustomAssetTags.PR.Shark.Attached,
GE_PR_Shark_Attached_Linger,0,CustomAssetTags.PR.Shark.AttachedLinger,
GE_PR_ShipRat_SaveSelf,0,CharacterStatus.BlockAllSkills,cannot use abilities
GE_PR_ShipRat_SaveSelf,1,CharacterStatus.Immobilized,
GE_PR_ShipRat_SaveSelf,2,CharacterStatus.Unhittable,
GE_PR_ShipRat_SaveSelf,3,CharacterStatus.Uninterruptible,
GE_PR_ShipRat_SaveSelf,4,CharacterStatus.Unselectable,
GE_PR_ShipRat_SaveSelf,5,CharacterStatus.Untargetable,
GE_PR_SpectralSwab_Explode_Stun,0,CharacterStatus.BlockAllSkills,cannot use abilities
GE_PR_SpectralSwab_Explode_Stun,1,CharacterStatus.IgnoreActionInput,cannot act
GE_PR_SpectralSwab_Explode_Stun,2,CharacterStatus.IgnoreMoveInput,cannot move
GE_PR_SpectralSwab_Explode_Stun,3,CharacterStatus.IgnoreRotationInput,cannot rotate
GE_PR_SpectralSwab_Invulnerable,0,CharacterStatus.Unhittable,
GE_PR_SpectralSwab_Invulnerable,1,CharacterStatus.Unselectable,
GE_PR_SpectralSwab_Invulnerable,2,CharacterStatus.Untargetable,
GE_PartyHealAndSelfBuff_SelfBuff,0,AbilityProcced.Vigor.SingleHealAndInstantAoeHealBonusProc,
GE_PartyHealAndSelfBuff_SelfBuff,1,AbilityProcced.Vigor.InstantFrontalConeDamageHealBonusProc,
GE_PartyHealAndSelfBuff_SelfBuff,2,EffectStatus.Vigor.PartyHealAndSelfBuff,
GE_RelicPower_InstantSingleInterrupt_Lockout,0,Status.Silenced,
GE_RelicPower_InstantSingleInterrupt_Lockout,1,CharacterStatus.Silenced,cannot cast
GE_RelicPower_PartyInvisibility,0,CharacterStatus.Unsensible,
GE_RelicPower_Portal_RecentlyUsedPortal,0,CustomGrantedTags.RelicPower.Portal.RecentlyUsedPortal,
GE_Rime_AutoProjectileOnResourceGainBuff_Buff,0,CustomGrantedTags.Rime.AutoProjectileOnResourceGainBuff,
GE_Rime_CastedDebuffAoeDamage_Talent_BuffWhileActive,0,CustomGrantedTags.Rime.Talent.CastedDebuffAoeDamage.BuffWhileActive,
GE_Rime_CastedProjectileDamageOrbSpender_Talent_InstantAndBonusDamage_RealProc,0,CustomGrantedTags.Rime.Talent.CastedProjectileDamageOrbSpender.InstantAndBonusDamage.Proc,
GE_Rime_DamageAsAoeHealingBuff_SpiritBuff,0,CustomGrantedTags.Rime.DamageAsAoeHealingBuff.SpiritBuff,
GE_Rime_FullResourcesSelfBuff_Buff,0,CustomGrantedTags.Rime.FullResourcesSelfBuff.BuffActive,
GE_Rime_InstantSingleInterrupt_Lockout,0,Status.Silenced,
GE_Rime_InstantSingleInterrupt_Lockout,1,CharacterStatus.Silenced,cannot cast
GE_Rime_SelfDefenceBuff_SelfBuff,0,CustomGrantedTags.Rime.SelfDefenceBuff,
GE_Rime_Talent_CastedDebuffAoeDamage_StackingDamageBonus_Buff,0,CustomGrantedTags.Rime.Talent.CastedDebuffAoeDamage.StackingDamageBonus,
GE_Rime_Talent_ChanceOnOrbGain_NextSpenderCritIncrease_Buff,0,CustomGrantedTags.Rime.Talent.ChanceOnOrbGain.NextSpenderCritIncrease,
GE_Rime_Talent_ChanneledBeamSingleDamage_BoostByCritProc_Proc,0,CustomGrantedTags.Rime.Talent.ChanneledBeamSingleDamage.BoostByCritProc.Proc,
GE_Rime_Talent_ChanneledBeamSingleDamage_BoostByCritProc_ProcActive,0,CustomGrantedTags.Rime.Talent.ChanneledBeamSingleDamage.BoostByCritProc.ProcActive,
GE_Rime_Talent_ChanneledBeamSingleDamage_StackBuffForInstantSingleDamage_StackBuff,0,CustomGrantedTags.Rime.Talent.ChanneledBeamSingleDamage.StackBuffForInstantSingleDamage,
GE_Rime_Talent_InstantSingleDamage_FreeCast_Proc,0,CustomGrantedTags.Rime.Talent.InstantSingleDamage.FreeCast.Proc,
GE_Rime_Talent_InstantSingleDamage_ReducesCastTimeOnOrbSpender_Proc,0,CustomGrantedTags.Rime.Talent.CastedProjectileDamageOrbSpender.ReducedCastTimeProc,
GE_SG_BossSiren_Bubble_Debuff,0,CharacterStatus.Silenced,cannot cast
GE_SG_BossSiren_Interrupt_Lockout,0,Status.Silenced,
GE_SG_BossSiren_Interrupt_Lockout,1,CharacterStatus.Silenced,cannot cast
GE_SG_BossSiren_WalkOverEdge_Intermission,0,CharacterStatus.Intermission,
GE_SG_BossSiren_WalkOverEdge_Vanish,0,CharacterStatus.ForceHideOverheadWidget,
GE_SG_BossSiren_WalkOverEdge_Walk,0,CharacterStatus.BlockAllSkills,cannot use abilities
GE_SG_EchoingSpirit_Ghost_ExplodeStun,0,CharacterStatus.BlockAllSkills,cannot use abilities
GE_SG_EchoingSpirit_Ghost_ExplodeStun,1,CharacterStatus.IgnoreActionInput,cannot act
GE_SG_EchoingSpirit_Ghost_ExplodeStun,2,CharacterStatus.IgnoreMoveInput,cannot move
GE_SG_EchoingSpirit_Ghost_ExplodeStun,3,CharacterStatus.IgnoreRotationInput,cannot rotate
GE_SG_EchoingSpirit_Ghost_SelfDamageDebuff,0,Status.Untargetable,
GE_SG_EchoingSpirit_Ghost_SelfDamageDebuff,1,CharacterStatus.Untargetable,
GE_SG_EchoingSpirit_Ghost_SelfDamageDebuff,2,CharacterStatus.Unselectable,
GE_SG_GreaterWaterElemental_BurrowBuff,0,Status.Untargetable,
GE_SG_GreaterWaterElemental_BurrowBuff,1,Status.Stasis,
GE_SG_GreaterWaterElemental_BurrowBuff,2,CharacterStatus.Invisible,
GE_SG_Wisp_SaveSelf,0,CharacterStatus.BlockAllSkills,cannot use abilities
GE_SG_Wisp_SaveSelf,1,CharacterStatus.Immobilized,
GE_SG_Wisp_SaveSelf,2,CharacterStatus.Unhittable,
GE_SG_Wisp_SaveSelf,3,CharacterStatus.Uninterruptible,
GE_SG_Wisp_SaveSelf,4,CharacterStatus.Unselectable,
GE_SG_Wisp_SaveSelf,5,CharacterStatus.Untargetable,
GE_SH_BossSpider_SpecialFallDamage,0,CharacterStatus.IgnoreFallDamage,
GE_SH_BossSpider_SpecialFallDamage_Immobilize,0,CharacterStatus.IgnoreMoveInput,cannot move
GE_SH_BossSpider_SpecialFallDamage_Immobilize,1,CharacterStatus.Immobilized,
GE_SH_BossSpider_Swarm_Dot,0,CustomAssetTags.SH.BossSpider.Swarm,
GE_SH_BossSpider_Tether_Stun,0,CharacterStatus.BlockAllSkills,cannot use abilities
GE_SH_BossSpider_Tether_Stun,1,CharacterStatus.IgnoreMoveInput,cannot move
GE_SH_BossSpider_Tether_Stun,2,CharacterStatus.IgnoreActionInput,cannot act
GE_SH_BossSpider_Tether_Stun,3,CharacterStatus.IgnoreRotationInput,cannot rotate
GE_SH_GravesnareKidnapper_KidnapBite_Stun,0,CharacterStatus.BlockAllSkills,cannot use abilities
GE_SH_GravesnareKidnapper_KidnapBite_Stun,1,CharacterStatus.IgnoreActionInput,cannot act
GE_SH_GravesnareKidnapper_KidnapBite_Stun,2,CharacterStatus.IgnoreMoveInput,cannot move
GE_SH_GravesnareKidnapper_KidnapBite_Stun,3,CharacterStatus.IgnoreRotationInput,cannot rotate
GE_SH_Venomdrinker_CastSlowHomingProjectile_Targeted,0,CustomGrantedTags.SH.Venomdrinker.CastSlowHomingProjectile.Targeted,
GE_SP_BossMarcass_ChanneledPulsingDamage_Absorb,0,CharacterStatus.Uninterruptible,
GE_SP_BossMarcass_ChanneledPulsingDamage_Absorb,1,CustomAssetTags.SP.BossMarcass.Stampede.Stop,
GE_SP_BossMarcass_PairUp_Stun,0,CharacterStatus.BlockAllSkills,cannot use abilities
GE_SP_BossMarcass_PairUp_Stun,1,CharacterStatus.IgnoreRotationInput,cannot rotate
GE_SP_BossMarcass_PairUp_Stun,2,CharacterStatus.IgnoreMoveInput,cannot move
GE_SP_BossMarcass_PairUp_Stun,3,CharacterStatus.IgnoreActionInput,cannot act
GE_SP_FrostWolf_Pursuit_Stun,0,CharacterStatus.BlockAllSkills,cannot use abilities
GE_SP_FrostWolf_Pursuit_Stun,1,CharacterStatus.IgnoreRotationInput,cannot rotate
GE_SP_FrostWolf_Pursuit_Stun,2,CharacterStatus.IgnoreMoveInput,cannot move
GE_SP_FrostWolf_Pursuit_Stun,3,CharacterStatus.IgnoreActionInput,cannot act
GE_SP_PolarBear_Stomp_Immobilize,0,CharacterStatus.Immobilized,
GE_SP_PolarBear_Stomp_Immobilize,1,CharacterStatus.IgnoreMoveInput,cannot move
GE_SP_PolarBear_Tornadoes_ImmuneToTornado,0,CustomAssetTags.SP.PolarBear.Tornadoes.Immune,
GE_ST_BloodCreationBig_SaveSelf,0,CharacterStatus.BlockAllSkills,cannot use abilities
GE_ST_BloodCreationBig_SaveSelf,1,CharacterStatus.Immobilized,
GE_ST_BloodCreationBig_SaveSelf,2,CharacterStatus.Unhittable,
GE_ST_BloodCreationBig_SaveSelf,3,CharacterStatus.Uninterruptible,
GE_ST_BloodCreationBig_SaveSelf,4,CharacterStatus.Unselectable,
GE_ST_BloodCreationBig_SaveSelf,5,CharacterStatus.Untargetable,
GE_ST_BloodCreation_SaveSelf,0,CharacterStatus.BlockAllSkills,cannot use abilities
GE_ST_BloodCreation_SaveSelf,1,CharacterStatus.Immobilized,
GE_ST_BloodCreation_SaveSelf,2,CharacterStatus.Unhittable,
GE_ST_BloodCreation_SaveSelf,3,CharacterStatus.Uninterruptible,
GE_ST_BloodCreation_SaveSelf,4,CharacterStatus.Unselectable,
GE_ST_BloodCreation_SaveSelf,5,CharacterStatus.Untargetable,
GE_ST_BossArbiter_ArenaProjectiles_Damage,0,CustomGrantedTags.Enemies.BossArbiter.ArenaProjectiles.OverlappingActive,
GE_ST_BossArbiter_GiveTruesight_Buff2,0,CustomAssetTags.ST.BossArbiter.GiveTruesight.Buff,
GE_ST_BossArbiter_GiveTruesight_Exhaust,0,CustomAssetTags.ST.BossArbiter.GiveTruesight.Exhaust,
GE_ST_BossArbiter_GiveTruesight_Truesight,0,CustomAssetTags.ST.BossArbiter.GiveTruesight.Truesight,
GE_ST_BossArbiter_MazeNuke_Vanish,0,CharacterStatus.ForceHideOverheadWidget,
GE_ST_BossArbiter_Maze_BlockSkills,0,CharacterStatus.Silenced,cannot cast
GE_ST_BossArbiter_Maze_BlockSkills,1,CharacterStatus.BlockAllSkills,cannot use abilities
GE_ST_BossArbiter_Maze_Safe,0,CustomAssetTags.ST.BossArbiter.Maze.Safe,
GE_ST_BossArbiter_Maze_SeeMaze,0,CustomAssetTags.ST.BossArbiter.GiveTruesight.Truesight,
GE_ST_BossArbiter_PermanentTruesight_Buff,0,CustomAssetTags.ST.BossArbiter.GiveTruesight.Permanent,
GE_ST_BossArbiter_PermanentTruesight_Buff,1,CustomAssetTags.ST.BossArbiter.GiveTruesight.Truesight,
GE_ST_BossDefenseEye_Immunity,0,CharacterStatus.Unhittable,
GE_ST_BossDefenseEye_Immunity,1,CharacterStatus.Untargetable,
GE_ST_BossDefenseEye_SearchLight_PlayerHasteBuff,0,CustomGrantedTags.Bowguy.ProcHasteBuff,
GE_ST_BossGatekeeper_Invulnerable,0,CharacterStatus.Unhittable,
GE_ST_BossGatekeeper_Invulnerable,1,CharacterStatus.Unselectable,
GE_ST_BossGatekeeper_Invulnerable,2,CharacterStatus.Untargetable,
GE_ST_BossGatekeeper_Invulnerable,3,CharacterStatus.ForceHideOverheadWidget,
GE_ST_BossGatekeeper_PullAndCastedAoe_Imobalize,0,CharacterStatus.BlockAllSkills,cannot use abilities
GE_ST_BossGatekeeper_PullAndCastedAoe_Imobalize,1,CharacterStatus.IgnoreActionInput,cannot act
GE_ST_BossGatekeeper_PullAndCastedAoe_Imobalize,2,CharacterStatus.IgnoreMoveInput,cannot move
GE_ST_BossGatekeeper_PullAndCastedAoe_Imobalize,3,CharacterStatus.IgnoreFallDamage,
GE_ST_BossGatekeeper_PullAndCastedAoe_Imobalize,4,CharacterStatus.IgnoreRotationInput,cannot rotate
GE_ST_BossGatekeeper_PullAndCastedAoe_Imobalize,5,CharacterStatus.Immobilized,
GE_ST_BossGatekeeper_PullAndCastedAoe_Imobalize,6,CharacterStatus.Silenced,cannot cast
GE_Shared_Allies_SetSpeed,0,Significance.Server.Force.Highest,
GE_Shared_BeingPulled,0,CustomAssetTags.Shared.BeingPulled,
GE_Shared_BlindDeaf_NoAggro,0,CharacterStatus.Blind,
GE_Shared_BlindDeaf_NoAggro,1,CharacterStatus.Deaf,
GE_Shared_ForceHideOverheadWidget,0,CharacterStatus.ForceHideOverheadWidget,
GE_Shared_Idle_Sleep_Blind,0,CharacterStatus.Blind,
GE_Shared_Idle_Sleep_Blind,1,CharacterStatus.Deaf,
GE_Shared_Immunity_AllCC,0,CharacterStatus.IgnorePush,
GE_Shared_NPC_FollowJump_FollowJumpEffect,0,CharacterStatus.ForceHideOverheadWidget,
GE_Shared_NPC_FollowJump_FollowJumpEffect,1,CharacterStatus.Untargetable,
GE_Shared_NPC_FollowJump_FollowJumpEffect,2,CharacterStatus.Unhittable,
GE_Shared_NPC_FollowJump_FollowJumpEffect,3,CharacterStatus.Ghosted,
GE_Shared_NPC_FollowJump_FollowJumpEffect,4,CharacterStatus.Unselectable,
GE_Shared_NPC_FollowJump_FollowJumpEffect,5,CharacterStatus.Blind,
GE_Shared_NPC_FollowJump_FollowJumpEffect,6,CharacterStatus.Deaf,
GE_Shared_NPC_FollowJump_FollowJumpEffect,7,CharacterStatus.IgnoreOutOfWorldBounds,
GE_Shared_NPC_FollowJump_PreJumpEffect,0,CharacterStatus.ForceHideOverheadWidget,
GE_Shared_NPC_FollowJump_PreJumpEffect,1,CharacterStatus.Untargetable,
GE_Shared_NPC_FollowJump_PreJumpEffect,2,CharacterStatus.Unhittable,
GE_Shared_NPC_FollowJump_PreJumpEffect,3,CharacterStatus.Ghosted,
GE_Shared_NPC_FollowJump_PreJumpEffect,4,CharacterStatus.Unselectable,
GE_Shared_NPC_FollowJump_PreJumpEffect,5,CharacterStatus.Blind,
GE_Shared_NPC_FollowJump_PreJumpEffect,6,CharacterStatus.Deaf,
GE_Shared_NPC_FollowJump_PreJumpEffect,7,CharacterStatus.Invisible,
GE_Shared_NPC_FollowJump_PreJumpEffect,8,CharacterStatus.IgnoreOutOfWorldBounds,
GE_Shared_NPC_ReturningHomeBuff,0,Significance.Server.Force.Highest,
GE_Shared_NPC_ReturningHomeBuff,1,Status.DamageImmune,
GE_Shared_NPC_ReturningHomeBuff,2,Status.Stasis,
GE_Shared_Passive_PowerScaler,0,CharacterStatus.Mercenary,
GE_Shared_ResetEncounter,0,CharacterStatus.Untargetable,
GE_Shared_ResetEncounter,1,CharacterStatus.Unhittable,
GE_Shared_ResetEncounter,2,CharacterStatus.Blind,
GE_Shared_ResetEncounter,3,CharacterStatus.Deaf,
GE_Shared_ResetEncounter,4,EffectLogic.System,
GE_Shared_ResetEncounter,5,GameplayEffect.PermanentNotRemovable,
GE_Shared_ResetEncounter,6,CharacterStatus.Unselectable,
GE_Shared_RespawnCooldown,0,Cooldown.Respawn,
GE_Shared_RespawnGracePeriod,0,CharacterStatus.PauseSuccessiveThreatGeneration,
GE_Shared_SpiritTriggeredBuff,0,CharacterStatus.SpiritBuffed,
GE_Shared_SpiritTriggeredBuff_Healer,0,CharacterStatus.SpiritBuffed,
GE_Shared_SpiritTriggeredBuff_NotTank,0,CharacterStatus.SpiritBuffed,
GE_Shared_Stationary,0,CharacterStatus.Immobilized,
GE_Shared_Stationary,1,CharacterStatus.IgnorePush,
GE_Shared_StatusEffect_Incited,0,CharacterStatus.Incited,
GE_Shared_Status_IgnoreAutoAttackInput,0,CharacterStatus.IgnoreAutoAttackInput,
GE_Shared_Stealth,0,CharacterStatus.Stealth,
GE_Shared_Talent_AbilityCommitToSpiritRefund_Proc,0,CustomGrantedTags.Rime.Talent.AbilityCommitToSpiritRefund.Proc,
GE_Shared_TargetDummy_IgnoreHealThreat,0,CharacterStatus.IgnoreObservedHealThreat,
GE_Shared_ZoneAIPostDeathEffect,0,CharacterStatus.Untargetable,
GE_Shared_ZoneAIPostDeathEffect,1,CharacterStatus.Unhittable,
GE_Shared_ZoneAIPostDeathEffect,2,CharacterStatus.Blind,
GE_Shared_ZoneAIPostDeathEffect,3,CharacterStatus.Deaf,
GE_Shared_ZoneAIPostDeathEffect,4,EffectLogic.System,
GE_Shared_ZoneAIPostDeathEffect,5,GameplayEffect.PermanentNotRemovable,
GE_Shared_ZoneAIPostDeathEffect,6,CharacterStatus.Unselectable,
GE_Shared_ZoneAIPostDeathEffect,7,CharacterStatus.IgnoreObservedHealThreat,
GE_Shared_ZoneAIPostDeathEffect,8,CharacterStatus.DoNotReceiveThreadPropagation,
GE_Shared_ZoneAISpawnFadeIn,0,CharacterStatus.Untargetable,
GE_Shared_ZoneAISpawnFadeIn,1,CharacterStatus.Unhittable,
GE_Shared_ZoneAISpawnFadeIn,2,CharacterStatus.Blind,
GE_Shared_ZoneAISpawnFadeIn,3,CharacterStatus.Deaf,
GE_Shared_ZoneAISpawnFadeIn,4,EffectLogic.System,
GE_Shared_ZoneAISpawnFadeIn,5,GameplayEffect.PermanentNotRemovable,
GE_Shared_ZoneAISpawnFadeIn,6,CharacterStatus.Unselectable,
GE_Sune_AutoAttackParryDebuff_Debuff,0,CustomGrantedTags.Sune.AutoAttackParryDebuff.Debuff,
GE_Sune_BuffedTargetedCastedHealOrDamage_Buff,0,CustomGrantedTags.BuffedTargetedCastedHealOrDamage.Buff,
GE_Sune_DamageTransferAura_AllyBuff_Stacker,0,CustomGrantedTags.Sune.DamageTransferAura.Stacker,
GE_Sune_DamageTransferAura_SelfBuff,0,CustomGrantedTags.Sune.DamageTransferAura.SelfBuff,
GE_Sune_DroppedPulseAoe_SelfBuff,0,CustomGrantedTags.Sune.DroppedPulseAoe.InAoe,
GE_Sune_InstantConeStunAndPull_Stun,0,CharacterStatus.IgnoreActionInput,cannot act
GE_Sune_InstantConeStunAndPull_Stun,1,CharacterStatus.IgnoreMoveInput,cannot move
GE_Sune_InstantConeStunAndPull_Stun,2,CharacterStatus.BlockAllSkills,cannot use abilities
GE_Sune_InstantConeStunAndPull_Stun,3,CharacterStatus.IgnoreRotationInput,cannot rotate
GE_Sune_InstantConteStunAndPull_Pull_Activator,0,CharacterStatus.BlockAllSkills,cannot use abilities
GE_Sune_InstantConteStunAndPull_Pull_Activator,1,CharacterStatus.IgnoreActionInput,cannot act
GE_Sune_InstantConteStunAndPull_Pull_Activator,2,CharacterStatus.IgnoreMoveInput,cannot move
GE_Sune_InstantConteStunAndPull_Pull_Activator,3,CharacterStatus.IgnoreRotationInput,cannot rotate
GE_Sune_InstantConteStunAndPull_Pull_Activator,4,CharacterStatus.IgnorePush,
GE_Sune_InstantConteStunAndPull_Pull_Activator,5,CharacterStatus.IgnoreFallDamage,
GE_Sune_SingleTargetInterrupt_Lockout,0,Status.Silenced,
GE_Sune_SingleTargetInterrupt_Lockout,1,CharacterStatus.Silenced,cannot cast
GE_Sune_SpiritTriggeredBuff,0,CharacterStatus.SpiritBuffed,
GE_Sune_Talent_AoeMelee_CooldownProc_Proc,0,CustomGrantedTags.Sune.Talent.AoeMelee.CooldownProc.Procced,
GE_Sune_Talent_DeathPrevention_Cooldown,0,CustomGrantedTags.Sune.Talent.DeathPrevention.OnCooldown,
GE_Sune_Talent_DroppedPulseAoe_StackingBoostBuff,0,CustomGrantedTags.Sune.Talent.DroppedPulseAoe.StackingBoostBuff.Buff,
GE_Sune_Talent_SingleTargetAbsorb_ParryBoost_Buff,0,CustomGrantedTags.Sune.Talent.SingleTargetAbsorb.ParryBoost,
GE_Sune_Talent_SingleTargetFillerMelee_AoeProcBuff_Buff,0,CustomGrantedTags.Sune.Talent.SingleTargetFillerMelee.AoeProcBuff,
GE_Talent_HeavyMeleeDotBoost_IncreasedDotDamage,0,CustomGrantedTags.Gunde.Talent.HeavyMeleeDotBoost.IncreasedDotDamage.Proc,
GE_Trait_BigBlowMitigation_Cooldown,0,CustomGrantedTags.Trait.BigBlowMitigation.Cooldown,
GE_Trait_DeathPreventionWithImmunity_Cooldown,0,CustomGrantedTags.Trait.DeathPreventionWithImmunity.Cooldown,
GE_Trait_GemSingleTargetProcOnDamageHeal_Buff,0,CustomGrantedTags.GemBonus.SingleTargetProcOnDamage.Buff,
GE_Trait_GemSingleTargetProcOnDamageHeal_Debuff,0,CustomGrantedTags.GemBonus.SingleTargetProcOnDamage.Debuff,
GE_Trait_GemTargetedSpikeProc_KnockBackImmunity,0,CustomGrantedTags.Trait.GemTargetedSpikeProc.KnockBackImunity,
GE_UB_BossArchbishop_SpawnOrbs_Orb_InvisibleImmuneAndUntargetable,0,Status.Stasis,
GE_UB_BossArchbishop_SpawnOrbs_Orb_InvisibleImmuneAndUntargetable,1,Status.Untargetable,
GE_UB_BossArchbishop_SpawnOrbs_Orb_InvisibleImmuneAndUntargetable,2,CharacterStatus.ForceHideOverheadWidget,
GE_UB_BossArchbishop_SpawnOrbs_Orb_InvisibleImmuneAndUntargetable,3,CharacterStatus.Unselectable,
GE_UB_BossLifebringer_ImmuneAndUntargetable,0,CharacterStatus.Unhittable,
GE_UB_BossLifebringer_ImmuneAndUntargetable,1,CharacterStatus.Untargetable,
GE_UB_BossLunatic_ChasePlayer_Mark,0,Status.FK_BossElfDragon.DashTarget,
GE_UB_BossLunatic_ChasePlayer_Stun,0,CharacterStatus.IgnoreActionInput,cannot act
GE_UB_BossLunatic_ChasePlayer_Stun,1,CharacterStatus.IgnoreMoveInput,cannot move
GE_UB_BossLunatic_ChasePlayer_Stun,2,CharacterStatus.Immobilized,
GE_UB_BossLunatic_ChasePlayer_Stun,3,CharacterStatus.Silenced,cannot cast
GE_UB_BossMarcassCree_Minion_ChanneledAttack_Stun,0,CharacterStatus.IgnoreActionInput,cannot act
GE_UB_BossMarcassCree_Minion_ChanneledAttack_Stun,1,CharacterStatus.IgnoreMoveInput,cannot move
GE_UB_BossMarcassCree_Minion_ChanneledAttack_Stun,2,CharacterStatus.Immobilized,
GE_UB_BossMarcassCree_Minion_ChanneledAttack_Stun,3,CharacterStatus.Silenced,cannot cast
GE_UB_BossMarcassCree_Minion_ChanneledAttack_Stun,4,CharacterStatus.BlockAllSkills,cannot use abilities
GE_UB_BossOperator_Mounted_ImmuneBuff,0,Status.Stasis,
GE_UB_BossOperator_Mounted_ImmuneBuff,1,Status.Silenced,
GE_UB_BossOperator_Mounted_ImmuneBuff,2,Status.Untargetable,
GE_UB_BossWarMachine_Dismounted_ImmuneBuff,0,Status.Stasis,
GE_UB_BossWarMachine_Dismounted_ImmuneBuff,1,Status.Untargetable,
GE_UB_BossWarMachine_Dismounted_ImmuneBuff,2,Status.Silenced,
GE_UB_CadavrianBannerman_AoeStun_Stun,0,CharacterStatus.IgnoreMoveInput,cannot move
GE_UB_CadavrianBannerman_AoeStun_Stun,1,CharacterStatus.IgnoreRotationInput,cannot rotate
GE_UB_CadavrianBannerman_AoeStun_Stun,2,CharacterStatus.IgnoreActionInput,cannot act
GE_UB_CadavrianBannerman_AoeStun_Stun,3,CharacterStatus.BlockAllSkills,cannot use abilities
GE_UB_HealingMinion_PostDeathCleanse_Buff,0,GameplayEffect.CCImmune,
GE_UB_HealingMinion_PostDeathCleanse_Buff,1,Event.Buff,
GE_UB_NecroticMas_CastedReviveAndConvert_BeingRevived,0,CustomAssetTags.UB.NecroticMass.ReservedForRevive,
GE_UB_NecroticMass_PreSpawnedStatus,0,CharacterStatus.Invisible,
GE_UB_NecroticMass_PreSpawnedStatus,1,CharacterStatus.Ghosted,
GE_UB_NecroticMass_PreSpawnedStatus,2,CharacterStatus.Immobilized,
GE_UB_NecroticMass_PreSpawnedStatus,3,CharacterStatus.Unhittable,
GE_UB_NecroticMass_PreSpawnedStatus,4,CharacterStatus.Unselectable,
GE_UB_NecroticMass_PreSpawnedStatus,5,CharacterStatus.Untargetable,
GE_UB_NightclawBreacher_CastedAoeStun_Stun,0,CharacterStatus.IgnoreMoveInput,cannot move
GE_UB_NightclawBreacher_CastedAoeStun_Stun,1,CharacterStatus.Immobilized,
GE_UB_NightclawBreacher_CastedAoeStun_Stun,2,CharacterStatus.IgnoreActionInput,cannot act
GE_UB_NightclawBreacher_CastedAoeStun_Stun,3,CharacterStatus.Silenced,cannot cast
GE_UB_NightclawBreacher_ThrowRock_Stun,0,CharacterStatus.IgnoreActionInput,cannot act
GE_UB_NightclawBreacher_ThrowRock_Stun,1,CharacterStatus.IgnoreMoveInput,cannot move
GE_UB_NightclawBreacher_ThrowRock_Stun,2,CharacterStatus.IgnoreRotationInput,cannot rotate
GE_UB_NightclawBreacher_ThrowRock_Stun,3,CharacterStatus.BlockAllSkills,cannot use abilities
GE_UC_BossBaptist_CircleDebuff,0,Ability.Skill.BossBaptist.CircleDebuff,
GE_UC_BossBaptist_CircleDebuff_WaveDamage,0,Ability.Skill.BossBaptist.WaveDamage,
GE_UC_BossSoulKing_ConeAOE_Stun,0,CharacterStatus.IgnoreActionInput,cannot act
GE_UC_BossSoulKing_ConeAOE_Stun,1,CharacterStatus.IgnoreMoveInput,cannot move
GE_UC_BossSoulKing_ConeAOE_Stun,2,CharacterStatus.Immobilized,
GE_UC_BossSoulKing_ConeAOE_Stun,3,CharacterStatus.Silenced,cannot cast
GE_UC_BossSoulKing_Incarcerate_ImmobalizeDebuff,0,CharacterStatus.IgnoreActionInput,cannot act
GE_UC_BossSoulKing_Incarcerate_ImmobalizeDebuff,1,CharacterStatus.IgnoreMoveInput,cannot move
GE_UC_BossSoulKing_Incarcerate_ImmobalizeDebuff,2,CharacterStatus.Immobilized,
GE_UC_BossSoulKing_Incarcerate_ImmobalizeDebuff,3,CharacterStatus.Silenced,cannot cast
GE_UC_BossSoulKing_Incarcerate_ImmobalizeDebuff,4,CharacterStatus.Invisible,
GE_UC_BossSoulKing_Incarcerate_ImmobalizeDebuff,5,CharacterStatus.Unhittable,
GE_UC_BossSoulKing_Incarcerate_ImmobalizeDebuff,6,CharacterStatus.Untargetable,
GE_UC_BossSoulKing_Incarcerate_ImmobalizeDebuff,7,CharacterStatus.UC_SoulKing.Incarcerated,
GE_UC_BossSoulKing_PassiveAOEPools_Dot,0,Event.Debuff.CorruptedBlood,
GE_UC_BossSoulKing_SingleRoot_Debuff,0,CharacterStatus.IgnoreMoveInput,cannot move
GE_UC_BossSoulKing_SingleRoot_Debuff,1,CharacterStatus.Immobilized,
GE_UC_CadavrianCrusader_Charge_Stun,0,CharacterStatus.IgnoreActionInput,cannot act
GE_UC_CadavrianCrusader_Charge_Stun,1,CharacterStatus.IgnoreMoveInput,cannot move
GE_UC_CadavrianCrusader_Charge_Stun,2,CharacterStatus.BlockAllSkills,cannot use abilities
GE_UC_CadavrianCrusader_Charge_Stun,3,CharacterStatus.IgnoreRotationInput,cannot rotate
GE_UC_CadavrianDeathPriest_ChannelMultiTargetHeal_HasteBuff,0,Ability.Skill.DeathPriest.HasteHealBuff,
GE_UC_CadavrianDeathPriest_ChanneledMultiTargetHeal_HealBuff,0,Ability.Skill.DeathPriest.HasteHealBuff,
GE_UC_CadavrianDeathPriest_TwoTargetDot_Damage,0,Ability.Skill.DeathPriest.TwoTargetDot,
GE_UC_CadavrianSharpShooter_AimedShot_Bleed,0,Ability.Skill.CadavrianSharpshooter.AimedShotBleed,
GE_UC_CadavrianSharpshooter_ShadowmeldHideBuff,0,CharacterStatus.Untargetable,
GE_UC_CadavrianSharpshooter_ShadowmeldHideBuff,1,Status.Untargetable,
GE_UC_CadavrianSharpshooter_ShadowmeldHideBuff,2,CharacterStatus.Ghosted,
GE_UC_CadavrianSharpshooter_ShadowmeldHideBuff,3,CharacterStatus.ForceHideOverheadWidget,
GE_UC_CadavrianSharpshooter_ShadowmeldHideBuff,4,CharacterStatus.Invisible,
GE_UC_RotBringer_SpreadingAoeDot_Dot,0,Ability.Skill.BossBaptist.CircleDot,
GE_UC_RottenWretchHands_PassiveAOEPools_Dot,0,Event.Debuff.CorruptedBlood,
GE_UC_UndyingGuardian_AoeFear,0,CharacterStatus.BlockAllSkills,cannot use abilities
GE_UC_UndyingGuardian_AoeFear,1,CharacterStatus.Immobilized,
GE_UC_UndyingGuardian_CastedAoeRoot_Root,0,Ability.Skill.UndyingGuardian.Shackle,
GE_UC_UndyingGuardian_CastedAoeRoot_Root,1,CharacterStatus.Immobilized,
GE_UM_BossDrazhulTheFleshbroker_ConjureScythe_DamageCooldown,0,CharacterStatus.CM_BossYrsa.ScytheDamageCooldown,
GE_UM_BossSlavetraderBrull_PlacedSlowAoe_SlowEffect,0,CustomGrantedTags.UM.BossSlavetraderBrull.SlowAOESlow,
GE_UM_GorestainedButcher_Enrage,0,CustomAssetTags.UM.GorestainedButcher.Enrage.Cooldown,
GE_UM_GorestainedButcher_Enrage,1,CharacterStatus.Enraged,
GE_UM_GorestainedButcher_Enrage_Cooldown,0,CustomAssetTags.UM.GorestainedButcher.Enrage.Cooldown,
GE_UM_UrrakWitch_GroundRoots_Stun,0,CharacterStatus.BlockAllSkills,cannot use abilities
GE_UM_UrrakWitch_GroundRoots_Stun,1,CharacterStatus.IgnoreActionInput,cannot act
GE_UM_UrrakWitch_GroundRoots_Stun,2,CharacterStatus.IgnoreMoveInput,cannot move
GE_UM_UrrakWitch_GroundRoots_Stun,3,CharacterStatus.IgnoreRotationInput,cannot rotate
GE_UM_UrrakWitch_ProjectileVolley_Dot,0,CustomAssetTags.Bowguy.CastedProjectileHeavyDamage.Ability,
GE_VC_BossBrute_Enrage,0,CustomAssetTags.UM.GorestainedButcher.Enrage.Cooldown,
GE_VC_BossBrute_Enrage_Cooldown,0,CustomAssetTags.UM.GorestainedButcher.Enrage.Cooldown,
GE_VV_BlackmistCutthroat_Teleport_Fade,0,CharacterStatus.Unselectable,
GE_VV_BlackmistCutthroat_Teleport_Fade,1,CharacterStatus.Unhittable,
GE_VV_BlackmistCutthroat_Teleport_Fade,2,CharacterStatus.Untargetable,
GE_VV_BlackmistWhisperer_AoeDebuff_Debuff,0,CustomAssetTags.VV.BlackmistWhisperer.AoeDebuff.Debuff,
GE_VV_BlackmistWhisperer_Silence_Silence,0,CharacterStatus.Silenced,cannot cast
GE_VV_BossChilgar_IceColdWater_Slow_Linger,0,CustomAssetTags.Environment.IceColdWater.Immune,
GE_VV_BossFrostTroll_IceBlock_Freeze_Stun,0,CharacterStatus.IgnoreActionInput,cannot act
GE_VV_BossFrostTroll_IceBlock_Freeze_Stun,1,CharacterStatus.IgnoreMoveInput,cannot move
GE_VV_BossFrostTroll_IceBlock_Freeze_Stun,2,CharacterStatus.Immobilized,
GE_VV_BossFrostTroll_IceBlock_Freeze_Stun,3,CharacterStatus.Silenced,cannot cast
GE_VV_BossFrostTroll_IceBlock_Freeze_Stun,4,GameplayEffect.VV_BossFrostTroll_IceBlock.Freeze,
GE_VV_BossFrostTroll_IceBlock_Freeze_Stun,5,CharacterStatus.IgnorePush,
GE_VV_BossFrostTroll_IceBlock_Freeze_Stun,6,CharacterStatus.IgnoreRotationInput,cannot rotate
GE_VV_BossFrostTroll_IceBlock_Freeze_Stun,7,CharacterStatus.BlockAllSkills,cannot use abilities
GE_VV_BossFrostTroll_Kaldurson_Fire,0,CustomGrantedTags.VV.BossFrostTroll.Kaldurson.FireSonAlive,
GE_VV_BossFrostTroll_Kaldurson_Ice,0,CustomGrantedTags.VV.BossFrostTroll.Kaldurson.IceSonAlive,
GE_VV_BossKaldursonFire_BossBuff,0,CustomGrantedTags.VV.BossFrostTroll.Kaldurson.FireSonAlive,
GE_VV_BossKaldursonIce_BossBuff,0,CustomGrantedTags.VV.BossFrostTroll.Kaldurson.IceSonAlive,
GE_VV_BossVikingMystic_ChanneledAoeDamage_DoLines,0,CustomAssetTags.VV.BossVikingMystic.ChanneledAoeDamage.DoLines,
GE_VV_BossVikingMystic_Phase2Invulnerability,0,Status.DamageImmune,
GE_VV_BossVikingMystic_Phase2Invulnerability,1,CharacterStatus.Unhittable,
GE_VV_BossVikingMystic_RunePuzzle_KillWrongStun,0,CharacterStatus.BlockAllSkills,cannot use abilities
GE_VV_BossVikingMystic_RunePuzzle_KillWrongStun,1,CharacterStatus.IgnoreMoveInput,cannot move
GE_VV_BossVikingMystic_RunePuzzle_KillWrongStun,2,CharacterStatus.IgnoreRotationInput,cannot rotate
GE_VV_BossVikingMystic_RunePuzzle_KillWrongStun,3,CharacterStatus.IgnoreActionInput,cannot act
GE_VV_BossVikingMystic_TeleportAttack_Stun,0,CharacterStatus.IgnoreMoveInput,cannot move
GE_VV_BossVikingMystic_TeleportAttack_Stun,1,CharacterStatus.Immobilized,
GE_VV_BossVikingMystic_TeleportAttack_Stun,2,CustomGrantedTags.RelicPower.Portal.BlockInteraction,
GE_VV_BossVikingMystic_TransferableDebuff_Fear,0,CharacterStatus.BlockAllSkills,cannot use abilities
GE_VV_ChilgarSpike_Hide,0,CharacterStatus.Unselectable,
GE_VV_ChilgarSpike_Hide,1,CharacterStatus.Untargetable,
GE_VV_ChilgarSpike_Hide,2,CharacterStatus.ForceHideOverheadWidget,
GE_VV_ChilgarSpike_Hide,3,CharacterStatus.Invisible,
GE_VV_ChilgarSpike_Hide,4,CharacterStatus.Unhittable,
GE_VV_ColdbrineElementalist_AoeImmobilize_Immobilize,0,CharacterStatus.Immobilized,
GE_Vigor_CastedSingleTargetDamageDoubleHit_Passive,0,AbilityProcced.Vigor.CastedSingleTargetDamageDoubleHit,
GE_Vigor_InstantResourceGain_Buff,0,CustomGrantedTags.Vigor.InstantResourceGainBuff,
GE_Vigor_Passive_Talent_SkillshotAoeProjectile_HealsApplyAbsorb_Absorb,0,CustomGrantedTags.Vigor.Absorb,
GE_Vigor_SingleTargetAbsorb_Absorb,0,CustomGrantedTags.Vigor.Absorb,
GE_Vigor_SingleTargetDot_Dot,0,CustomGrantedTags.Vigor.SingleTargetDot,
GE_Vigor_SingleTargetEchoProccer_Buff,0,CharacterStatus.Vigor.SingleTargetChargedHot,
GE_Vigor_SingleTargetProjectileStun_Stun,0,CharacterStatus.IgnoreActionInput,cannot act
GE_Vigor_SingleTargetProjectileStun_Stun,1,CharacterStatus.IgnoreMoveInput,cannot move
GE_Vigor_SingleTargetProjectileStun_Stun,2,CharacterStatus.Immobilized,
GE_Vigor_SingleTargetProjectileStun_Stun,3,CharacterStatus.IgnoreRotationInput,cannot rotate
GE_Vigor_SingleTargetProjectileStun_Stun,4,CharacterStatus.BlockAllSkills,cannot use abilities
GE_Vigor_SkillshotAoeProjectile_ActiveProjectileProc,0,CustomGrantedTags.Vigor.SkillshotAoeProjectile.ProjectileIsActive,
GE_Vigor_Talent_CastedSingleTargetDamage_GlobalCooldown,0,Cooldown.Global,
GE_Vigor_Talent_CastedSingleTargetDamage_ReducedCastTime,0,CharacterStatus.Vigor.Buff.CastedSingleTargetDamage.TalentCastTimeReductionBuff,
GE_Vigor_Talent_CastedSingleTargetHeal_CheaperInstantCast_Proc,0,CustomGrantedTags.Vigor.Talent.CastedSingleTargetHeal.CheaperInstantCast.Proc,
GE_Vigor_Talent_CastedSingleTargetHeal_ReducedCastTime,0,Talents.Vigor.CastedSingleTargetHeal.ReducedCastTime,
GE_Vigor_Talent_InstantAoeHeal_ReducedCost,0,Talents.Vigor.InstantAoeHeal.ReducedCost,
GE_Vigor_Talent_InstantFrontalConeDamageHeal_DotProc_Proc,0,CustomGrantedTags.Vigor.Talent.InstantFrontalConeDamageHeal.DotProc,
GE_Vigor_Talent_InstantFrontalConeDamageHeal_IncreasedHeal,0,Talents.Vigor.InstantFrontalConeDamageHeal.IncreasedHeal,
GE_Vigor_Talent_InstantFrontalConeDamageHeal_InstantAoeHeal_FreePowerProc_ActualProc,0,CustomGrantedTags.Vigor.InstantFrontalConeDamageHeal.InstantAoeHeal.FreePowerProc.Proc,
GE_Vigor_Talent_InstantFrontalConeDamageHeal_Tier2_BoostProc,0,CharacterStatus.Vigor.InstantFrontalConeDamageHealCooldownBonusProc,
GE_Vigor_Talent_Runes_IncreasedDuration,0,Talents.Vigor.Runes.IncreasedDuration,
GE_Vigor_Talent_SingleTargetDot_IncreasedDamage,0,Talents.Vigor.SingleTargetDot.IncreasedDamage,
GE_Vigor_Talent_SkillshotAoeProjectile_IncreasedCriticalStrikeChance,0,Talents.Vigor.SkillshotAoeProjectile.IncreasedCriticalStrikeChance,
GE_Vigor_Talent_SpiritProcBuff_NextRuneSpenderIncreasedPower_Proc,0,CustomGrantedTags.Vigor.Talent.SpiritProcBuff.NextRuneSpenderIncreasedPower,
GE_Warmaster_AoeIncite_InciteTarget,0,CharacterStatus.Incited,
GE_Warmaster_DefenceBuff_Buff,0,CharacterStatus.ActiveDefence,
GE_Warmaster_DefenceBuff_TemporaryToughnessLossProtection,0,CustomGrantedTags.Warmaster.NoResourceLossSelfBuffActive,
GE_Warmaster_InstantMeleeCleave_BleedDebuff,0,CustomGrantedTags.Warmaster.Talent.InstantMeleeCleave.Active,
GE_Warmaster_MeleeAoeSlow_Stun,0,CharacterStatus.BlockAllSkills,cannot use abilities
GE_Warmaster_MeleeAoeSlow_Stun,1,CharacterStatus.IgnoreMoveInput,cannot move
GE_Warmaster_MeleeAoeSlow_Stun,2,CharacterStatus.IgnoreRotationInput,cannot rotate
GE_Warmaster_MeleeAoeSlow_Stun,3,CharacterStatus.IgnoreActionInput,cannot act
GE_Warmaster_MeleeCleaveBonusProc,0,AbilityProcced.Warmaster.MeleeCleaveBonus,
GE_Warmaster_MeleeCleave_Absorb,0,CustomGrantedTags.Warmaster.MeleeCleave.Absorb,
GE_Warmaster_MeleeCleave_Absorb,1,CustomGrantedTags.Warmaster.NoResourceLossSelfBuffActive,
GE_Warmaster_MeleeCleave_AbsorbBuff_SelfBuff,0,CustomGrantedTags.Warmaster.MeleeCleave.AbsorbBuff,
GE_Warmaster_MeleeInterrupt_Lockout,0,Status.Silenced,
GE_Warmaster_MeleeInterrupt_Lockout,1,CharacterStatus.Silenced,cannot cast
GE_Warmaster_MoveToTargetStun_Stun,0,CharacterStatus.IgnoreActionInput,cannot act
GE_Warmaster_MoveToTargetStun_Stun,1,CharacterStatus.IgnoreMoveInput,cannot move
GE_Warmaster_MoveToTargetStun_Stun,2,CharacterStatus.BlockAllSkills,cannot use abilities
GE_Warmaster_MoveToTargetStun_Stun,3,CharacterStatus.IgnoreRotationInput,cannot rotate
GE_Warmaster_NoResourceLossSelfBuff_Buff,0,CustomGrantedTags.Warmaster.NoResourceLossSelfBuffActive,
GE_Warmaster_ShieldSelfBuff_Buff,0,CustomGrantedTags.Warmaster.ShieldSelfBuff,
GE_Warmaster_Talent_BlockToIncreasedPower_Proc,0,CustomGrantedTags.Warmaster.Talent.LightMelee.BlockToIncreasedPower.Proc,
GE_Warmaster_Talent_BouncyProjectile_IncreasedCritChance,0,Talents.Warmaster.BouncyProjectile.IncreasedCritChance,
GE_Warmaster_Talent_BouncyProjectile_IncreasedDamageProc,0,CustomGrantedTags.Warmaster.Talent.BouncyProjectile.DamageCooldownReset,
GE_Warmaster_Talent_DefenceBuff_MeleeCleaveIncreasedDamageHeal,0,CustomGrantedTags.Warmaster.Talent.DefenceBuff.MeleeCleaveIncreasedDamageHeal,
GE_Warmaster_Talent_IncreasedMeleeCleaveAndHeavyMeleeDamage,0,Talents.Warmaster.IncreasedMeleeCleaveAndHeavyMeleeDamage,
GE_Warmaster_Talent_MeleeCleave_MeleeAoeSlow_IncreasedDamageStun_Stun,0,CharacterStatus.IgnoreActionInput,cannot act
GE_Warmaster_Talent_MeleeCleave_MeleeAoeSlow_IncreasedDamageStun_Stun,1,CharacterStatus.IgnoreMoveInput,cannot move
GE_Warmaster_Talent_MeleeCleave_MeleeAoeSlow_IncreasedDamageStun_Stun,2,CharacterStatus.BlockAllSkills,cannot use abilities
GE_Warmaster_Talent_MeleeCleave_MeleeAoeSlow_IncreasedDamageStun_Stun,3,CharacterStatus.IgnoreRotationInput,cannot rotate
GE_Warmaster_Talent_MeleeCleave_Tier2_MeleeCleaveDamageIncreaseFreeCastProc,0,CharacterStatus.Warmaster.Talent.MeleeCleave.Tier2.MeleeCleaveDamageIncreaseFreeCastProc,
GE_Warmaster_Talent_MeleeCleave_Tier3b_IncreasedAbilityDamagePerStack_Buff,0,CharacterStatus.Warmaster.Talent.MeleeCleave.Tier3b.IncreasedAbilityDamagePerStack,
GE_Warmaster_Talent_ToughnessBuff_Buff,0,CustomAssetTags.Warmaster.ToughnessBuffTalent.Active,
GE_Weapon_FrontalAOEConeRepeatingStunDamage_Stun,0,CharacterStatus.IgnoreActionInput,cannot act
GE_Weapon_FrontalAOEConeRepeatingStunDamage_Stun,1,CharacterStatus.IgnoreMoveInput,cannot move
GE_Weapon_FrontalAOEConeRepeatingStunDamage_Stun,2,CharacterStatus.BlockAllSkills,cannot use abilities
GE_Weapon_FrontalAOEConeRepeatingStunDamage_Stun,3,CharacterStatus.IgnoreRotationInput,cannot rotate
GE_Weapon_StunDotAoeDamageSlow_Stun,0,CharacterStatus.IgnoreActionInput,cannot act
GE_Weapon_StunDotAoeDamageSlow_Stun,1,CharacterStatus.IgnoreMoveInput,cannot move
GE_Weapon_StunDotAoeDamageSlow_Stun,2,CharacterStatus.Immobilized,
GE_Weapon_StunDotAoeDamageSlow_Stun,3,CharacterStatus.IgnoreRotationInput,cannot rotate
GE_Weapon_StunDotAoeDamageSlow_Stun,4,CharacterStatus.BlockAllSkills,cannot use abilities
