id,character_id,display_name,category,armor_type,is_combat_enemy,kill_score,spirit_point_value,base_health,base_health_multiplier,provenance_origin,provenance_dev_name,provenance_source,provenance_source_authority
BP_NPC_CM_RubiliteTriggerstone,,Rubilite Triggerstone,,,false,,,,,datamine,,,legacy_unbound
BP_NPC_EM_BossGiantTroll_SingleEntranceBlocker,,,,,false,,,,,datamine,,,legacy_unbound
BP_NPC_Shared_Environment,,Environment,,,false,,,,,datamine,,,legacy_unbound
BP_NPC_UB_BossArchbishop_EntranceBlocker,,,,,false,,,,,datamine,,,legacy_unbound
CM_BlackburnMantrader,CM_BlackburnMantrader,Blackburn Mantrader,Enemy,Leather,true,4.0,4.0,,2.4163,datamine,,,legacy_unbound
CM_BossAina,CM_BossAina,Slavetrader Brull,Boss,Leather,true,0.0,30.0,32000.0,,datamine,,,legacy_unbound
CM_BossTroll,CM_BossTroll,Heig the Chained,Boss,,true,0.0,30.0,48000.0,,datamine,,,legacy_unbound
CM_BossWhisperingCore,CM_BossWhisperingCore,Whispering Core,Boss,,true,0.0,30.0,45000.0,,datamine,,,legacy_unbound
CM_BossYrsa,CM_BossYrsa,Overseer Yrsa,Boss,Leather,true,0.0,30.0,32000.0,,datamine,,,legacy_unbound
CM_ChargedConstruct,CM_ChargedConstruct,Fractal Golem,Enemy,Leather,true,3.0,3.0,,2.4219,datamine,,,legacy_unbound
CM_ChargedConstructGhost,CM_ChargedConstructGhost,,Enemy,,true,0.0,1.0,,0.5232,datamine,,,legacy_unbound
CM_EarthElemental,CM_EarthElemental,Enraged Earth Elemental,Elite,Leather,true,7.0,7.0,,5.9325,datamine,,,legacy_unbound
CM_ElfEnforcer,CM_ElfEnforcer,Enforcer,Elite,,true,5.0,5.0,,4.343,datamine,,,legacy_unbound
CM_ElfGoon,CM_ElfGoon,Dredge,Enemy,Plate,true,1.0,1.0,,1.3243,datamine,,,legacy_unbound
CM_ElfInterrogator,CM_ElfInterrogator,Quarry Stalker,Elite,Leather,true,2.0,2.0,,1.8972,datamine,,,legacy_unbound
CM_ElfLookout,CM_ElfLookout,Nezari Bolter,Elite,Leather,true,2.0,2.0,,1.8122,datamine,,,legacy_unbound
CM_ElfTaskmaster,CM_ElfTaskmaster,Task Master,Elite,Leather,true,4.0,4.0,,3.0595,datamine,,,legacy_unbound
CM_ElfWarden,CM_ElfWarden,Arcane Warden,Elite,Leather,true,4.0,4.0,,2.9436,datamine,,,legacy_unbound
CM_ImpatientBrawler,CM_ImpatientBrawler,Impatient Brawler,Enemy,Leather,true,1.0,1.0,,2.1084,datamine,,,legacy_unbound
CM_ReflectedHero,CM_ReflectedHero,Cursed Reflection,,,true,0.0,0.0,,0.6367,datamine,,,legacy_unbound
CM_RubiliteAurastone,CM_RubiliteAurastone,Godfall Wardstone,Enemy,,true,2.0,2.0,,1.2809,datamine,,,legacy_unbound
CM_RubiliteFocus,CM_RubiliteFocus,Rubilite Focus,Enemy,Leather,true,1.0,1.0,,1.2809,datamine,,,legacy_unbound
CM_VolatileConstruct,CM_VolatileConstruct,Volatile Rubilite,Elite,Leather,true,2.0,2.0,,2.3226,datamine,,,legacy_unbound
Critter_Chicken,Critter_Chicken,Chicken,Enemy,Plate,true,0.0,0.0,,0.5,datamine,,,legacy_unbound
DD_Arbalist,DD_Arbalist,Dunesnare Hunter,Elite,Leather,true,3.0,3.0,,2.3586,datamine,,,legacy_unbound
DD_DesertBrute,DD_DesertBrute,Gravebreaker Brute,Enemy,,true,5.0,5.0,,4.156,datamine,,,legacy_unbound
DD_DesertNomad,DD_DesertNomad,Sandsworn Husk,Enemy,Leather,true,2.0,2.0,,2.0612,datamine,,,legacy_unbound
DD_DesertWarrior,DD_DesertWarrior,Tombguard Reaver,Elite,Plate,true,3.0,3.0,,3.2715,datamine,,,legacy_unbound
DD_NightboundMagi,DD_NightboundMagi,Nightbound Magi,Elite,Cloth,true,5.0,5.0,,4.4541,datamine,,,legacy_unbound
DD_WitheringMagi,DD_WitheringMagi,Acolyte of Sinnari,Enemy,Leather,true,3.0,3.0,,2.6887,datamine,,,legacy_unbound
DR_BarbedRoot,DR_BarbedRoot,Twisted Root,Enemy,,true,0.0,0.0,,1.9143,datamine,,,legacy_unbound
DR_BloodfangMauler,DR_BloodfangMauler,Bloodfang,Enemy,Leather,true,3.0,3.0,,2.2608,datamine,,,legacy_unbound
DR_BossCultLeader,DR_BossCultLeader,Prophet Ez'rath,Boss,Cloth,true,0.0,45.0,,17.17956,datamine,,,legacy_unbound
DR_BossDemonPlant,DR_BossDemonPlant,"Vun’Kahr, the Thorned Maw",Boss,,true,0.0,45.0,,25.98048,datamine,,,legacy_unbound
DR_BossGateWizard,DR_BossGateWizard,"Moar'gore, Master of Sacrifice",Boss,Cloth,true,0.0,45.0,,20.298,datamine,,,legacy_unbound
DR_BossSummonedDemon_Portal,DR_BossSummonedDemon_Portal,Demonic Portal,Elite,Leather,true,0.0,0.0,2000.0,,datamine,,,legacy_unbound
DR_BurningDemon,DR_BurningDemon,Invading Immolite,Enemy,Leather,true,0.0,0.0,1800.0,,datamine,,,legacy_unbound
DR_CultistCaster,DR_CultistCaster,Profane Invoker,Enemy,Leather,true,3.0,3.0,,2.5009,datamine,,,legacy_unbound
DR_CultistInitiate,DR_CultistInitiate,Initiate,Enemy,Leather,true,1.0,1.0,,0.6685,datamine,,,legacy_unbound
DR_CultistMajorCaster,DR_CultistMajorCaster,Hellcaller,Elite,Leather,true,4.0,4.0,,3.088,datamine,,,legacy_unbound
DR_CultistSickle,DR_CultistSickle,Sickle,Enemy,Leather,true,1.0,1.0,,1.28754,datamine,,,legacy_unbound
DR_DangerousBrute,DR_DangerousBrute,Executioner,Elite,Leather,true,5.0,5.0,,4.391,datamine,,,legacy_unbound
DR_FlyingImp,DR_FlyingImp,Flying Imp,Enemy,Leather,true,,,,,datamine,,,legacy_unbound
DR_HornedDemon,DR_HornedDemon,Hulking Bulgore,Enemy,Leather,true,4.0,4.0,,3.5898,datamine,,,legacy_unbound
DR_Mancatcher,DR_Mancatcher,Bloodfang Raider,Enemy,Leather,true,3.0,3.0,,2.33,datamine,,,legacy_unbound
DR_Ritualist,DR_Ritualist,Chosen,Enemy,Leather,true,0.0,0.0,,1.0647,datamine,,,legacy_unbound
DR_RuinsLasher,DR_RuinsLasher,Ruins Lasher,Enemy,Leather,true,1.0,1.0,,1.3532,datamine,,,legacy_unbound
DR_Slaughtervine,DR_Slaughtervine,Slaughtervine,Enemy,Leather,true,1.0,1.0,,1.44,datamine,,,legacy_unbound
DR_WaveSummoner,DR_WaveSummoner,Demonic Portal,Enemy,Leather,true,,,,,datamine,,,legacy_unbound
EM_BossGiantTroll,EM_BossGiantTroll,Godfall Titan,Boss,,false,0.0,45.0,,21.294,datamine,,,legacy_unbound
EM_BossVaerith,EM_BossVaerith,Vaerith Vorn,Boss,,true,0.0,3.0,,3.0,datamine,,,legacy_unbound
FK_BossElfDragon,FK_BossElfDragon,Cithrel,Boss,Leather,true,0.0,45.0,,27.37413,datamine,,,legacy_unbound
FK_BossFreezingWaterLord,FK_BossFreezingWaterLord,Ancient Koros,Boss,,true,0.0,45.0,,21.6231,datamine,,,legacy_unbound
FK_BossMirroredRangerCaptain,FK_BossMirroredRangerCaptain,Mirrored Ranger Captain,Elite,Leather,true,0.0,3.0,,0.915,datamine,,,legacy_unbound
FK_BossRangerCaptain,FK_BossRangerCaptain,"Noor, The Betrayer",Boss,Leather,true,0.0,45.0,,22.5522,datamine,,,legacy_unbound
FK_ElfCleric,FK_ElfCleric,Corrupter,Elite,Cloth,true,5.0,5.0,,4.256,datamine,,,legacy_unbound
FK_ElfDuelist,FK_ElfDuelist,Blade of Cithrel,Elite,Leather,true,3.0,3.0,,3.2265,datamine,,,legacy_unbound
FK_ElfGoon,FK_ElfGoon,Eldrin Recruit,Enemy,Plate,true,1.0,2.0,,1.8283,datamine,,,legacy_unbound
FK_ElfGuard,FK_ElfGuard,Eldrin Sentinel,Elite,Plate,true,3.0,3.0,,3.653,datamine,,,legacy_unbound
FK_ElfIllusionist,FK_ElfIllusionist,Deceitful Scholar,Elite,Cloth,true,5.0,5.0,,4.5306,datamine,,,legacy_unbound
FK_ElfRanger,FK_ElfRanger,Tundra Stalker,Elite,Leather,true,2.0,2.0,,2.5735,datamine,,,legacy_unbound
FK_IceGolem,FK_IceGolem,Spellbound Golem,Elite,Leather,true,5.0,4.0,,4.182,datamine,,,legacy_unbound
FK_IceShardling,FK_IceShardling,Ice Shardling,Enemy,Leather,true,1.0,1.0,,0.6877,datamine,,,legacy_unbound
FM_AshenArsonist,FM_AshenArsonist,Ashen Firestarter,Enemy,Leather,true,,,,,datamine,,,legacy_unbound
FM_Bear,FM_Bear,Grizzled Bear,Enemy,Plate,true,,,,,datamine,,,legacy_unbound
FM_BullyBasher,FM_BullyBasher,"Lunk, the Bully",Elite,,true,,,,,datamine,,,legacy_unbound
FM_Facestabber,FM_Facestabber,Knife Prodder,Enemy,,true,,,,,datamine,,,legacy_unbound
FM_FrenziedLooter,FM_FrenziedLooter,Frenzied Scavenger,Enemy,Leather,true,,,,,datamine,,,legacy_unbound
FM_GravesnareKidnapper,FM_GravesnareKidnapper,Itsy Bitsy Spider,Elite,,true,,,,,datamine,,,legacy_unbound
FM_Invoker,FM_Invoker,Invoker,Enemy,Leather,true,,,,,datamine,,,legacy_unbound
FM_Pillager,FM_Pillager,Pillager,Enemy,Leather,true,,,,,datamine,,,legacy_unbound
FM_RotheartRecluse,FM_RotheartRecluse,Rotheart Widow,Enemy,,true,,,,,datamine,,,legacy_unbound
FM_Shinchopper,FM_Shinchopper,Bonechopper,Enemy,,true,,,,,datamine,,,legacy_unbound
FM_Slaver,FM_Slaver,Brogg's Messenger,Elite,Leather,true,,,,,datamine,,,legacy_unbound
FM_Spiderling,FM_Spiderling,Spiderling,Enemy,,true,,,,,datamine,,,legacy_unbound
FM_Stag,FM_Stag,Redhart Stag,Enemy,Plate,true,,,,,datamine,,,legacy_unbound
FM_Wolf,FM_Wolf,Boreal Wolf,Enemy,Plate,true,,,,,datamine,,,legacy_unbound
IC_Assassin,IC_Assassin,Coldheart Assassin,Elite,Leather,true,3.0,3.0,,2.1203,datamine,,,legacy_unbound
IC_BossMagistrate,IC_BossMagistrate,Apostate Veras,Boss,Leather,true,0.0,45.0,,19.79514,datamine,,,legacy_unbound
IC_GlacialSprite,IC_GlacialSprite,Frozen Remnant,Enemy,Leather,true,1.0,1.0,,1.0256,datamine,,,legacy_unbound
IC_GreaterIceElemental,IC_GreaterIceElemental,Greater Ice Elemental,Elite,Leather,true,8.0,8.0,,5.819,datamine,,,legacy_unbound
IC_Healer,IC_Healer,Eldrin Chronomancer,Elite,Cloth,true,4.0,4.0,,4.169,datamine,,,legacy_unbound
IC_Lookout,IC_Lookout,Expedition Lookout,Enemy,Leather,true,1.0,1.0,,0.7128,datamine,,,legacy_unbound
JS_NPCRime,JS_NPCRime,Rime,Enemy,Leather,false,0.0,0.0,,3.0,datamine,,,legacy_unbound
JS_NPCSylvie,JS_NPCSylvie,Sylvie,,,false,0.0,0.0,,3.0,datamine,,,legacy_unbound
JS_TutorialGoblin,JS_TutorialGoblin,Orc Bandit,Enemy,Leather,false,0.0,0.0,,0.12,datamine,,,legacy_unbound
JS_TutorialOrc,JS_TutorialOrc,Orc Brawler,Enemy,Leather,false,0.0,0.0,,1.0,datamine,,,legacy_unbound
JS_TutorialOrcCaster,JS_TutorialOrcCaster,Orc Spellcaster,Enemy,Leather,false,0.0,0.0,,1.5,datamine,,,legacy_unbound
JS_TutorialSmallGoblin,JS_TutorialSmallGoblin,Orc Lookout,Enemy,Leather,false,0.0,0.0,,0.05,datamine,,,legacy_unbound
JS_TutorialTroll,JS_TutorialTroll,Troll Wagonsmasher,Enemy,Leather,false,0.0,0.0,,3.6,datamine,,,legacy_unbound
MC_BloodAnimation,MC_BloodAnimation,Sanguine Sybling,Enemy,Cloth,true,0.0,0.0,,0.7238,datamine,,,legacy_unbound
MC_BloodCaster,MC_BloodCaster,Heskyr Magus,Enemy,,true,4.0,4.0,,4.134,datamine,,,legacy_unbound
MC_BloodCrystal,MC_BloodCrystal,Blood Crystal,Elite,Plate,true,0.0,0.0,,3.653,datamine,,,legacy_unbound
MC_BloodGrunt,MC_BloodGrunt,Heskyr Brood,Enemy,,true,1.5,1.5,,1.7251,datamine,,,legacy_unbound
MC_BloodGuard,MC_BloodGuard,Heskyr Zealot,Elite,Plate,true,4.0,4.0,,2.953,datamine,,,legacy_unbound
MC_BloodHound,MC_BloodHound,Stalking Grim,Enemy,Leather,true,2.5,2.5,,1.9608,datamine,,,legacy_unbound
MC_BloodSummoner,MC_BloodSummoner,Sanguine Disciple,Elite,Cloth,true,6.0,6.0,,5.534,datamine,,,legacy_unbound
MC_BossGuardian,MC_BossGuardian,"Xurath, Fist of the Warden",Boss,Leather,true,0.0,45.0,,24.3174,datamine,,,legacy_unbound
MC_WanderingGhostGuard,MC_WanderingGhostGuard,Restless Protector,Enemy,,true,2.0,2.0,,3.412,datamine,,,legacy_unbound
MC_WanderingGhostPriest,MC_WanderingGhostPriest,Meandering Acolyte,Enemy,,true,2.0,2.0,,2.245,datamine,,,legacy_unbound
MC_WanderingGhostWarrior,MC_WanderingGhostWarrior,Undying Champion,Enemy,,true,2.0,2.0,,2.675,datamine,,,legacy_unbound
MF_BlightedMorningGlory,MF_BlightedMorningGlory,Blighted Dawnbloom,Enemy,,true,2.0,2.0,,1.59858,datamine,,,legacy_unbound
MF_BossNecrolord,MF_BossNecrolord,Malgut the Fetid,Boss,Cloth,true,0.0,45.0,,22.1965,datamine,,,legacy_unbound
MF_BossTotem,MF_BossTotem,Bloodstone Totem,Boss,,true,0.0,0.0,,0.78,datamine,,,legacy_unbound
MF_BossUnicorn,MF_BossUnicorn,Akari the Everdawn Lord,Boss,,true,0.0,0.0,,6.1289,datamine,,,legacy_unbound
MF_DawnstoneGuardian,MF_DawnstoneGuardian,Bloodstone Goliath,Elite,,true,5.0,5.0,,4.837,datamine,,,legacy_unbound
MF_FoulTotemic,MF_FoulTotemic,Corrupted Totemic,Elite,,true,4.0,4.0,,3.2023,datamine,,,legacy_unbound
MF_MangyBrute,MF_MangyBrute,Mangy Brute,Enemy,,true,1.0,1.0,,1.3898,datamine,,,legacy_unbound
MF_Skittershard,MF_Skittershard,Skittershard,Enemy,,true,1.0,1.0,,0.7965,datamine,,,legacy_unbound
MF_Totem,MF_Totem,Bloodstone Totem,Enemy,,true,0.0,0.0,,0.78,datamine,,,legacy_unbound
NP_BossHellcaller,NP_BossHellcaller,Warlord Brogg,Boss,Leather,true,0.0,45.0,,20.4755,datamine,,,legacy_unbound
NP_BullyBasher,NP_BullyBasher,Bully Basher,Enemy,,true,4.0,4.0,,3.2411,datamine,,,legacy_unbound
NP_Facestabber,NP_Facestabber,Facestabber,Enemy,,true,2.0,2.0,,1.7403,datamine,,,legacy_unbound
NP_HalfMancatcher,NP_HalfMancatcher,Mancatcher,Enemy,Leather,true,2.0,2.0,,1.4943,datamine,,,legacy_unbound
NP_Shinchopper,NP_Shinchopper,Shinchopper,Enemy,,true,1.0,1.0,,1.4306,datamine,,,legacy_unbound
NP_Stormscreamer,NP_Stormscreamer,Stormscreamer,Elite,,true,3.0,3.0,,2.4254,datamine,,,legacy_unbound
PR_BarbarousLasher,PR_BarbarousLasher,Barbarous Lasher,Enemy,,true,5.0,5.0,,4.143,datamine,,,legacy_unbound
PR_Bilgerat,PR_Bilgerat,Bilgerat,Enemy,,true,4.0,4.0,,2.2757,datamine,,,legacy_unbound
PR_BlunderbussPirate,PR_BlunderbussPirate,Soulpowder Buccaneer,Enemy,Leather,true,3.0,3.0,,2.0792,datamine,,,legacy_unbound
PR_BossAnchor,PR_BossAnchor,First Mate Marrow,Boss,Leather,true,0.0,45.0,,21.957,datamine,,,legacy_unbound
PR_BossPirateCaptain,PR_BossPirateCaptain,Deathless Katrine,Boss,Leather,true,0.0,22.0,,10.5495,datamine,,,legacy_unbound
PR_BossTreasureDemon,PR_BossTreasureDemon,Bael'Aurum,Boss,Leather,true,0.0,45.0,,21.6116,datamine,,,legacy_unbound
PR_CannonPirate,PR_CannonPirate,Scuttlejack Cannoneer,Enemy,Leather,true,5.0,5.0,,3.2124,datamine,,,legacy_unbound
PR_GoldenConstructVolatile,PR_GoldenConstructVolatile,Greedbound Prism,Elite,Leather,true,2.0,2.0,,2.3261,datamine,,,legacy_unbound
PR_PirateGrunt,PR_PirateGrunt,Gravescythe,Enemy,,true,2.5,2.0,,2.3251,datamine,,,legacy_unbound
PR_PossessedArmor,PR_PossessedArmor,Greedspawn Sentinel,Enemy,,true,5.0,5.0,,5.212,datamine,,,legacy_unbound
PR_Scallywag,PR_Scallywag,Saltsworn Scallywag,Enemy,Leather,true,2.0,2.0,,1.7044,datamine,,,legacy_unbound
PR_Shark,PR_Shark,Shark,Enemy,,true,0.0,1.0,,0.613,datamine,,,legacy_unbound
PR_ShipRat,PR_ShipRat,Gunpowder Rat,Enemy,,true,0.0,0.0,,0.3,datamine,,,legacy_unbound
PR_SpectralSwab,PR_SpectralSwab,Spectral Swab,Enemy,,true,0.0,0.0,,1.0,datamine,,,legacy_unbound
PR_Swashbuckler,PR_Swashbuckler,Bleachbone Brute,Enemy,,true,4.0,4.0,,3.4771,datamine,,,legacy_unbound
PR_TigerCat,PR_TigerCat,Jungle Stalker,Enemy,,true,3.0,3.0,,2.4529,datamine,,,legacy_unbound
PR_WaterCaster,PR_WaterCaster,Tide Witch,Enemy,,true,5.0,5.0,,2.3822,datamine,,,legacy_unbound
SG_BossSiren,SG_BossSiren,Sinthara,Boss,Leather,true,0.0,45.0,,21.4767,datamine,,,legacy_unbound
SG_CoralLasher,SG_CoralLasher,Witchreef Lasher,Enemy,Leather,true,1.0,1.0,,1.1128,datamine,,,legacy_unbound
SG_DrownedSailor,SG_DrownedSailor,Vengeful Shade,Elite,Plate,true,3.0,3.0,,2.053,datamine,,,legacy_unbound
SG_EchoingSpirit,SG_EchoingSpirit,Tormented Spectre,Enemy,Leather,true,2.0,2.0,,2.1293,datamine,,,legacy_unbound
SG_EchoingSpiritGhost,SG_EchoingSpiritGhost,Premonition,,,true,0.0,1.0,,2.289,datamine,,,legacy_unbound
SG_GhostCorpse,SG_GhostCorpse,Lost Soul,Enemy,Leather,true,0.5,1.0,,0.8269,datamine,,,legacy_unbound
SG_GhostEruptor,SG_GhostEruptor,Deepbound Magi,Elite,Cloth,true,5.0,5.0,,4.54,datamine,,,legacy_unbound
SG_GhostFerventSoldier,SG_GhostFerventSoldier,Fading Raider,Enemy,Leather,true,2.0,2.0,,2.5552,datamine,,,legacy_unbound
SG_GhostOrc,SG_GhostOrc,Hollowed Corsair,Elite,Leather,true,5.0,5.0,,3.3685,datamine,,,legacy_unbound
SG_WaterElemental,SG_WaterElemental,Water Elemental,Enemy,,true,3.0,3.0,,3.6846,datamine,,,legacy_unbound
SH_BossSpider,SH_BossSpider,"Vexira, Mother of Nightmares",Boss,,true,0.0,45.0,,18.93086,datamine,,,legacy_unbound
SH_CarrionHorror,SH_CarrionHorror,Carrion Horror,Elite,,true,5.0,5.0,,4.66,datamine,,,legacy_unbound
SH_Eggbearer,SH_Eggbearer,Eggbearer,Enemy,,true,2.0,2.0,,1.4306,datamine,,,legacy_unbound
SH_GravesnareKidnapper,SH_GravesnareKidnapper,Gravesnare Kidnapper,Enemy,,true,4.0,4.0,,3.2457,datamine,,,legacy_unbound
SH_QuiveringEggSac,SH_QuiveringEggSac,Quivering Egg Sac,,,false,,,,1.0,datamine,,,legacy_unbound
SH_RotheartRecluse,SH_RotheartRecluse,Rotheart Recluse,Enemy,,true,3.0,3.0,,2.0115,datamine,,,legacy_unbound
SH_Spiderling,SH_Spiderling,Spiderling,Enemy,,true,0.0,0.0,,0.4834,datamine,,,legacy_unbound
SH_Venomdrinker,SH_Venomdrinker,Venomdrinker,Enemy,,true,3.0,3.0,,2.3271,datamine,,,legacy_unbound
SP_BossMarcass,SP_BossMarcass,Overlord Varux,Boss,Plate,true,0.0,45.0,,20.6517,datamine,,,legacy_unbound
SP_FrostWolf,SP_FrostWolf,Dire Wolf,Enemy,,true,2.0,2.0,,2.601,datamine,,,legacy_unbound
SP_PolarBear,SP_PolarBear,Glacial Bear,Enemy,,true,7.0,7.0,,4.623,datamine,,,legacy_unbound
ST_BigBloodElemental,ST_BigBloodElemental,Heart of Rot,Enemy,,true,6.0,6.0,,4.6233,datamine,,,legacy_unbound
ST_BloodBrute,ST_BloodBrute,Crimson Abomination,Enemy,,true,0.0,5.0,,8.345,datamine,,,legacy_unbound
ST_BloodCreation,ST_BloodCreation,Clot Spawn,Enemy,,true,0.0,5.0,,0.34,datamine,,,legacy_unbound
ST_BloodCreationBig,ST_BloodCreationBig,Greater Clot Spawn,Enemy,,true,0.0,5.0,,1.36,datamine,,,legacy_unbound
ST_BloodOrb,ST_BloodOrb,Blood Orb,,,true,0.0,,,0.8,datamine,,,legacy_unbound
ST_BossArbiter,ST_BossArbiter,"Vel’korath the Sanctified, Vision of the Covenant",Boss,,true,0.0,45.0,,40.3967,datamine,,,legacy_unbound
ST_BossArbiterIllusion,ST_BossArbiterIllusion,Vessel of Vel'korath,Enemy,,true,0.0,,,50.3967,datamine,,,legacy_unbound
ST_BossDefenseEye,ST_BossDefenseEye,"Han-Eth, Sentry of Xul",Boss,,true,0.0,45.0,,36.59505,datamine,,,legacy_unbound
ST_BossGateKeeper,ST_BossGateKeeper,"Xul’vorith, Sentinel of the Bloodbound Gate",Boss,,true,0.0,45.0,,30.59505,datamine,,,legacy_unbound
ST_SanguineCrusher,ST_SanguineCrusher,Sanguine Crusher,Elite,,true,6.0,6.0,,5.5404,datamine,,,legacy_unbound
ST_SmallBloodElemental,ST_SmallBloodElemental,Sanguine Echo,Enemy,,true,2.0,2.0,,1.291,datamine,,,legacy_unbound
Shared_PolymorphChickenLarge,Shared_PolymorphChickenLarge,Large Chicken,,,false,0.0,0.0,,3.12,datamine,,,legacy_unbound
Shared_PolymorphChickenMedium,Shared_PolymorphChickenMedium,Medium Chicken,Elite,Plate,true,0.0,0.0,,2.07,datamine,,,legacy_unbound
Shared_PolymorphChickenSmall,Shared_PolymorphChickenSmall,Small Chicken,,,false,0.0,0.0,,0.91,datamine,,,legacy_unbound
UB_BossLifebringer,UB_BossLifebringer,Lifebringer,Boss,Cloth,true,0.0,30.0,45000.0,,datamine,,,legacy_unbound
UB_BossLifebringerCaster,UB_BossLifebringerCaster,Caster,Elite,Leather,true,0.0,30.0,8000.0,,datamine,,,legacy_unbound
UB_BossLifebringerLunatic,UB_BossLifebringerLunatic,Lunatic,Elite,Leather,true,0.0,30.0,8000.0,,datamine,,,legacy_unbound
UB_BossLifebringerWarrior,UB_BossLifebringerWarrior,Warrior,Elite,Mail,true,0.0,30.0,8000.0,,datamine,,,legacy_unbound
UB_BossMarcassCreeMinion,UB_BossMarcassCreeMinion,Skullsaber,Enemy,Cloth,true,0.0,1.0,47000.0,,datamine,,,legacy_unbound
UB_BossOperator,UB_BossOperator,Operator X,Boss,,true,0.0,30.0,45000.0,,datamine,,,legacy_unbound
UB_BossSiegeGraveyard,UB_BossSiegeGraveyard,Boss Siege Graveyard,Boss,Leather,true,0.0,30.0,24075.0,,datamine,,,legacy_unbound
UB_BossWarMachine,UB_BossWarMachine,War Machine,Boss,,true,0.0,30.0,45000.0,,datamine,,,legacy_unbound
UB_DefendingArcher,UB_DefendingArcher,Defending Archer,,Leather,true,0.0,0.0,3800.0,,datamine,,,legacy_unbound
UB_DefendingCleric,UB_DefendingCleric,Defending Cleric,,Leather,true,0.0,0.0,3600.0,,datamine,,,legacy_unbound
UB_DefendingKnight,UB_DefendingKnight,Defending Knight,,Leather,true,0.0,0.0,4000.0,,datamine,,,legacy_unbound
UB_FallenCleric,UB_FallenCleric,Fallen Cleric,Enemy,Leather,true,4.0,4.0,4400.0,,datamine,,,legacy_unbound
UB_FerventSoldier,UB_FerventSoldier,Fervent Soldier,Enemy,Leather,true,2.0,2.0,,2.5552,datamine,,,legacy_unbound
UB_MinionRepairBot,UB_MinionRepairBot,Repair Bot,Elite,Plate,true,0.0,1.0,2000.0,,datamine,,,legacy_unbound
UB_NecroticMass,UB_NecroticMass,Necrotic Mass,Enemy,Leather,true,5.0,5.0,5000.0,,datamine,,,legacy_unbound
UB_RaisedKnight,UB_RaisedKnight,Raised Knight,Enemy,Leather,true,2.0,2.0,5000.0,,datamine,,,legacy_unbound
UB_ReanimatedArcher,UB_ReanimatedArcher,Reanimated Archer,Enemy,Leather,true,3.0,3.0,,1.829,datamine,,,legacy_unbound
UB_SoulstainedShambler,UB_SoulstainedShambler,Shambler,Enemy,Leather,true,1.0,1.0,2400.0,,datamine,,,legacy_unbound
UC_BossArchbishop,UC_BossArchbishop,Sin-Magir,Boss,Leather,true,0.0,45.0,,22.1188,datamine,,,legacy_unbound
UC_EvilSpirit,UC_EvilSpirit,Dire Rat,Enemy,Cloth,true,1.0,1.0,,0.703,datamine,,,legacy_unbound
UC_RottenWretchHands,UC_RottenWretchHands,Rotten Wretch,Enemy,Leather,true,1.0,1.0,800.0,,datamine,,,legacy_unbound
UM_BossDrazhulTheFleshbroker,UM_BossDrazhulTheFleshbroker,Drazhul the Fleshbroker,Boss,Leather,true,0.0,23.0,,12.9152,datamine,,,legacy_unbound
UM_BossSladetraderBrull,UM_BossSladetraderBrull,Slavetrader Brull,Boss,Leather,true,0.0,22.0,,11.6314,datamine,,,legacy_unbound
UM_Desecrater,UM_Desecrater,Desecrator,Enemy,Leather,true,3.0,3.0,,2.3073,datamine,,,legacy_unbound
UM_GorestainedButcher,UM_GorestainedButcher,Gorestained Butcher,Elite,,true,5.0,5.0,,4.377,datamine,,,legacy_unbound
UM_HornedSeer,UM_HornedSeer,Horned Seer,Enemy,,true,3.0,3.0,,2.4097,datamine,,,legacy_unbound
UM_Outrunner,UM_Outrunner,Outrunner,Enemy,Plate,true,2.0,2.0,,1.4943,datamine,,,legacy_unbound
UM_SlaveCage,UM_SlaveCage,Slavebind Totem,Enemy,,true,4.0,4.0,,0.25,datamine,,,legacy_unbound
UM_UrrakSlaver,UM_UrrakSlaver,Urrak Slaver,Enemy,Leather,true,3.0,3.0,,2.8845,datamine,,,legacy_unbound
UM_UrrakWitch,UM_UrrakWitch,Urrak Witch,Enemy,,true,4.0,4.0,,2.9356,datamine,,,legacy_unbound
VV_BlackburnMystic,VV_BlackburnMystic,Bleakfrost Mystic,Enemy,Leather,true,4.0,4.0,,2.1293,datamine,,,legacy_unbound
VV_BlackburnSlaver,VV_BlackburnSlaver,Bleakfrost Slaver,Enemy,Leather,true,3.0,3.0,,3.0888,datamine,,,legacy_unbound
VV_BlackmistCutthroat,VV_BlackmistCutthroat,Nightmist Cutthroat,Enemy,Leather,true,3.0,3.0,,1.7952,datamine,,,legacy_unbound
VV_BlackmistShadow,VV_BlackmistShadow,Shadow of Ulmorgat,Elite,Leather,true,5.0,5.0,,3.7529,datamine,,,legacy_unbound
VV_BlackmistShadowMinion,VV_BlackmistShadowMinion,Nightmist Fiend,Enemy,,true,0.0,0.0,,1.2343,datamine,,,legacy_unbound
VV_BlackmistWhisperer,VV_BlackmistWhisperer,Nightmist Whisperer,Enemy,Leather,true,4.0,4.0,,2.402,datamine,,,legacy_unbound
VV_BossChilgar,VV_BossChilgar,Chilgar the Drowned,Boss,,true,0.0,45.0,,17.8773,datamine,,,legacy_unbound
VV_BossChilgarLargeOrb,VV_BossChilgarLargeOrb,Large Orb,Enemy,Cloth,true,,,,,datamine,,,legacy_unbound
VV_BossFrostTroll,VV_BossFrostTroll,Fodir Kaldur,Boss,Leather,true,0.0,45.0,,18.2441,datamine,,,legacy_unbound
VV_BossFrostTroll_IceBlock,VV_BossFrostTroll_IceBlock,Ice Tomb,,,true,0.0,0.0,,0.25,datamine,,,legacy_unbound
VV_BossKaldursonFire,VV_BossKaldursonFire,Kaldurson Eldsupptok,Enemy,,true,15.0,15.0,,7.2333,datamine,,,legacy_unbound
VV_BossKaldursonIce,VV_BossKaldursonIce,Kaldurson Isilagður,Enemy,,true,15.0,15.0,,7.1892,datamine,,,legacy_unbound
VV_BossVikingMystic,VV_BossVikingMystic,Auga Handhafi the Blind,Boss,Leather,true,0.0,45.0,,18.9242,datamine,,,legacy_unbound
VV_BossVikingMystic_RuneMinion1,VV_BossVikingMystic_RuneMinion1,Nightmist Fiend,Enemy,,true,0.0,1.0,,0.6375,datamine,,,legacy_unbound
VV_ChilgarSpike,VV_ChilgarSpike,Grasping Pillar,Enemy,,true,0.0,1.0,,0.6375,datamine,,,legacy_unbound
VV_ColdbrineFiend,VV_ColdbrineFiend,Coldbrine Fiend,Enemy,Leather,true,3.0,3.0,,2.5233,datamine,,,legacy_unbound
VV_CravenHiisi,VV_CravenHiisi,Craven Hiisi,Enemy,Leather,true,1.0,1.0,,1.2987,datamine,,,legacy_unbound
VV_FrenziedLooter,VV_FrenziedLooter,Frenzied Looter,Enemy,Leather,true,1.0,1.0,,1.4193,datamine,,,legacy_unbound
VV_IcebitePillager,VV_IcebitePillager,Raging Pillager,Enemy,Leather,true,2.0,2.0,,2.665,datamine,,,legacy_unbound
VV_IcebiteReaver,VV_IcebiteReaver,Icebite Reaver,Elite,Leather,true,5.0,5.0,,4.291,datamine,,,legacy_unbound
VV_SootstainedArsonist,VV_SootstainedArsonist,Ashen Arsonist,Enemy,Leather,true,3.0,3.0,,2.30897,datamine,,,legacy_unbound
